バージョン,タイトル,ジャンル,アーティスト,プレー回数,BEGINNER 難易度,BEGINNER スコア,BEGINNER PGreat,BEGINNER Great,BEGINNER ミスカウント,BEGINNER クリアタイプ,BEGINNER DJ LEVEL,NORMAL 難易度,NORMAL スコア,NORMAL PGreat,NORMAL Great,NORMAL ミスカウント,NORMAL クリアタイプ,NORMAL DJ LEVEL,HYPER 難易度,HYPER スコア,HYPER PGreat,HYPER Great,HYPER ミスカウント,HYPER クリアタイプ,HYPER DJ LEVEL,ANOTHER 難易度,ANOTHER スコア,ANOTHER PGreat,ANOTHER Great,ANOTHER ミスカウント,ANOTHER クリアタイプ,ANOTHER DJ LEVEL,LEGGENDARIA 難易度,LEGGENDARIA スコア,LEGGENDARIA PGreat,LEGGENDARIA Great,LEGGENDARIA ミスカウント,LEGGENDARIA クリアタイプ,LEGGENDARIA DJ LEVEL,最終プレー日時
1st&substream,22DUNK,TECHNO,SLAKE,0,0,0,0,0,---,NO PLAY,---,5,0,0,0,---,NO PLAY,---,5,0,0,0,---,NO PLAY,---,5,0,0,0,---,FULLCOMBO CLEAR,---,0,0,0,0,---,NO PLAY,---,2026-09-16 19:26
1st&substream,5.1.1.,PIANO AMBIENT,dj nagureo,0,0,0,0,0,---,NO PLAY,---,1,0,0,0,---,NO PLAY,---,7,0,0,0,---,NO PLAY,---,10,0,0,0,---,FULLCOMBO CLEAR,---,0,0,0,0,---,NO PLAY,---,2026-09-16 19:26
1st&substream,deep in you,DANCE POP,dj nagureo,0,0,0,0,0,---,NO PLAY,---,3,0,0,0,---,NO PLAY,---,4,0,0,0,---,NO PLAY,---,7,0,0,0,---,HARD CLEAR,---,0,0,0,0,---,NO PLAY,---,2026-09-16 19:26
1st&substream,Dr.LOVE,DANCE POP,baby weapon  feat.Asuka.M,0,0,0,0,0,---,NO PLAY,---,3,0,0,0,---,NO PLAY,---,4,0,0,0,---,FULLCOMBO CLEAR,---,0,0,0,0,---,NO PLAY,---,0,0,0,0,---,NO PLAY,---,2026-09-16 19:26
1st&substream,GAMBOL,BIG BEAT,SLAKE,0,0,0,0,0,---,NO PLAY,---,2,0,0,0,---,NO PLAY,---,2,0,0,0,---,FULLCOMBO CLEAR,---,0,0,0,0,---,NO PLAY,---,0,0,0,0,---,NO PLAY,---,2026-09-16 19:26
1st&substream,GENOM SCREAMS,TRANCE,L.E.D. LIGHT,0,0,0,0,0,---,NO PLAY,---,3,0,0,0,---,NO PLAY,---,6,0,0,0,---,NO PLAY,---,9,0,0,0,---,HARD CLEAR,---,0,0,0,0,---,NO PLAY,---,2026-09-16 19:26
1st&substream,GRADIUSIC CYBER,DIGI-ROCK,TAKA,0,0,0,0,0,---,NO PLAY,---,4,0,0,0,---,NO PLAY,---,9,0,0,0,---,NO PLAY,---,9,0,0,0,---,HARD CLEAR,---,0,0,0,0,---,NO PLAY,---,2026-09-16 19:26
1st&substream,KEEP ON MOVIN',DANCE POP,N.M.R.,0,0,0,0,0,---,NO PLAY,---,2,0,0,0,---,FULLCOMBO CLEAR,---,3,0,0,0,---,EASY CLEAR,---,0,0,0,0,---,NO PLAY,---,0,0,0,0,---,NO PLAY,---,2026-09-16 19:26
1st&substream,Macho Gang,TRIBAL HOUSE,ANAL SPYDER,0,0,0,0,0,---,NO PLAY,---,3,0,0,0,---,NO PLAY,---,11,0,0,0,---,HARD CLEAR,---,11,0,0,0,---,HARD CLEAR,---,0,0,0,0,---,NO PLAY,---,2026-09-16 19:26
1st&substream,PARANOIA MAX～DIRTY MIX～,JUNGLE,190,0,0,0,0,0,---,NO PLAY,---,3,0,0,0,---,NO PLAY,---,6,0,0,0,---,NO PLAY,---,9,0,0,0,---,ASSIST CLEAR,---,0,0,0,0,---,NO PLAY,---,2026-09-16 19:26
1st&substream,R3,RAVE,tiger YAMATO,0,0,0,0,0,---,NO PLAY,---,4,0,0,0,---,NO PLAY,---,6,0,0,0,---,NO PLAY,---,8,0,0,0,---,HARD CLEAR,---,0,0,0,0,---,NO PLAY,---,2026-09-16 19:26
1st&substream,RUGGED ASH,FUTURE JAZZ,SYMPHONIC DEFOGGERS,0,0,0,0,0,---,NO PLAY,---,3,0,0,0,---,NO PLAY,---,4,0,0,0,---,NO PLAY,---,9,0,0,0,---,FULLCOMBO CLEAR,---,12,0,0,0,---,EX HARD CLEAR,---,2026-09-16 19:26
1st&substream,THE EARTH LIGHT,TRANCE,L.E.D. LIGHT,0,0,0,0,0,---,NO PLAY,---,5,0,0,0,---,NO PLAY,---,10,0,0,0,---,HARD CLEAR,---,7,0,0,0,---,NO PLAY,---,0,0,0,0,---,NO PLAY,---,2026-09-16 19:26
2nd style,.59,CHILL OUT,dj TAKA,0,0,0,0,0,---,NO PLAY,---,4,0,0,0,---,NO PLAY,---,6,0,0,0,---,NO PLAY,---,7,0,0,0,---,HARD CLEAR,---,0,0,0,0,---,NO PLAY,---,2026-09-16 19:26
2nd style,Digital MinD(A/T Libra mix),MINIMAL,TaQ,0,0,0,0,0,---,NO PLAY,---,4,0,0,0,---,NO PLAY,---,8,0,0,0,---,HARD CLEAR,---,0,0,0,0,---,NO PLAY,---,0,0,0,0,---,NO PLAY,---,2026-09-16 19:26
2nd style,Electro Tuned(the SubS mix),BIG BEAT,TaQ,0,0,0,0,0,---,NO PLAY,---,6,0,0,0,---,NO PLAY,---,9,0,0,0,---,HARD CLEAR,---,0,0,0,0,---,NO PLAY,---,0,0,0,0,---,NO PLAY,---,2026-09-16 19:26
2nd style,I Was The One,ITALO HOUSE,good-cool,0,0,0,0,0,---,NO PLAY,---,2,0,0,0,---,NO PLAY,---,2,0,0,0,---,FULLCOMBO CLEAR,---,0,0,0,0,---,NO PLAY,---,0,0,0,0,---,NO PLAY,---,2026-09-16 19:26
2nd style,Indigo Vision(full flavour hide around mix),GOA TRANCE,TaQ,0,0,0,0,0,---,NO PLAY,---,5,0,0,0,---,NO PLAY,---,8,0,0,0,---,EX HARD CLEAR,---,0,0,0,0,---,NO PLAY,---,0,0,0,0,---,NO PLAY,---,2026-09-16 19:26
2nd style,PUT YOUR FAITH IN ME(for beatmania II),JAZZ FUNK,dj TAKA feat. UZI-LAY,0,0,0,0,0,---,NO PLAY,---,4,0,0,0,---,NO PLAY,---,7,0,0,0,---,HARD CLEAR,---,0,0,0,0,---,NO PLAY,---,0,0,0,0,---,NO PLAY,---,2026-09-16 19:26
3rd style,Don't Stop!,HAPPY HANDBAG,dj TAKA feat. JP Miles,0,0,0,0,0,---,NO PLAY,---,4,0,0,0,---,NO PLAY,---,4,0,0,0,---,FULLCOMBO CLEAR,---,0,0,0,0,---,NO PLAY,---,0,0,0,0,---,NO PLAY,---,2026-09-16 19:26
3rd style,era (nostalmix),DRUM'N'BASS,TaQ,0,0,0,0,0,---,NO PLAY,---,5,0,0,0,---,NO PLAY,---,12,0,0,0,---,HARD CLEAR,---,12,0,0,0,---,HARD CLEAR,---,0,0,0,0,---,NO PLAY,---,2026-09-16 19:26
3rd style,Holic,HARD TECHNO,TaQ,0,0,0,0,0,---,NO PLAY,---,7,0,0,0,---,NO PLAY,---,10,0,0,0,---,EX HARD CLEAR,---,12,0,0,0,---,HARD CLEAR,---,0,0,0,0,---,NO PLAY,---,2026-09-16 19:26
3rd style,Presto,PIANO AMBIENT,Osamu Kubota,0,0,0,0,0,---,NO PLAY,---,3,0,0,0,---,NO PLAY,---,8,0,0,0,---,FULLCOMBO CLEAR,---,0,0,0,0,---,NO PLAY,---,0,0,0,0,---,NO PLAY,---,2026-09-16 19:26
3rd style,R5,RAVE,tigerYAMATO with ultrabeatbox,0,0,0,0,0,---,NO PLAY,---,5,0,0,0,---,NO PLAY,---,8,0,0,0,---,HARD CLEAR,---,11,0,0,0,---,HARD CLEAR,---,0,0,0,0,---,NO PLAY,---,2026-09-16 19:26
3rd style,REINCARNATION,TRANCE,dj TAKA,0,0,0,0,0,---,NO PLAY,---,4,0,0,0,---,NO PLAY,---,5,0,0,0,---,NO PLAY,---,7,0,0,0,---,EX HARD CLEAR,---,0,0,0,0,---,NO PLAY,---,2026-09-16 19:26
3rd style,Schlagwerk,BIG BEAT,TaQ,0,0,0,0,0,---,NO PLAY,---,4,0,0,0,---,NO PLAY,---,11,0,0,0,---,EX HARD CLEAR,---,11,0,0,0,---,HARD CLEAR,---,0,0,0,0,---,NO PLAY,---,2026-09-16 19:26
3rd style,Tangerine Stream,AMBIENT,dj TAKA,0,0,0,0,0,---,NO PLAY,---,2,0,0,0,---,NO PLAY,---,3,0,0,0,---,FULLCOMBO CLEAR,---,0,0,0,0,---,NO PLAY,---,0,0,0,0,---,NO PLAY,---,2026-09-16 19:26
3rd style,THE SAFARI,WORLD HOUSE,Lion Musashi,0,0,0,0,0,---,NO PLAY,---,8,0,0,0,---,NO PLAY,---,10,0,0,0,---,HARD CLEAR,---,0,0,0,0,---,NO PLAY,---,0,0,0,0,---,NO PLAY,---,2026-09-16 19:26
4th style,250bpm,GABBA,AKIRA YAMAOKA,0,0,0,0,0,---,NO PLAY,---,4,0,0,0,---,NO PLAY,---,7,0,0,0,---,NO PLAY,---,9,0,0,0,---,HARD CLEAR,---,0,0,0,0,---,NO PLAY,---,2026-09-16 19:26
4th style,ABSOLUTE,EPIC TRANCE,dj TAKA,0,0,0,0,0,---,NO PLAY,---,6,0,0,0,---,NO PLAY,---,8,0,0,0,---,HARD CLEAR,---,11,0,0,0,---,EX HARD CLEAR,---,11,0,0,0,---,EX HARD CLEAR,---,2026-09-16 19:26
4th style,B4U,SPEED RAVE,NAOKI,0,0,0,0,0,---,NO PLAY,---,6,0,0,0,---,NO PLAY,---,8,0,0,0,---,HARD CLEAR,---,0,0,0,0,---,NO PLAY,---,0,0,0,0,---,NO PLAY,---,2026-09-16 19:26
4th style,Broken My Heart,HYPER EUROBEAT,NAOKI feat.PAULA TERRY,0,0,0,0,0,---,NO PLAY,---,4,0,0,0,---,NO PLAY,---,7,0,0,0,---,NO PLAY,---,10,0,0,0,---,HARD CLEAR,---,0,0,0,0,---,NO PLAY,---,2026-09-16 19:26
4th style,Burnin' The Floor,EURO GROOVE,NAOKI,0,0,0,0,0,---,NO PLAY,---,4,0,0,0,---,NO PLAY,---,4,0,0,0,---,NO PLAY,---,8,0,0,0,---,ASSIST CLEAR,---,0,0,0,0,---,NO PLAY,---,2026-09-16 19:26
4th style,CHECKING YOU OUT,HIP HOP,good-cool feat. JP Miles,0,0,0,0,0,---,NO PLAY,---,7,0,0,0,---,CLEAR,---,11,0,0,0,---,HARD CLEAR,---,11,0,0,0,---,HARD CLEAR,---,0,0,0,0,---,NO PLAY,---,2026-09-16 19:26
4th style,Clione,DUTCH TRANCE,kors k,0,0,0,0,0,---,NO PLAY,---,3,0,0,0,---,NO PLAY,---,4,0,0,0,---,NO PLAY,---,9,0,0,0,---,FULLCOMBO CLEAR,---,11,0,0,0,---,EX HARD CLEAR,---,2026-09-16 19:26
4th style,DXY!,TECHNO,TaQ,0,0,0,0,0,---,NO PLAY,---,6,0,0,0,---,FULLCOMBO CLEAR,---,12,0,0,0,---,HARD CLEAR,---,12,0,0,0,---,CLEAR,---,0,0,0,0,---,NO PLAY,---,2026-09-16 19:26
4th style,empathy,DRUM'N'BASS,TaQ,0,0,0,0,0,---,NO PLAY,---,4,0,0,0,---,NO PLAY,---,11,0,0,0,---,HARD CLEAR,---,0,0,0,0,---,NO PLAY,---,0,0,0,0,---,NO PLAY,---,2026-09-16 19:26
4th style,era (step mix),DRUM'N'BASS,TaQ,0,0,0,0,0,---,NO PLAY,---,4,0,0,0,---,NO PLAY,---,8,0,0,0,---,HARD CLEAR,---,12,0,0,0,---,HARD CLEAR,---,0,0,0,0,---,NO PLAY,---,2026-09-16 19:26
4th style,FLOWERS for ALBION,AMBIENT,dj TAKA,0,0,0,0,0,---,NO PLAY,---,5,0,0,0,---,NO PLAY,---,7,0,0,0,---,FULLCOMBO CLEAR,---,0,0,0,0,---,NO PLAY,---,0,0,0,0,---,NO PLAY,---,2026-09-16 19:26
4th style,HIGHER,DANCE POP,NM feat. Sunny,0,0,0,0,0,---,NO PLAY,---,4,0,0,0,---,NO PLAY,---,6,0,0,0,---,NO PLAY,---,7,0,0,0,---,EX HARD CLEAR,---,0,0,0,0,---,NO PLAY,---,2026-09-16 19:26
4th style,Hitch Hiker2,WARP HOUSE,good-cool,0,0,0,0,0,---,NO PLAY,---,5,0,0,0,---,NO PLAY,---,9,0,0,0,---,ASSIST CLEAR,---,9,0,0,0,---,NO PLAY,---,10,0,0,0,---,EX HARD CLEAR,---,2026-09-16 19:26
4th style,KAMIKAZE,TECHNO,dj nagureo,0,0,0,0,0,---,NO PLAY,---,5,0,0,0,---,NO PLAY,---,7,0,0,0,---,ASSIST CLEAR,---,10,0,0,0,---,HARD CLEAR,---,0,0,0,0,---,NO PLAY,---,2026-09-16 19:26
4th style,LOVE WILL・・・,TRANCE,riewo,0,0,0,0,0,---,NO PLAY,---,4,0,0,0,---,NO PLAY,---,6,0,0,0,---,NO PLAY,---,8,0,0,0,---,FULLCOMBO CLEAR,---,0,0,0,0,---,NO PLAY,---,2026-09-16 19:26
4th style,minimalian,MINIMAL,DETROIAN,0,0,0,0,0,---,NO PLAY,---,3,0,0,0,---,NO PLAY,---,9,0,0,0,---,HARD CLEAR,---,12,0,0,0,---,HARD CLEAR,---,0,0,0,0,---,NO PLAY,---,2026-09-16 19:26
4th style,Mr.T.(take me higher),DANCE POP,Risky Men  feat.Asuka-M,0,0,0,0,0,---,NO PLAY,---,4,0,0,0,---,NO PLAY,---,5,0,0,0,---,NO PLAY,---,10,0,0,0,---,HARD CLEAR,---,0,0,0,0,---,NO PLAY,---,2026-09-16 19:26
4th style,starmine,HAPPY HARDCORE,Ryu☆,0,0,0,0,0,---,NO PLAY,---,5,0,0,0,---,NO PLAY,---,8,0,0,0,---,HARD CLEAR,---,12,0,0,0,---,HARD CLEAR,---,0,0,0,0,---,NO PLAY,---,2026-09-16 19:26
4th style,SWEET LAB,LOUNGE HOUSE,DJ SIMON,0,0,0,0,0,---,NO PLAY,---,6,0,0,0,---,NO PLAY,---,10,0,0,0,---,NO PLAY,---,12,0,0,0,---,HARD CLEAR,---,0,0,0,0,---,NO PLAY,---,2026-09-16 19:26
4th style,Voltage (feat. Hidemaru),BIG BEAT,TaQ,0,0,0,0,0,---,NO PLAY,---,5,0,0,0,---,FULLCOMBO CLEAR,---,11,0,0,0,---,HARD CLEAR,---,0,0,0,0,---,NO PLAY,---,0,0,0,0,---,NO PLAY,---,2026-09-16 19:26
5th style,Abyss,INTELLIGENCE,dj TAKA,0,0,0,0,0,---,NO PLAY,---,7,0,0,0,---,FAILED,---,8,0,0,0,---,NO PLAY,---,9,0,0,0,---,HARD CLEAR,---,0,0,0,0,---,NO PLAY,---,2026-09-16 19:26
5th style,in my eyes,TRANCE,ric,0,0,0,0,0,---,NO PLAY,---,5,0,0,0,---,NO PLAY,---,8,0,0,0,---,NO PLAY,---,10,0,0,0,---,HARD CLEAR,---,0,0,0,0,---,NO PLAY,---,2026-09-16 19:26
5th style,LOVE AGAIN TONIGHT～for Mellisa mix～,HYPER EUROBEAT,NAOKI feat.PAULA TERRY,0,0,0,0,0,---,NO PLAY,---,4,0,0,0,---,NO PLAY,---,5,0,0,0,---,FULLCOMBO CLEAR,---,0,0,0,0,---,NO PLAY,---,0,0,0,0,---,NO PLAY,---,2026-09-16 19:26
5th style,outer wall,TECHNO,sampling masters MEGA,0,0,0,0,0,---,NO PLAY,---,5,0,0,0,---,NO PLAY,---,7,0,0,0,---,NO PLAY,---,10,0,0,0,---,HARD CLEAR,---,0,0,0,0,---,NO PLAY,---,2026-09-16 19:26
5th style,QQQ,TECHNO,TaQ,0,0,0,0,0,---,NO PLAY,---,10,0,0,0,---,HARD CLEAR,---,12,0,0,0,---,HARD CLEAR,---,0,0,0,0,---,NO PLAY,---,0,0,0,0,---,NO PLAY,---,2026-09-16 19:26
5th style,Radical Faith,BIG BEAT,TaQ,0,0,0,0,0,---,NO PLAY,---,6,0,0,0,---,NO PLAY,---,11,0,0,0,---,EX HARD CLEAR,---,10,0,0,0,---,HARD CLEAR,---,0,0,0,0,---,NO PLAY,---,2026-09-16 19:26
5th style,Real,DRUM'N'BASS,Aya,0,0,0,0,0,---,NO PLAY,---,7,0,0,0,---,NO PLAY,---,9,0,0,0,---,HARD CLEAR,---,11,0,0,0,---,EX HARD CLEAR,---,0,0,0,0,---,NO PLAY,---,2026-09-16 19:26
5th style,Regulus,INSTRUMENTAL,DJ.W,0,0,0,0,0,---,NO PLAY,---,6,0,0,0,---,NO PLAY,---,10,0,0,0,---,HARD CLEAR,---,11,0,0,0,---,HARD CLEAR,---,0,0,0,0,---,NO PLAY,---,2026-09-16 19:26
5th style,RIDE ON THE LIGHT (HI GREAT MIX),POWER FUSION,Mr.T,0,0,0,0,0,---,NO PLAY,---,5,0,0,0,---,NO PLAY,---,8,0,0,0,---,NO PLAY,---,9,0,0,0,---,HARD CLEAR,---,10,0,0,0,---,EX HARD CLEAR,---,2026-09-16 19:26
5th style,RISLIM,NEW ROMANTIC,ric,0,0,0,0,0,---,NO PLAY,---,4,0,0,0,---,NO PLAY,---,6,0,0,0,---,FULLCOMBO CLEAR,---,0,0,0,0,---,NO PLAY,---,0,0,0,0,---,NO PLAY,---,2026-09-16 19:26
5th style,Spin the disc,HOUSE,good-cool,0,0,0,0,0,---,NO PLAY,---,7,0,0,0,---,HARD CLEAR,---,10,0,0,0,---,FULLCOMBO CLEAR,---,0,0,0,0,---,NO PLAY,---,0,0,0,0,---,NO PLAY,---,2026-09-16 19:26
5th style,STILL IN MY HEART,HYPER EUROBEAT,NAOKI,0,0,0,0,0,---,NO PLAY,---,4,0,0,0,---,NO PLAY,---,6,0,0,0,---,NO PLAY,---,11,0,0,0,---,EX HARD CLEAR,---,0,0,0,0,---,NO PLAY,---,2026-09-16 19:26
5th style,still my words,AMBIENT,TaQ feat. Meg,0,0,0,0,0,---,NO PLAY,---,5,0,0,0,---,NO PLAY,---,7,0,0,0,---,FULLCOMBO CLEAR,---,0,0,0,0,---,NO PLAY,---,0,0,0,0,---,NO PLAY,---,2026-09-16 19:26
5th style,sync,TRANCE,OutPhase (TaQ/dj TAKA),0,0,0,0,0,---,NO PLAY,---,7,0,0,0,---,NO PLAY,---,9,0,0,0,---,HARD CLEAR,---,11,0,0,0,---,FULLCOMBO CLEAR,---,0,0,0,0,---,NO PLAY,---,2026-09-16 19:26
5th style,THE CUBE,DRUM'N'BASS,DJ SUWAMI,0,0,0,0,0,---,NO PLAY,---,4,0,0,0,---,NO PLAY,---,6,0,0,0,---,HARD CLEAR,---,11,0,0,0,---,EX HARD CLEAR,---,0,0,0,0,---,NO PLAY,---,2026-09-16 19:26
5th style,THE SHINING POLARIS,EPIC TRANCE,L.E.D. feat. Sana,0,0,0,0,0,---,NO PLAY,---,6,0,0,0,---,NO PLAY,---,8,0,0,0,---,FULLCOMBO CLEAR,---,0,0,0,0,---,NO PLAY,---,0,0,0,0,---,NO PLAY,---,2026-09-16 19:26
5th style,V,PROGRESSIVE,TAKA,0,0,0,0,0,---,NO PLAY,---,6,0,0,0,---,NO PLAY,---,10,0,0,0,---,HARD CLEAR,---,11,0,0,0,---,HARD CLEAR,---,0,0,0,0,---,NO PLAY,---,2026-09-16 19:26
6th style,19，November,HOUSE,good-cool,0,0,0,0,0,---,NO PLAY,---,5,0,0,0,---,NO PLAY,---,7,0,0,0,---,NO PLAY,---,10,0,0,0,---,HARD CLEAR,---,0,0,0,0,---,NO PLAY,---,2026-09-16 19:26
6th style,BALLAD FOR YOU～想いの雨～,BALLAD,NM feat.Thomas Howard,0,0,0,0,0,---,NO PLAY,---,5,0,0,0,---,NO PLAY,---,8,0,0,0,---,FULLCOMBO CLEAR,---,0,0,0,0,---,NO PLAY,---,0,0,0,0,---,NO PLAY,---,2026-09-16 19:26
6th style,Blueberry Stream,HOUSE,dj TAKA,0,0,0,0,0,---,NO PLAY,---,7,0,0,0,---,NO PLAY,---,9,0,0,0,---,NO PLAY,---,10,0,0,0,---,HARD CLEAR,---,0,0,0,0,---,NO PLAY,---,2026-09-16 19:26
6th style,Buffalo,ROCK,good-cool feat. Hideo Suwa,0,0,0,0,0,---,NO PLAY,---,4,0,0,0,---,NO PLAY,---,8,0,0,0,---,NO PLAY,---,10,0,0,0,---,EX HARD CLEAR,---,11,0,0,0,---,EX HARD CLEAR,---,2026-09-16 19:26
6th style,Colors (radio edit),TRANCE,dj TAKA,0,0,0,0,0,---,NO PLAY,---,6,0,0,0,---,NO PLAY,---,10,0,0,0,---,HARD CLEAR,---,12,0,0,0,---,EX HARD CLEAR,---,0,0,0,0,---,NO PLAY,---,2026-09-16 19:26
6th style,DIVE ～INTO YOUR HEART～,HYPER TRANCE EURO BEAT,NAOKI feat.PAULA TERRY,0,0,0,0,0,---,NO PLAY,---,5,0,0,0,---,NO PLAY,---,8,0,0,0,---,NO PLAY,---,10,0,0,0,---,HARD CLEAR,---,0,0,0,0,---,NO PLAY,---,2026-09-16 19:26
6th style,fly through the night,TRANCE,Mr.T,0,0,0,0,0,---,NO PLAY,---,4,0,0,0,---,NO PLAY,---,8,0,0,0,---,NO PLAY,---,10,0,0,0,---,HARD CLEAR,---,0,0,0,0,---,NO PLAY,---,2026-09-16 19:26
6th style,Free Style,DANCE POP,Shapes,0,0,0,0,0,---,NO PLAY,---,6,0,0,0,---,NO PLAY,---,6,0,0,0,---,EASY CLEAR,---,0,0,0,0,---,NO PLAY,---,0,0,0,0,---,NO PLAY,---,2026-09-16 19:26
6th style,Frozen Ray (original mix),TRANCE,dj TAKA,0,0,0,0,0,---,NO PLAY,---,5,0,0,0,---,NO PLAY,---,9,0,0,0,---,HARD CLEAR,---,9,0,0,0,---,HARD CLEAR,---,0,0,0,0,---,NO PLAY,---,2026-09-16 19:26
6th style,G2,DRUM'N'BASS,Aya,0,0,0,0,0,---,NO PLAY,---,6,0,0,0,---,NO PLAY,---,7,0,0,0,---,NO PLAY,---,12,0,0,0,---,HARD CLEAR,---,0,0,0,0,---,NO PLAY,---,2026-09-16 19:26
6th style,Linus,LOUNGE POP,LEGO STUDIO,0,0,0,0,0,---,NO PLAY,---,5,0,0,0,---,FULLCOMBO CLEAR,---,9,0,0,0,---,NO PLAY,---,11,0,0,0,---,HARD CLEAR,---,0,0,0,0,---,NO PLAY,---,2026-09-16 19:26
6th style,NEMESIS,TECHNO,D.J.SETUP,0,0,0,0,0,---,NO PLAY,---,7,0,0,0,---,ASSIST CLEAR,---,10,0,0,0,---,HARD CLEAR,---,12,0,0,0,---,EASY CLEAR,---,0,0,0,0,---,NO PLAY,---,2026-09-16 19:26
6th style,route 80s,NOISY,sampling masters MEGA,0,0,0,0,0,---,NO PLAY,---,7,0,0,0,---,HARD CLEAR,---,11,0,0,0,---,HARD CLEAR,---,12,0,0,0,---,HARD CLEAR,---,0,0,0,0,---,NO PLAY,---,2026-09-16 19:26
6th style,SOMETHING WONDERFUL,EPIC TRANCE,L.E.D.,0,0,0,0,0,---,NO PLAY,---,4,0,0,0,---,NO PLAY,---,8,0,0,0,---,NO PLAY,---,11,0,0,0,---,EX HARD CLEAR,---,0,0,0,0,---,NO PLAY,---,2026-09-16 19:26
6th style,Summer Vacation(CU mix),TRIP HOP,OutPhase,0,0,0,0,0,---,NO PLAY,---,9,0,0,0,---,HARD CLEAR,---,12,0,0,0,---,HARD CLEAR,---,0,0,0,0,---,NO PLAY,---,0,0,0,0,---,NO PLAY,---,2026-09-16 19:26
6th style,Take It Easy,INSTRUMENTAL,Aya,0,0,0,0,0,---,NO PLAY,---,6,0,0,0,---,NO PLAY,---,11,0,0,0,---,EX HARD CLEAR,---,0,0,0,0,---,NO PLAY,---,0,0,0,0,---,NO PLAY,---,2026-09-16 19:26
6th style,VJ ARMY,ALL MIX,good-cool,0,0,0,0,0,---,NO PLAY,---,6,0,0,0,---,NO PLAY,---,8,0,0,0,---,NO PLAY,---,10,0,0,0,---,ASSIST CLEAR,---,0,0,0,0,---,NO PLAY,---,2026-09-16 19:26
6th style,こっちを向いてよ,SOUL,vivi,0,0,0,0,0,---,NO PLAY,---,6,0,0,0,---,NO PLAY,---,9,0,0,0,---,EASY CLEAR,---,11,0,0,0,---,HARD CLEAR,---,0,0,0,0,---,NO PLAY,---,2026-09-16 19:26
7th style,A,RENAISSANCE,D.J.Amuro,0,0,0,0,0,---,NO PLAY,---,8,0,0,0,---,HARD CLEAR,---,11,0,0,0,---,HARD CLEAR,---,12,0,0,0,---,HARD CLEAR,---,0,0,0,0,---,NO PLAY,---,2026-09-16 19:26
7th style,AVE DE RAPINA,ALTERNATIVE HOUSE,Shawn The Horny Master,0,0,0,0,0,---,NO PLAY,---,8,0,0,0,---,NO PLAY,---,10,0,0,0,---,EX HARD CLEAR,---,0,0,0,0,---,NO PLAY,---,0,0,0,0,---,NO PLAY,---,2026-09-16 19:26
7th style,Bad Routine,FILTER HOUSE,D.J. Spugna,0,0,0,0,0,---,NO PLAY,---,6,0,0,0,---,NO PLAY,---,7,0,0,0,---,NO PLAY,---,9,0,0,0,---,EX HARD CLEAR,---,0,0,0,0,---,NO PLAY,---,2026-09-16 19:26
7th style,Burning Heat! (Full Option Mix),12 BEAT,Mr.T with Motoaki.F,0,0,0,0,0,---,NO PLAY,---,4,0,0,0,---,NO PLAY,---,5,0,0,0,---,NO PLAY,---,9,0,0,0,---,EX HARD CLEAR,---,0,0,0,0,---,NO PLAY,---,2026-09-16 19:26
7th style,Cheer Train,BIG BEAT,Fuzita Blender,0,0,0,0,0,---,NO PLAY,---,4,0,0,0,---,NO PLAY,---,6,0,0,0,---,NO PLAY,---,12,0,0,0,---,CLEAR,---,0,0,0,0,---,NO PLAY,---,2026-09-16 19:26
7th style,foreplay,PROGRESSIVE JAZZ,Osamu Kubota,0,0,0,0,0,---,NO PLAY,---,5,0,0,0,---,NO PLAY,---,9,0,0,0,---,HARD CLEAR,---,11,0,0,0,---,EX HARD CLEAR,---,0,0,0,0,---,NO PLAY,---,2026-09-16 19:26
7th style,Glorious Days,HIP HOP&SOUL,Noria,0,0,0,0,0,---,NO PLAY,---,6,0,0,0,---,NO PLAY,---,7,0,0,0,---,FULLCOMBO CLEAR,---,0,0,0,0,---,NO PLAY,---,0,0,0,0,---,NO PLAY,---,2026-09-16 19:26
7th style,Happy Wedding,HOUSE,ASKA,0,0,0,0,0,---,NO PLAY,---,6,0,0,0,---,NO PLAY,---,8,0,0,0,---,HARD CLEAR,---,10,0,0,0,---,HARD CLEAR,---,0,0,0,0,---,NO PLAY,---,2026-09-16 19:26
7th style,Last Message,EUROBEAT,good-cool feat. Meg,0,0,0,0,0,---,NO PLAY,---,6,0,0,0,---,NO PLAY,---,10,0,0,0,---,EX HARD CLEAR,---,11,0,0,0,---,EX HARD CLEAR,---,0,0,0,0,---,NO PLAY,---,2026-09-16 19:26
7th style,Let the Snow Paint Me,AMBIENT POP,Sana,0,0,0,0,0,---,NO PLAY,---,6,0,0,0,---,NO PLAY,---,7,0,0,0,---,CLEAR,---,0,0,0,0,---,NO PLAY,---,0,0,0,0,---,NO PLAY,---,2026-09-16 19:26
7th style,MAX 300,HARDCORE TECHNO,Ω,0,0,0,0,0,---,NO PLAY,---,7,0,0,0,---,NO PLAY,---,10,0,0,0,---,NO PLAY,---,12,0,0,0,---,HARD CLEAR,---,0,0,0,0,---,NO PLAY,---,2026-09-16 19:26
7th style,Somebody Like You,POPS,good-cool,0,0,0,0,0,---,NO PLAY,---,4,0,0,0,---,NO PLAY,---,7,0,0,0,---,NO PLAY,---,9,0,0,0,---,ASSIST CLEAR,---,0,0,0,0,---,NO PLAY,---,2026-09-16 19:26
7th style,Spica,HOUSE,D.JW,0,0,0,0,0,---,NO PLAY,---,3,0,0,0,---,FULLCOMBO CLEAR,---,9,0,0,0,---,HARD CLEAR,---,12,0,0,0,---,HARD CLEAR,---,0,0,0,0,---,NO PLAY,---,2026-09-16 19:26
7th style,stoic,TECHNO,TaQ,0,0,0,0,0,---,NO PLAY,---,8,0,0,0,---,NO PLAY,---,10,0,0,0,---,HARD CLEAR,---,12,0,0,0,---,HARD CLEAR,---,0,0,0,0,---,NO PLAY,---,2026-09-16 19:26
7th style,Tomorrow Perfume,TRANCE,dj TAKA,0,0,0,0,0,---,NO PLAY,---,6,0,0,0,---,FULLCOMBO CLEAR,---,10,0,0,0,---,HARD CLEAR,---,11,0,0,0,---,EX HARD CLEAR,---,0,0,0,0,---,NO PLAY,---,2026-09-16 19:26
7th style,traces,TRANCE,TaQ,0,0,0,0,0,---,NO PLAY,---,7,0,0,0,---,NO PLAY,---,9,0,0,0,---,NO PLAY,---,10,0,0,0,---,EX HARD CLEAR,---,0,0,0,0,---,NO PLAY,---,2026-09-16 19:26
7th style,ZERO-ONE,ELECTROSHOCK,Mr.T,0,0,0,0,0,---,NO PLAY,---,5,0,0,0,---,NO PLAY,---,8,0,0,0,---,NO PLAY,---,10,0,0,0,---,HARD CLEAR,---,11,0,0,0,---,EX HARD CLEAR,---,2026-09-16 19:26
7th style,革命,ORCHESTRAL,dj TAKA with NAOKI,0,0,0,0,0,---,NO PLAY,---,7,0,0,0,---,NO PLAY,---,12,0,0,0,---,EX HARD CLEAR,---,12,0,0,0,---,HARD CLEAR,---,0,0,0,0,---,NO PLAY,---,2026-09-16 19:26
8th style,abstract,BIG BEAT,TaQ,0,0,0,0,0,---,NO PLAY,---,7,0,0,0,---,NO PLAY,---,9,0,0,0,---,EX HARD CLEAR,---,0,0,0,0,---,NO PLAY,---,0,0,0,0,---,NO PLAY,---,2026-09-16 19:26
8th style,airflow,INSTRUMENTAL,Mr.T,0,0,0,0,0,---,NO PLAY,---,3,0,0,0,---,NO PLAY,---,6,0,0,0,---,NO PLAY,---,7,0,0,0,---,HARD CLEAR,---,0,0,0,0,---,NO PLAY,---,2026-09-16 19:26
8th style,ALL RIGHT,DRUM'N'BASS,RAM,0,0,0,0,0,---,NO PLAY,---,7,0,0,0,---,NO PLAY,---,8,0,0,0,---,NO PLAY,---,10,0,0,0,---,ASSIST CLEAR,---,0,0,0,0,---,NO PLAY,---,2026-09-16 19:26
8th style,Attitude,TRANCE,Y&Co.,0,0,0,0,0,---,NO PLAY,---,5,0,0,0,---,NO PLAY,---,7,0,0,0,---,CLEAR,---,9,0,0,0,---,HARD CLEAR,---,0,0,0,0,---,NO PLAY,---,2026-09-16 19:26
8th style,bit mania,テクノ歌謡,AKIRA YAMAOKA,0,0,0,0,0,---,NO PLAY,---,5,0,0,0,---,NO PLAY,---,6,0,0,0,---,HARD CLEAR,---,0,0,0,0,---,NO PLAY,---,0,0,0,0,---,NO PLAY,---,2026-09-16 19:26
8th style,Blame,EUROBEAT,good-cool feat. Jeff Coote,0,0,0,0,0,---,NO PLAY,---,6,0,0,0,---,NO PLAY,---,7,0,0,0,---,FULLCOMBO CLEAR,---,10,0,0,0,---,HARD CLEAR,---,0,0,0,0,---,NO PLAY,---,2026-09-16 19:26
8th style,CELEBRATE NITE,EURO GROOVE,N.M.R,0,0,0,0,0,---,NO PLAY,---,5,0,0,0,---,NO PLAY,---,7,0,0,0,---,NO PLAY,---,8,0,0,0,---,HARD CLEAR,---,0,0,0,0,---,NO PLAY,---,2026-09-16 19:26
8th style,Colors -Y&Co. Eurobeat Remix-,EUROBEAT,dj TAKA (remixed by 横田商会),0,0,0,0,0,---,NO PLAY,---,6,0,0,0,---,NO PLAY,---,10,0,0,0,---,HARD CLEAR,---,10,0,0,0,---,HARD CLEAR,---,0,0,0,0,---,NO PLAY,---,2026-09-16 19:26
8th style,dual control,GARAGE HOUSE,Mr.T,0,0,0,0,0,---,NO PLAY,---,4,0,0,0,---,NO PLAY,---,8,0,0,0,---,NO PLAY,---,9,0,0,0,---,EX HARD CLEAR,---,0,0,0,0,---,NO PLAY,---,2026-09-16 19:26
8th style,Giudecca,PSYCHEDELIC TECHNO,D.J.SETUP,0,0,0,0,0,---,NO PLAY,---,5,0,0,0,---,NO PLAY,---,10,0,0,0,---,HARD CLEAR,---,11,0,0,0,---,EX HARD CLEAR,---,0,0,0,0,---,NO PLAY,---,2026-09-16 19:26
8th style,Halfway of promise,GIRL ROCK,Yu Takami feat. Shihori Nakane,0,0,0,0,0,---,NO PLAY,---,5,0,0,0,---,NO PLAY,---,8,0,0,0,---,HARD CLEAR,---,10,0,0,0,---,EX HARD CLEAR,---,0,0,0,0,---,NO PLAY,---,2026-09-16 19:26
8th style,HYPER BOUNDARY GATE,GOA TRANCE,L.E.D.LIGHT,0,0,0,0,0,---,NO PLAY,---,6,0,0,0,---,NO PLAY,---,8,0,0,0,---,NO PLAY,---,10,0,0,0,---,FULLCOMBO CLEAR,---,0,0,0,0,---,NO PLAY,---,2026-09-16 19:26
8th style,LAB,RAVE,RAM,0,0,0,0,0,---,NO PLAY,---,5,0,0,0,---,NO PLAY,---,10,0,0,0,---,HARD CLEAR,---,11,0,0,0,---,EX HARD CLEAR,---,12,0,0,0,---,EX HARD CLEAR,---,2026-09-16 19:26
8th style,LOVE IS ORANGE,HARD CHANSON,Orange Lounge,0,0,0,0,0,---,NO PLAY,---,4,0,0,0,---,NO PLAY,---,5,0,0,0,---,NO PLAY,---,9,0,0,0,---,HARD CLEAR,---,11,0,0,0,---,EX HARD CLEAR,---,2026-09-16 19:26
8th style,Luv 2 Feel Your Body,2 STEP,Shoichiro Hirata,0,0,0,0,0,---,NO PLAY,---,6,0,0,0,---,NO PLAY,---,9,0,0,0,---,NO PLAY,---,10,0,0,0,---,FULLCOMBO CLEAR,---,0,0,0,0,---,NO PLAY,---,2026-09-16 19:26
8th style,memories,BEAT ROCK,TAKA,0,0,0,0,0,---,NO PLAY,---,5,0,0,0,---,NO PLAY,---,10,0,0,0,---,NO PLAY,---,11,0,0,0,---,HARD CLEAR,---,0,0,0,0,---,NO PLAY,---,2026-09-16 19:26
8th style,murmur twins,CUDDLECORE,yu_tokiwa.djw,0,0,0,0,0,---,NO PLAY,---,5,0,0,0,---,NO PLAY,---,10,0,0,0,---,HARD CLEAR,---,12,0,0,0,---,EX HARD CLEAR,---,0,0,0,0,---,NO PLAY,---,2026-09-16 19:26
8th style,MUSIC TO YOUR HEAD,TECHNO,SLAKE,0,0,0,0,0,---,NO PLAY,---,8,0,0,0,---,NO PLAY,---,8,0,0,0,---,FULLCOMBO CLEAR,---,9,0,0,0,---,HARD CLEAR,---,0,0,0,0,---,NO PLAY,---,2026-09-16 19:26
8th style,PLEASE DON'T GO,DISCO,ASLETICS,0,0,0,0,0,---,NO PLAY,---,4,0,0,0,---,NO PLAY,---,9,0,0,0,---,NO PLAY,---,10,0,0,0,---,HARD CLEAR,---,0,0,0,0,---,NO PLAY,---,2026-09-16 19:26
8th style,rainbow flyer,TRANCE,dj TAKA,0,0,0,0,0,---,NO PLAY,---,4,0,0,0,---,NO PLAY,---,10,0,0,0,---,HARD CLEAR,---,11,0,0,0,---,EX HARD CLEAR,---,0,0,0,0,---,NO PLAY,---,2026-09-16 19:26
8th style,symbolic,TECHNO,TaQ,0,0,0,0,0,---,NO PLAY,---,8,0,0,0,---,HARD CLEAR,---,10,0,0,0,---,EX HARD CLEAR,---,0,0,0,0,---,NO PLAY,---,0,0,0,0,---,NO PLAY,---,2026-09-16 19:26
8th style,thunder,HOUSE,Lion MUSASHI,0,0,0,0,0,---,NO PLAY,---,5,0,0,0,---,NO PLAY,---,9,0,0,0,---,HARD CLEAR,---,11,0,0,0,---,EX HARD CLEAR,---,0,0,0,0,---,NO PLAY,---,2026-09-16 19:26
8th style,WAR GAME,HIP HOP,ASLETICS,0,0,0,0,0,---,NO PLAY,---,4,0,0,0,---,NO PLAY,---,7,0,0,0,---,NO PLAY,---,10,0,0,0,---,FULLCOMBO CLEAR,---,0,0,0,0,---,NO PLAY,---,2026-09-16 19:26
8th style,World Wide Love,POPS,MTO,0,0,0,0,0,---,NO PLAY,---,4,0,0,0,---,FULLCOMBO CLEAR,---,5,0,0,0,---,FULLCOMBO CLEAR,---,0,0,0,0,---,NO PLAY,---,0,0,0,0,---,NO PLAY,---,2026-09-16 19:26
8th style,xenon,ELECTROSHOCK,Mr.T,0,0,0,0,0,---,NO PLAY,---,5,0,0,0,---,NO PLAY,---,8,0,0,0,---,HARD CLEAR,---,11,0,0,0,---,EX HARD CLEAR,---,0,0,0,0,---,NO PLAY,---,2026-09-16 19:26
8th style,桜,SPIRITUAL,Reven-G,0,0,0,0,0,---,NO PLAY,---,8,0,0,0,---,HARD CLEAR,---,10,0,0,0,---,NO PLAY,---,12,0,0,0,---,HARD CLEAR,---,0,0,0,0,---,NO PLAY,---,2026-09-16 19:26
9th style,Abyss -The Heavens Remix-,TRANCE CORE,dj TAKA Remixed by Ryu☆,0,0,0,0,0,---,NO PLAY,---,6,0,0,0,---,FULLCOMBO CLEAR,---,9,0,0,0,---,HARD CLEAR,---,10,0,0,0,---,EX HARD CLEAR,---,0,0,0,0,---,NO PLAY,---,2026-09-16 19:26
9th style,ACT,RAVE,RAM,0,0,0,0,0,---,NO PLAY,---,6,0,0,0,---,NO PLAY,---,9,0,0,0,---,NO PLAY,---,10,0,0,0,---,HARD CLEAR,---,0,0,0,0,---,NO PLAY,---,2026-09-16 19:26
9th style,ADVANCE,ELECTRONICA,SLAKE,0,0,0,0,0,---,NO PLAY,---,4,0,0,0,---,NO PLAY,---,6,0,0,0,---,ASSIST CLEAR,---,10,0,0,0,---,FULLCOMBO CLEAR,---,0,0,0,0,---,NO PLAY,---,2026-09-16 19:26
9th style,ATOMIC AGE,ENSEMBLE,SHUNZZY,0,0,0,0,0,---,NO PLAY,---,2,0,0,0,---,NO PLAY,---,6,0,0,0,---,NO PLAY,---,9,0,0,0,---,FULLCOMBO CLEAR,---,0,0,0,0,---,NO PLAY,---,2026-09-16 19:26
9th style,bag,SPIRITUAL,Reven-G,0,0,0,0,0,---,NO PLAY,---,6,0,0,0,---,NO PLAY,---,9,0,0,0,---,NO PLAY,---,10,0,0,0,---,HARD CLEAR,---,0,0,0,0,---,NO PLAY,---,2026-09-16 19:26
9th style,BRIGHTNESS DARKNESS,ROCOCO TEK,SPARKER,0,0,0,0,0,---,NO PLAY,---,3,0,0,0,---,NO PLAY,---,8,0,0,0,---,NO PLAY,---,10,0,0,0,---,HARD CLEAR,---,0,0,0,0,---,NO PLAY,---,2026-09-16 19:26
9th style,Cradle,HEALIN' HARDCORE,positive MA feat.akino,0,0,0,0,0,---,NO PLAY,---,6,0,0,0,---,NO PLAY,---,10,0,0,0,---,FULLCOMBO CLEAR,---,0,0,0,0,---,NO PLAY,---,0,0,0,0,---,NO PLAY,---,2026-09-16 19:26
9th style,Distress,MIXTURE,dj TAKA Remixed by TaQ,0,0,0,0,0,---,NO PLAY,---,9,0,0,0,---,HARD CLEAR,---,11,0,0,0,---,EX HARD CLEAR,---,0,0,0,0,---,NO PLAY,---,0,0,0,0,---,NO PLAY,---,2026-09-16 19:26
9th style,e-motion 2003  -romantic extra-,TRANCE,e.o.s. Remixed by dj TAKA,0,0,0,0,0,---,NO PLAY,---,8,0,0,0,---,FULLCOMBO CLEAR,---,10,0,0,0,---,HARD CLEAR,---,0,0,0,0,---,NO PLAY,---,0,0,0,0,---,NO PLAY,---,2026-09-16 19:26
9th style,fun,FUNK SHUFFLE,Mr.T,0,0,0,0,0,---,NO PLAY,---,4,0,0,0,---,NO PLAY,---,7,0,0,0,---,NO PLAY,---,10,0,0,0,---,EX HARD CLEAR,---,0,0,0,0,---,NO PLAY,---,2026-09-16 19:26
9th style,Golden Horn,TURKISH PIANO'N'BASS,Osamu Kubota,0,0,0,0,0,---,NO PLAY,---,3,0,0,0,---,NO PLAY,---,8,0,0,0,---,NO PLAY,---,11,0,0,0,---,EX HARD CLEAR,---,0,0,0,0,---,NO PLAY,---,2026-09-16 19:26
9th style,I Was The One (80's EUROBEAT STYLE),EUROBEAT,good-cool Remixed by NAOKI,0,0,0,0,0,---,NO PLAY,---,4,0,0,0,---,NO PLAY,---,6,0,0,0,---,NO PLAY,---,8,0,0,0,---,CLEAR,---,0,0,0,0,---,NO PLAY,---,2026-09-16 19:26
9th style,Karma,DRUM'N'BASS,TaQ,0,0,0,0,0,---,NO PLAY,---,8,0,0,0,---,HARD CLEAR,---,11,0,0,0,---,EX HARD CLEAR,---,12,0,0,0,---,EX HARD CLEAR,---,0,0,0,0,---,NO PLAY,---,2026-09-16 19:26
9th style,lights,SOUL,flare,0,0,0,0,0,---,NO PLAY,---,7,0,0,0,---,ASSIST CLEAR,---,9,0,0,0,---,NO PLAY,---,10,0,0,0,---,HARD CLEAR,---,0,0,0,0,---,NO PLAY,---,2026-09-16 19:26
9th style,Logic Board,TECHNO,dj nagureo,0,0,0,0,0,---,NO PLAY,---,6,0,0,0,---,NO PLAY,---,8,0,0,0,---,NO PLAY,---,12,0,0,0,---,HARD CLEAR,---,0,0,0,0,---,NO PLAY,---,2026-09-16 19:26
9th style,LOVE SHINE,J-HAPPY HARDCORE,小坂りゆ,0,0,0,0,0,---,NO PLAY,---,4,0,0,0,---,NO PLAY,---,7,0,0,0,---,NO PLAY,---,9,0,0,0,---,HARD CLEAR,---,0,0,0,0,---,NO PLAY,---,2026-09-16 19:26
9th style,lower world,TECHNO,D.J.SETUP,0,0,0,0,0,---,NO PLAY,---,7,0,0,0,---,NO PLAY,---,10,0,0,0,---,EX HARD CLEAR,---,12,0,0,0,---,EX HARD CLEAR,---,0,0,0,0,---,NO PLAY,---,2026-09-16 19:26
9th style,Make A Difference,GOSPEL,Lala Moore with CoCoRo*Co,0,0,0,0,0,---,NO PLAY,---,5,0,0,0,---,NO PLAY,---,9,0,0,0,---,HARD CLEAR,---,10,0,0,0,---,HARD CLEAR,---,0,0,0,0,---,NO PLAY,---,2026-09-16 19:26
9th style,MARIA (I believe... ),EUROBEAT,NAOKI feat.PAULA TERRY,0,0,0,0,0,---,NO PLAY,---,4,0,0,0,---,NO PLAY,---,8,0,0,0,---,NO PLAY,---,9,0,0,0,---,CLEAR,---,0,0,0,0,---,NO PLAY,---,2026-09-16 19:26
9th style,moon_child,POST ROCK,少年ラジオ,0,0,0,0,0,---,NO PLAY,---,4,0,0,0,---,NO PLAY,---,11,0,0,0,---,EX HARD CLEAR,---,12,0,0,0,---,HARD CLEAR,---,0,0,0,0,---,NO PLAY,---,2026-09-16 19:26
9th style,one or eight,HARDCORE RAVE,sampling masters AYA,0,0,0,0,0,---,NO PLAY,---,7,0,0,0,---,NO PLAY,---,8,0,0,0,---,HARD CLEAR,---,10,0,0,0,---,EX HARD CLEAR,---,12,0,0,0,---,HARD CLEAR,---,2026-09-16 19:26
9th style,PARANOIA survivor MAX,JUNGLE MIXTURE,290,0,0,0,0,0,---,NO PLAY,---,5,0,0,0,---,NO PLAY,---,8,0,0,0,---,CLEAR,---,10,0,0,0,---,EX HARD CLEAR,---,0,0,0,0,---,NO PLAY,---,2026-09-16 19:26
9th style,quasar,TRANCE,OutPhase,0,0,0,0,0,---,NO PLAY,---,7,0,0,0,---,FULLCOMBO CLEAR,---,11,0,0,0,---,EX HARD CLEAR,---,12,0,0,0,---,CLEAR,---,0,0,0,0,---,NO PLAY,---,2026-09-16 19:26
9th style,Quickening,PSYCHEDELIC,dj TAKA,0,0,0,0,0,---,NO PLAY,---,5,0,0,0,---,NO PLAY,---,7,0,0,0,---,NO PLAY,---,10,0,0,0,---,HARD CLEAR,---,0,0,0,0,---,NO PLAY,---,2026-09-16 19:26
9th style,Really Love,R&B,大部真由美,0,0,0,0,0,---,NO PLAY,---,4,0,0,0,---,NO PLAY,---,10,0,0,0,---,FULLCOMBO CLEAR,---,0,0,0,0,---,NO PLAY,---,0,0,0,0,---,NO PLAY,---,2026-09-16 19:26
9th style,RISLIM -Remix-,ELECTRO 2 STEP,ric Remixed by Hisashi Nawata,0,0,0,0,0,---,NO PLAY,---,6,0,0,0,---,NO PLAY,---,9,0,0,0,---,HARD CLEAR,---,12,0,0,0,---,HARD CLEAR,---,0,0,0,0,---,NO PLAY,---,2026-09-16 19:26
9th style,rottel-the-Mercury,GABBA,sampling masters MEGA,0,0,0,0,0,---,NO PLAY,---,6,0,0,0,---,NO PLAY,---,9,0,0,0,---,NO PLAY,---,11,0,0,0,---,EX HARD CLEAR,---,0,0,0,0,---,NO PLAY,---,2026-09-16 19:26
9th style,Silvia Drive,HAPPY HANDBAG,dj TAKA feat.Noria,0,0,0,0,0,---,NO PLAY,---,7,0,0,0,---,CLEAR,---,10,0,0,0,---,HARD CLEAR,---,11,0,0,0,---,EX HARD CLEAR,---,0,0,0,0,---,NO PLAY,---,2026-09-16 19:26
9th style,SNOW,DRUM'N'BASS,RAM,0,0,0,0,0,---,NO PLAY,---,5,0,0,0,---,NO PLAY,---,8,0,0,0,---,NO PLAY,---,10,0,0,0,---,EX HARD CLEAR,---,0,0,0,0,---,NO PLAY,---,2026-09-16 19:26
9th style,STAR FIELD,TRANCE,SADA,0,0,0,0,0,---,NO PLAY,---,5,0,0,0,---,NO PLAY,---,8,0,0,0,---,FULLCOMBO CLEAR,---,0,0,0,0,---,NO PLAY,---,0,0,0,0,---,NO PLAY,---,2026-09-16 19:26
9th style,Sweet Sweet Magic,HAPPY HARDCORE,jun,0,0,0,0,0,---,NO PLAY,---,5,0,0,0,---,NO PLAY,---,9,0,0,0,---,HARD CLEAR,---,11,0,0,0,---,FULLCOMBO CLEAR,---,0,0,0,0,---,NO PLAY,---,2026-09-16 19:26
9th style,SWEETEST SAVAGE,HIP HOP,ASLETICS,0,0,0,0,0,---,NO PLAY,---,6,0,0,0,---,NO PLAY,---,7,0,0,0,---,NO PLAY,---,11,0,0,0,---,EX HARD CLEAR,---,0,0,0,0,---,NO PLAY,---,2026-09-16 19:26
9th style,真夏の花・真夏の夢,HOUSE,Sana,0,0,0,0,0,---,NO PLAY,---,5,0,0,0,---,NO PLAY,---,8,0,0,0,---,HARD CLEAR,---,10,0,0,0,---,FULLCOMBO CLEAR,---,0,0,0,0,---,NO PLAY,---,2026-09-16 19:26
10th style,1st Samurai,お江戸テクノ,sampling masters MEGA,0,0,0,0,0,---,NO PLAY,---,7,0,0,0,---,NO PLAY,---,10,0,0,0,---,HARD CLEAR,---,12,0,0,0,---,HARD CLEAR,---,0,0,0,0,---,NO PLAY,---,2026-09-16 19:26
10th style,ALIEN TEMPLE,PSYCHEDELIC TRANCE,PINK PONG,0,0,0,0,0,---,NO PLAY,---,5,0,0,0,---,NO PLAY,---,8,0,0,0,---,CLEAR,---,10,0,0,0,---,HARD CLEAR,---,0,0,0,0,---,NO PLAY,---,2026-09-16 19:26
10th style,ASTRAL VOYAGE,DREAM TECHNO,EeL,0,0,0,0,0,---,NO PLAY,---,5,0,0,0,---,NO PLAY,---,9,0,0,0,---,NO PLAY,---,10,0,0,0,---,HARD CLEAR,---,0,0,0,0,---,NO PLAY,---,2026-09-16 19:26
10th style,BABY LOVE,ITALO POP,Noria,0,0,0,0,0,---,NO PLAY,---,6,0,0,0,---,NO PLAY,---,7,0,0,0,---,NO PLAY,---,11,0,0,0,---,EX HARD CLEAR,---,0,0,0,0,---,NO PLAY,---,2026-09-16 19:26
10th style,Back Into The Light,2STEP POP TRANCE,Sota Fujimori,0,0,0,0,0,---,NO PLAY,---,6,0,0,0,---,NO PLAY,---,9,0,0,0,---,NO PLAY,---,10,0,0,0,---,EX HARD CLEAR,---,0,0,0,0,---,NO PLAY,---,2026-09-16 19:26
10th style,Boundary,ROCOCO TEK,SPARKER,0,0,0,0,0,---,NO PLAY,---,5,0,0,0,---,NO PLAY,---,9,0,0,0,---,NO PLAY,---,9,0,0,0,---,EX HARD CLEAR,---,0,0,0,0,---,NO PLAY,---,2026-09-16 19:26
10th style,CARRY ON NIGHT (English version),EUROBEAT,platoniX (EURO style),0,0,0,0,0,---,NO PLAY,---,5,0,0,0,---,NO PLAY,---,8,0,0,0,---,NO PLAY,---,10,0,0,0,---,ASSIST CLEAR,---,0,0,0,0,---,NO PLAY,---,2026-09-16 19:26
10th style,Daisuke,EUROBEAT,Y&Co.,0,0,0,0,0,---,NO PLAY,---,5,0,0,0,---,NO PLAY,---,8,0,0,0,---,NO PLAY,---,11,0,0,0,---,EX HARD CLEAR,---,0,0,0,0,---,NO PLAY,---,2026-09-16 19:26
10th style,Debtty Daddy,ETHNO HARDCORE,sampling masters AYA,0,0,0,0,0,---,NO PLAY,---,5,0,0,0,---,NO PLAY,---,8,0,0,0,---,NO PLAY,---,11,0,0,0,---,EX HARD CLEAR,---,0,0,0,0,---,NO PLAY,---,2026-09-16 19:26
10th style,desolation,PIANO BALLADE,Mr.T,0,0,0,0,0,---,NO PLAY,---,3,0,0,0,---,NO PLAY,---,4,0,0,0,---,FULLCOMBO CLEAR,---,0,0,0,0,---,NO PLAY,---,0,0,0,0,---,NO PLAY,---,2026-09-16 19:26
10th style,DoLL,HYPER J-POP FOUR,ＴЁЯＲＡ,0,0,0,0,0,---,NO PLAY,---,6,0,0,0,---,NO PLAY,---,7,0,0,0,---,HARD CLEAR,---,9,0,0,0,---,HARD CLEAR,---,0,0,0,0,---,NO PLAY,---,2026-09-16 19:26
10th style,EXE,ELECTROSHOCK,Mr.T,0,0,0,0,0,---,NO PLAY,---,4,0,0,0,---,NO PLAY,---,8,0,0,0,---,HARD CLEAR,---,0,0,0,0,---,NO PLAY,---,0,0,0,0,---,NO PLAY,---,2026-09-16 19:26
10th style,Feedback,BREAK BEATS,Audio Highs,0,0,0,0,0,---,NO PLAY,---,5,0,0,0,---,NO PLAY,---,10,0,0,0,---,EX HARD CLEAR,---,10,0,0,0,---,EX HARD CLEAR,---,0,0,0,0,---,NO PLAY,---,2026-09-16 19:26
10th style,FEEL IT,DRUM'N'BASS,RAM,0,0,0,0,0,---,NO PLAY,---,5,0,0,0,---,NO PLAY,---,9,0,0,0,---,ASSIST CLEAR,---,10,0,0,0,---,EX HARD CLEAR,---,0,0,0,0,---,NO PLAY,---,2026-09-16 19:26
10th style,Freezing atmosphere,NATURAL SOUND,Twin AmadeuS,0,0,0,0,0,---,NO PLAY,---,4,0,0,0,---,NO PLAY,---,8,0,0,0,---,HARD CLEAR,---,10,0,0,0,---,HARD CLEAR,---,0,0,0,0,---,NO PLAY,---,2026-09-16 19:26
10th style,GHOST REVIVAL,GOA TRANCE,L.E.D.,0,0,0,0,0,---,NO PLAY,---,4,0,0,0,---,NO PLAY,---,9,0,0,0,---,HARD CLEAR,---,12,0,0,0,---,EX HARD CLEAR,---,0,0,0,0,---,NO PLAY,---,2026-09-16 19:26
10th style,GRADIUS -FULL SPEED-,GAME MUSIC,Mr.T,0,0,0,0,0,---,NO PLAY,---,3,0,0,0,---,NO PLAY,---,7,0,0,0,---,NO PLAY,---,11,0,0,0,---,HARD CLEAR,---,0,0,0,0,---,NO PLAY,---,2026-09-16 19:26
10th style,HIGH,RAVE,RAM,0,0,0,0,0,---,NO PLAY,---,6,0,0,0,---,NO PLAY,---,9,0,0,0,---,HARD CLEAR,---,10,0,0,0,---,ASSIST CLEAR,---,11,0,0,0,---,EX HARD CLEAR,---,2026-09-16 19:26
10th style,Innocent Walls,TECHNO,TaQ,0,0,0,0,0,---,NO PLAY,---,8,0,0,0,---,HARD CLEAR,---,10,0,0,0,---,HARD CLEAR,---,12,0,0,0,---,HARD CLEAR,---,0,0,0,0,---,NO PLAY,---,2026-09-16 19:26
10th style,Love Is Eternity,TRANCE,kors k,0,0,0,0,0,---,NO PLAY,---,6,0,0,0,---,NO PLAY,---,10,0,0,0,---,HARD CLEAR,---,12,0,0,0,---,EX HARD CLEAR,---,0,0,0,0,---,NO PLAY,---,2026-09-16 19:26
10th style,Lucy,DANCE POP,ELE BLOCK,0,0,0,0,0,---,NO PLAY,---,4,0,0,0,---,NO PLAY,---,10,0,0,0,---,HARD CLEAR,---,0,0,0,0,---,NO PLAY,---,0,0,0,0,---,NO PLAY,---,2026-09-16 19:26
10th style,Narcissus At Oasis,ARTCORE,Ryu☆,0,0,0,0,0,---,NO PLAY,---,4,0,0,0,---,NO PLAY,---,10,0,0,0,---,HARD CLEAR,---,11,0,0,0,---,EX HARD CLEAR,---,0,0,0,0,---,NO PLAY,---,2026-09-16 19:26
10th style,No.13,PROGRESSIVE BAROQUE,TAKA respect for J.S.B.,0,0,0,0,0,---,NO PLAY,---,6,0,0,0,---,NO PLAY,---,10,0,0,0,---,HARD CLEAR,---,12,0,0,0,---,EX HARD CLEAR,---,0,0,0,0,---,NO PLAY,---,2026-09-16 19:26
10th style,One More Lovely,HAPPY,Risk Junk,0,0,0,0,0,---,NO PLAY,---,4,0,0,0,---,NO PLAY,---,10,0,0,0,---,EX HARD CLEAR,---,12,0,0,0,---,HARD CLEAR,---,0,0,0,0,---,NO PLAY,---,2026-09-16 19:26
10th style,pandora,TRANCE,dj TAKA feat.Tomomi,0,0,0,0,0,---,NO PLAY,---,7,0,0,0,---,NO PLAY,---,9,0,0,0,---,NO PLAY,---,11,0,0,0,---,EX HARD CLEAR,---,0,0,0,0,---,NO PLAY,---,2026-09-16 19:26
10th style,rainbow rainbow,HAPPY HARDCORE,Ryu☆,0,0,0,0,0,---,NO PLAY,---,7,0,0,0,---,HARD CLEAR,---,9,0,0,0,---,HARD CLEAR,---,11,0,0,0,---,EX HARD CLEAR,---,0,0,0,0,---,NO PLAY,---,2026-09-16 19:26
10th style,Rise'n Beauty,TRANCE,Sota feat. Cyborg Akemi,0,0,0,0,0,---,NO PLAY,---,6,0,0,0,---,NO PLAY,---,10,0,0,0,---,HARD CLEAR,---,11,0,0,0,---,EX HARD CLEAR,---,12,0,0,0,---,EX HARD CLEAR,---,2026-09-16 19:26
10th style,SCORE,TECH HOUSE,DJ Remo-con,0,0,0,0,0,---,NO PLAY,---,5,0,0,0,---,NO PLAY,---,8,0,0,0,---,FULLCOMBO CLEAR,---,10,0,0,0,---,EX HARD CLEAR,---,0,0,0,0,---,NO PLAY,---,2026-09-16 19:26
10th style,SHOOTING STAR,J-POP,小坂りゆ,0,0,0,0,0,---,NO PLAY,---,6,0,0,0,---,NO PLAY,---,9,0,0,0,---,CLEAR,---,11,0,0,0,---,EX HARD CLEAR,---,0,0,0,0,---,NO PLAY,---,2026-09-16 19:26
10th style,SPACE FIGHT,戦艦テクノ,AKIRA YAMAOKA,0,0,0,0,0,---,NO PLAY,---,6,0,0,0,---,NO PLAY,---,8,0,0,0,---,NO PLAY,---,11,0,0,0,---,EX HARD CLEAR,---,0,0,0,0,---,NO PLAY,---,2026-09-16 19:26
10th style,システムロマンス,ムートラ(ムードトランス),ヒロシ＆チー子,0,0,0,0,0,---,NO PLAY,---,4,0,0,0,---,NO PLAY,---,7,0,0,0,---,ASSIST CLEAR,---,0,0,0,0,---,NO PLAY,---,0,0,0,0,---,NO PLAY,---,2026-09-16 19:26
10th style,雪月花,HARD HOUSE,Ryu☆,0,0,0,0,0,---,NO PLAY,---,8,0,0,0,---,HARD CLEAR,---,10,0,0,0,---,HARD CLEAR,---,12,0,0,0,---,EX HARD CLEAR,---,0,0,0,0,---,NO PLAY,---,2026-09-16 19:26
IIDX RED,AA,RENAISSANCE,D.J.Amuro,0,0,0,0,0,---,NO PLAY,---,5,0,0,0,---,NO PLAY,---,9,0,0,0,---,HARD CLEAR,---,12,0,0,0,---,EX HARD CLEAR,---,0,0,0,0,---,NO PLAY,---,2026-09-16 19:26
IIDX RED,AGEHA,HAPPY HARDCORE,Ryu☆,0,0,0,0,0,---,NO PLAY,---,5,0,0,0,---,NO PLAY,---,7,0,0,0,---,NO PLAY,---,8,0,0,0,---,HARD CLEAR,---,11,0,0,0,---,EX HARD CLEAR,---,2026-09-16 19:26
IIDX RED,ANDROMEDA,PSYCHEDELIC GOA TRANCE,Sota Fujimori,0,0,0,0,0,---,NO PLAY,---,4,0,0,0,---,ASSIST CLEAR,---,9,0,0,0,---,HARD CLEAR,---,11,0,0,0,---,EX HARD CLEAR,---,0,0,0,0,---,NO PLAY,---,2026-09-16 19:26
IIDX RED,awakening,TRANCE,AKIRA YAMAOKA,0,0,0,0,0,---,NO PLAY,---,5,0,0,0,---,NO PLAY,---,7,0,0,0,---,NO PLAY,---,9,0,0,0,---,HARD CLEAR,---,0,0,0,0,---,NO PLAY,---,2026-09-16 19:26
IIDX RED,Be quiet,HARD DANCE,Ryu☆,0,0,0,0,0,---,NO PLAY,---,6,0,0,0,---,NO PLAY,---,8,0,0,0,---,HARD CLEAR,---,11,0,0,0,---,EX HARD CLEAR,---,12,0,0,0,---,HARD CLEAR,---,2026-09-16 19:26
IIDX RED,BLOCKS,TRANCE,SPARKER,0,0,0,0,0,---,NO PLAY,---,4,0,0,0,---,NO PLAY,---,7,0,0,0,---,EX HARD CLEAR,---,12,0,0,0,---,EX HARD CLEAR,---,0,0,0,0,---,NO PLAY,---,2026-09-16 19:26
IIDX RED,BREATH,ROCOCO TEK,SPARKER,0,0,0,0,0,---,NO PLAY,---,5,0,0,0,---,ASSIST CLEAR,---,8,0,0,0,---,NO PLAY,---,10,0,0,0,---,HARD CLEAR,---,0,0,0,0,---,NO PLAY,---,2026-09-16 19:26
IIDX RED,Click Again,CLICK HOUSE,dj REMO-CON,0,0,0,0,0,---,NO PLAY,---,4,0,0,0,---,NO PLAY,---,6,0,0,0,---,NO PLAY,---,10,0,0,0,---,EX HARD CLEAR,---,0,0,0,0,---,NO PLAY,---,2026-09-16 19:26
IIDX RED,Close my Eyes for Me,AMERICA,D-crew feat.DENNIS GUNN(DJ Yoshitaka SCRATCHING),0,0,0,0,0,---,NO PLAY,---,5,0,0,0,---,NO PLAY,---,8,0,0,0,---,NO PLAY,---,11,0,0,0,---,HARD CLEAR,---,0,0,0,0,---,NO PLAY,---,2026-09-16 19:26
IIDX RED,D.A.N.C.E.!,J-POP,DJ Yoshitaka feat.星野奏子,0,0,0,0,0,---,NO PLAY,---,3,0,0,0,---,NO PLAY,---,5,0,0,0,---,NO PLAY,---,8,0,0,0,---,HARD CLEAR,---,0,0,0,0,---,NO PLAY,---,2026-09-16 19:26
IIDX RED,Don't be afraid myself,J-POP,platoniX with ray.D,0,0,0,0,0,---,NO PLAY,---,6,0,0,0,---,NO PLAY,---,9,0,0,0,---,HARD CLEAR,---,10,0,0,0,---,EX HARD CLEAR,---,0,0,0,0,---,NO PLAY,---,2026-09-16 19:26
IIDX RED,earth scape,PIANO BALLAD,dj TAKA,0,0,0,0,0,---,NO PLAY,---,2,0,0,0,---,NO PLAY,---,6,0,0,0,---,FULLCOMBO CLEAR,---,0,0,0,0,---,NO PLAY,---,0,0,0,0,---,NO PLAY,---,2026-09-16 19:26
IIDX RED,FAKE TIME,HARD ROCK,dj REMO-CON,0,0,0,0,0,---,NO PLAY,---,7,0,0,0,---,NO PLAY,---,12,0,0,0,---,EX HARD CLEAR,---,12,0,0,0,---,HARD CLEAR,---,0,0,0,0,---,NO PLAY,---,2026-09-16 19:26
IIDX RED,GENOCIDE,DRUM'N'BASS,dj Killer,0,0,0,0,0,---,NO PLAY,---,6,0,0,0,---,NO PLAY,---,12,0,0,0,---,HARD CLEAR,---,12,0,0,0,---,HARD CLEAR,---,0,0,0,0,---,NO PLAY,---,2026-09-16 19:26
IIDX RED,gigadelic,NUSTYLE GABBA,teranoid feat.MC Natsack,0,0,0,0,0,---,NO PLAY,---,10,0,0,0,---,HARD CLEAR,---,12,0,0,0,---,EX HARD CLEAR,---,12,0,0,0,---,EX HARD CLEAR,---,0,0,0,0,---,NO PLAY,---,2026-09-16 19:26
IIDX RED,HORIZON,HAPPY HARDCORE,LIA,0,0,0,0,0,---,NO PLAY,---,5,0,0,0,---,NO PLAY,---,7,0,0,0,---,CLEAR,---,9,0,0,0,---,EX HARD CLEAR,---,0,0,0,0,---,NO PLAY,---,2026-09-16 19:26
IIDX RED,KEY,BEAT ROCK,colors,0,0,0,0,0,---,NO PLAY,---,5,0,0,0,---,NO PLAY,---,8,0,0,0,---,HARD CLEAR,---,11,0,0,0,---,EX HARD CLEAR,---,0,0,0,0,---,NO PLAY,---,2026-09-16 19:26
IIDX RED,NEBULA GRASPER,PSYCHEDELIC TRANCE,L.E.D.,0,0,0,0,0,---,NO PLAY,---,7,0,0,0,---,NO PLAY,---,9,0,0,0,---,HARD CLEAR,---,11,0,0,0,---,HARD CLEAR,---,0,0,0,0,---,NO PLAY,---,2026-09-16 19:26
IIDX RED,Raspberry Heart(English version),COLORFUL HARDCORE,jun feat. PAULA TERRY,0,0,0,0,0,---,NO PLAY,---,6,0,0,0,---,NO PLAY,---,8,0,0,0,---,NO PLAY,---,10,0,0,0,---,EX HARD CLEAR,---,0,0,0,0,---,NO PLAY,---,2026-09-16 19:26
IIDX RED,RED ZONE,SPEED RAVE,Tatsh&NAOKI,0,0,0,0,0,---,NO PLAY,---,5,0,0,0,---,NO PLAY,---,9,0,0,0,---,HARD CLEAR,---,11,0,0,0,---,EX HARD CLEAR,---,12,0,0,0,---,EX HARD CLEAR,---,2026-09-16 19:26
IIDX RED,RESONATE 1794,HARD SONATA,KOHTA,0,0,0,0,0,---,NO PLAY,---,4,0,0,0,---,NO PLAY,---,11,0,0,0,---,EX HARD CLEAR,---,0,0,0,0,---,NO PLAY,---,0,0,0,0,---,NO PLAY,---,2026-09-16 19:26
IIDX RED,Secret of Love,DRUM'N'BASS,D.J.SWAN,0,0,0,0,0,---,NO PLAY,---,5,0,0,0,---,NO PLAY,---,9,0,0,0,---,FULLCOMBO CLEAR,---,0,0,0,0,---,NO PLAY,---,0,0,0,0,---,NO PLAY,---,2026-09-16 19:26
IIDX RED,SPEEDY CAT,EUROBEAT,Y&Co.,0,0,0,0,0,---,NO PLAY,---,5,0,0,0,---,NO PLAY,---,9,0,0,0,---,ASSIST CLEAR,---,10,0,0,0,---,HARD CLEAR,---,0,0,0,0,---,NO PLAY,---,2026-09-16 19:26
IIDX RED,Sphere,MEDIEVAL CHOIR,Tatsh feat. K.Nayuki,0,0,0,0,0,---,NO PLAY,---,5,0,0,0,---,NO PLAY,---,8,0,0,0,---,HARD CLEAR,---,12,0,0,0,---,HARD CLEAR,---,0,0,0,0,---,NO PLAY,---,2026-09-16 19:26
IIDX RED,spiral galaxy,PSYCHEDELIC TECHNO,D.J.SETUP,0,0,0,0,0,---,NO PLAY,---,5,0,0,0,---,NO PLAY,---,9,0,0,0,---,HARD CLEAR,---,10,0,0,0,---,EX HARD CLEAR,---,12,0,0,0,---,HARD CLEAR,---,2026-09-16 19:26
IIDX RED,The Hope of Tomorrow,CYBORG TRANCE,Sota Fujimori,0,0,0,0,0,---,NO PLAY,---,6,0,0,0,---,NO PLAY,---,9,0,0,0,---,HARD CLEAR,---,10,0,0,0,---,HARD CLEAR,---,0,0,0,0,---,NO PLAY,---,2026-09-16 19:26
IIDX RED,Wonder Bullfighter,NATURAL SOUND,Twin AmadeuS,0,0,0,0,0,---,NO PLAY,---,5,0,0,0,---,NO PLAY,---,8,0,0,0,---,HARD CLEAR,---,10,0,0,0,---,EX HARD CLEAR,---,0,0,0,0,---,NO PLAY,---,2026-09-16 19:26
IIDX RED,ピアノ協奏曲第１番”蠍火”,DIRGE,virkato,0,0,0,0,0,---,NO PLAY,---,5,0,0,0,---,NO PLAY,---,10,0,0,0,---,EX HARD CLEAR,---,12,0,0,0,---,HARD CLEAR,---,0,0,0,0,---,NO PLAY,---,2026-09-16 19:26
IIDX RED,大桟橋,JAPAN,ウッチーズ,0,0,0,0,0,---,NO PLAY,---,3,0,0,0,---,NO PLAY,---,6,0,0,0,---,HARD CLEAR,---,0,0,0,0,---,NO PLAY,---,0,0,0,0,---,NO PLAY,---,2026-09-16 19:26
IIDX RED,太陽～T・A・I・Y・O～,CYBER J-EURO,NAOKI feat.星野奏子,0,0,0,0,0,---,NO PLAY,---,4,0,0,0,---,NO PLAY,---,8,0,0,0,---,HARD CLEAR,---,0,0,0,0,---,NO PLAY,---,0,0,0,0,---,NO PLAY,---,2026-09-16 19:26
IIDX RED,ＵＬＴｉＭΛＴＥ,HYPER J-POP FIVE,ＴЁЯＲＡ,0,0,0,0,0,---,NO PLAY,---,4,0,0,0,---,NO PLAY,---,7,0,0,0,---,HARD CLEAR,---,0,0,0,0,---,NO PLAY,---,0,0,0,0,---,NO PLAY,---,2026-09-16 19:26
HAPPY SKY,100％ minimoo-G,SYNTHETIC PROGRESSIVE ROCK,Sota Fujimori,0,0,0,0,0,---,NO PLAY,---,4,0,0,0,---,NO PLAY,---,10,0,0,0,---,HARD CLEAR,---,11,0,0,0,---,EX HARD CLEAR,---,0,0,0,0,---,NO PLAY,---,2026-09-16 19:26
HAPPY SKY,Agnus Dei,GOTHIC METAL,あさき,0,0,0,0,0,---,NO PLAY,---,5,0,0,0,---,NO PLAY,---,8,0,0,0,---,NO PLAY,---,11,0,0,0,---,HARD CLEAR,---,0,0,0,0,---,NO PLAY,---,2026-09-16 19:26
HAPPY SKY,alla turca con passione,NATURAL SOUND,Twin AmadeuS,0,0,0,0,0,---,NO PLAY,---,4,0,0,0,---,NO PLAY,---,8,0,0,0,---,HARD CLEAR,---,10,0,0,0,---,HARD CLEAR,---,0,0,0,0,---,NO PLAY,---,2026-09-16 19:26
HAPPY SKY,Aurora,TRANCE CORE,Ryu☆,0,0,0,0,0,---,NO PLAY,---,7,0,0,0,---,HARD CLEAR,---,10,0,0,0,---,HARD CLEAR,---,11,0,0,0,---,EX HARD CLEAR,---,0,0,0,0,---,NO PLAY,---,2026-09-16 19:26
HAPPY SKY,CaptivAte～浄化～,NOSTALISH REQUIEM,A/I,0,0,0,0,0,---,NO PLAY,---,5,0,0,0,---,NO PLAY,---,9,0,0,0,---,HARD CLEAR,---,11,0,0,0,---,HARD CLEAR,---,12,0,0,0,---,EX HARD CLEAR,---,2026-09-16 19:26
HAPPY SKY,Catch Me,ACID JAZZ,DJ Yoshitaka feat. ERi,0,0,0,0,0,---,NO PLAY,---,4,0,0,0,---,NO PLAY,---,9,0,0,0,---,NO PLAY,---,10,0,0,0,---,HARD CLEAR,---,11,0,0,0,---,EX HARD CLEAR,---,2026-09-16 19:26
HAPPY SKY,double thrash,BATTLE2005,414,0,0,0,0,0,---,NO PLAY,---,5,0,0,0,---,NO PLAY,---,10,0,0,0,---,CLEAR,---,0,0,0,0,---,NO PLAY,---,0,0,0,0,---,NO PLAY,---,2026-09-16 19:26
HAPPY SKY,EDEN,HYPER J-POP SIX,ＴЁЯＲＡ,1,0,0,0,0,---,NO PLAY,---,7,0,0,0,---,HARD CLEAR,---,8,0,0,0,---,HARD CLEAR,---,10,2690,1315,60,0,FULLCOMBO CLEAR,AAA,11,0,0,0,---,EX HARD CLEAR,---,2026-09-16 19:31
HAPPY SKY,EMPTY OF THE SKY,E-ROCK,AKIRA YAMAOKA,0,0,0,0,0,---,NO PLAY,---,3,0,0,0,---,NO PLAY,---,5,0,0,0,---,NO PLAY,---,8,0,0,0,---,FULLCOMBO CLEAR,---,0,0,0,0,---,NO PLAY,---,2026-09-16 19:26
HAPPY SKY,First Resolution,TECHNO RAVE,good-cool,0,0,0,0,0,---,NO PLAY,---,5,0,0,0,---,NO PLAY,---,8,0,0,0,---,NO PLAY,---,10,0,0,0,---,HARD CLEAR,---,0,0,0,0,---,NO PLAY,---,2026-09-16 19:26
HAPPY SKY,garden,SWING WALTZ,青野りえ,0,0,0,0,0,---,NO PLAY,---,4,0,0,0,---,NO PLAY,---,7,0,0,0,---,HARD CLEAR,---,12,0,0,0,---,HARD CLEAR,---,12,0,0,0,---,HARD CLEAR,---,2026-09-16 19:26
HAPPY SKY,Get'em up to R.A.V.E,RAVE,Disconation,0,0,0,0,0,---,NO PLAY,---,5,0,0,0,---,NO PLAY,---,8,0,0,0,---,EASY CLEAR,---,0,0,0,0,---,NO PLAY,---,0,0,0,0,---,NO PLAY,---,2026-09-16 19:26
HAPPY SKY,GREEN EYES,BROKEN TEK,SLAKE,0,0,0,0,0,---,NO PLAY,---,6,0,0,0,---,NO PLAY,---,9,0,0,0,---,NO PLAY,---,11,0,0,0,---,EX HARD CLEAR,---,0,0,0,0,---,NO PLAY,---,2026-09-16 19:26
HAPPY SKY,HAPPY☆ANGEL,HAPPY HARDCORE,jun with TAHIRIH,0,0,0,0,0,---,NO PLAY,---,6,0,0,0,---,HARD CLEAR,---,7,0,0,0,---,HARD CLEAR,---,10,0,0,0,---,HARD CLEAR,---,0,0,0,0,---,NO PLAY,---,2026-09-16 19:26
HAPPY SKY,in motion,CLICK HOUSE,Ryu☆,0,0,0,0,0,---,NO PLAY,---,5,0,0,0,---,NO PLAY,---,6,0,0,0,---,NO PLAY,---,8,0,0,0,---,ASSIST CLEAR,---,0,0,0,0,---,NO PLAY,---,2026-09-16 19:26
HAPPY SKY,INAZUMA,TRANCE,dj TAKA,0,0,0,0,0,---,NO PLAY,---,6,0,0,0,---,NO PLAY,---,9,0,0,0,---,FULLCOMBO CLEAR,---,12,0,0,0,---,HARD CLEAR,---,12,0,0,0,---,HARD CLEAR,---,2026-09-16 19:26
HAPPY SKY,LESSON 5,HAPPY EXTREME,Risk Junk feat.Erika Mochizuki,0,0,0,0,0,---,NO PLAY,---,5,0,0,0,---,NO PLAY,---,7,0,0,0,---,NO PLAY,---,11,0,0,0,---,EX HARD CLEAR,---,0,0,0,0,---,NO PLAY,---,2026-09-16 19:26
HAPPY SKY,Little Little Princess,PUNK OPERA,SHRINE 418,0,0,0,0,0,---,NO PLAY,---,5,0,0,0,---,CLEAR,---,10,0,0,0,---,EX HARD CLEAR,---,11,0,0,0,---,EX HARD CLEAR,---,12,0,0,0,---,HARD CLEAR,---,2026-09-16 19:26
HAPPY SKY,Love Magic,DRUM'N'BASS,D.J.SWAN,0,0,0,0,0,---,NO PLAY,---,4,0,0,0,---,NO PLAY,---,8,0,0,0,---,HARD CLEAR,---,0,0,0,0,---,NO PLAY,---,0,0,0,0,---,NO PLAY,---,2026-09-16 19:26
HAPPY SKY,mind the gap,UK PROGRESSIVE,Osamu Kubota,0,0,0,0,0,---,NO PLAY,---,6,0,0,0,---,NO PLAY,---,8,0,0,0,---,NO PLAY,---,9,0,0,0,---,ASSIST CLEAR,---,0,0,0,0,---,NO PLAY,---,2026-09-16 19:26
HAPPY SKY,MOON RACE,FUTURE HOUSE,ELEKTEL,0,0,0,0,0,---,NO PLAY,---,5,0,0,0,---,NO PLAY,---,10,0,0,0,---,HARD CLEAR,---,0,0,0,0,---,NO PLAY,---,0,0,0,0,---,NO PLAY,---,2026-09-16 19:26
HAPPY SKY,Pink Rose,HEART,Kiyommy+Seiya,0,0,0,0,0,---,NO PLAY,---,3,0,0,0,---,NO PLAY,---,5,0,0,0,---,NO PLAY,---,8,0,0,0,---,HARD CLEAR,---,10,0,0,0,---,EX HARD CLEAR,---,2026-09-16 19:26
HAPPY SKY,PLASMA,SYNTHESIZED TECHNO,Sota Fujimori,0,0,0,0,0,---,NO PLAY,---,5,0,0,0,---,NO PLAY,---,8,0,0,0,---,FULLCOMBO CLEAR,---,0,0,0,0,---,NO PLAY,---,0,0,0,0,---,NO PLAY,---,2026-09-16 19:26
HAPPY SKY,Pollinosis,HARD DANCE,dj REMO-CON,0,0,0,0,0,---,NO PLAY,---,4,0,0,0,---,NO PLAY,---,8,0,0,0,---,NO PLAY,---,9,0,0,0,---,HARD CLEAR,---,0,0,0,0,---,NO PLAY,---,2026-09-16 19:26
HAPPY SKY,POODLE,EUROBEAT,Y&Co.,0,0,0,0,0,---,NO PLAY,---,5,0,0,0,---,NO PLAY,---,8,0,0,0,---,HARD CLEAR,---,11,0,0,0,---,EX HARD CLEAR,---,12,0,0,0,---,EX HARD CLEAR,---,2026-09-16 19:26
HAPPY SKY,rage against usual,DIGI-ROCK,dj TAKA feat.Gt.Shintaro,0,0,0,0,0,---,NO PLAY,---,6,0,0,0,---,NO PLAY,---,10,0,0,0,---,HARD CLEAR,---,11,0,0,0,---,EX HARD CLEAR,---,12,0,0,0,---,CLEAR,---,2026-09-16 19:26
HAPPY SKY,SCREAM SQUAD,BREAKCORE,CALF,0,0,0,0,0,---,NO PLAY,---,6,0,0,0,---,HARD CLEAR,---,10,0,0,0,---,HARD CLEAR,---,12,0,0,0,---,EX HARD CLEAR,---,0,0,0,0,---,NO PLAY,---,2026-09-16 19:26
HAPPY SKY,Scripted Connection⇒ A mix,TECHNO,DJ MURASAME,0,0,0,0,0,---,NO PLAY,---,8,0,0,0,---,HARD CLEAR,---,10,0,0,0,---,HARD CLEAR,---,11,0,0,0,---,EX HARD CLEAR,---,12,0,0,0,---,HARD CLEAR,---,2026-09-16 19:26
HAPPY SKY,Scripted Connection⇒ H mix,TECHNO,DJ MURASAME,0,0,0,0,0,---,NO PLAY,---,8,0,0,0,---,HARD CLEAR,---,10,0,0,0,---,HARD CLEAR,---,11,0,0,0,---,EX HARD CLEAR,---,12,0,0,0,---,EX HARD CLEAR,---,2026-09-16 19:26
HAPPY SKY,Scripted Connection⇒ N mix,TECHNO,DJ MURASAME,0,0,0,0,0,---,NO PLAY,---,6,0,0,0,---,NO PLAY,---,9,0,0,0,---,HARD CLEAR,---,10,0,0,0,---,HARD CLEAR,---,11,0,0,0,---,EX HARD CLEAR,---,2026-09-16 19:26
HAPPY SKY,SigSig,MAKINA,kors k,0,0,0,0,0,---,NO PLAY,---,5,0,0,0,---,NO PLAY,---,7,0,0,0,---,HARD CLEAR,---,11,0,0,0,---,EX HARD CLEAR,---,0,0,0,0,---,NO PLAY,---,2026-09-16 19:26
HAPPY SKY,Tizona d'El Cid,MPB,TOMOSUKE,0,0,0,0,0,---,NO PLAY,---,5,0,0,0,---,NO PLAY,---,10,0,0,0,---,EX HARD CLEAR,---,0,0,0,0,---,NO PLAY,---,0,0,0,0,---,NO PLAY,---,2026-09-16 19:26
HAPPY SKY,Twelfth Style,HAPPY EURO PARADISE,Tatsh&DAYBREAKERS NEXT,0,0,0,0,0,---,NO PLAY,---,6,0,0,0,---,NO PLAY,---,9,0,0,0,---,HARD CLEAR,---,9,0,0,0,---,EX HARD CLEAR,---,12,0,0,0,---,HARD CLEAR,---,2026-09-16 19:26
HAPPY SKY,Under the Sky,J-EUROTRANCE,南さやか(BeForU) with platoniX,0,0,0,0,0,---,NO PLAY,---,4,0,0,0,---,NO PLAY,---,7,0,0,0,---,NO PLAY,---,9,0,0,0,---,FULLCOMBO CLEAR,---,0,0,0,0,---,NO PLAY,---,2026-09-16 19:26
HAPPY SKY,vault of heaven,ELECTROSHOCK,Mr.T,0,0,0,0,0,---,NO PLAY,---,4,0,0,0,---,NO PLAY,---,7,0,0,0,---,HARD CLEAR,---,9,0,0,0,---,HARD CLEAR,---,0,0,0,0,---,NO PLAY,---,2026-09-16 19:26
HAPPY SKY,Votum stellarum,ANTHEM TRANCE,iconoclasm,0,0,0,0,0,---,NO PLAY,---,4,0,0,0,---,NO PLAY,---,11,0,0,0,---,EX HARD CLEAR,---,0,0,0,0,---,NO PLAY,---,0,0,0,0,---,NO PLAY,---,2026-09-16 19:26
HAPPY SKY,We are Disっ娘よっつ打ち命,DISCO,DANCE☆MAN feat. Disっ娘,0,0,0,0,0,---,NO PLAY,---,3,0,0,0,---,NO PLAY,---,5,0,0,0,---,NO PLAY,---,9,0,0,0,---,HARD CLEAR,---,0,0,0,0,---,NO PLAY,---,2026-09-16 19:26
HAPPY SKY,Xepher,MEDIEVAL CHOIR,Tatsh,0,0,0,0,0,---,NO PLAY,---,5,0,0,0,---,NO PLAY,---,10,0,0,0,---,HARD CLEAR,---,11,0,0,0,---,HARD CLEAR,---,0,0,0,0,---,NO PLAY,---,2026-09-16 19:26
HAPPY SKY,オレはビートマニア！お前は何マニア？,FUNK,DANCE☆MAN,0,0,0,0,0,---,NO PLAY,---,5,0,0,0,---,NO PLAY,---,7,0,0,0,---,NO PLAY,---,9,0,0,0,---,EX HARD CLEAR,---,0,0,0,0,---,NO PLAY,---,2026-09-16 19:26
HAPPY SKY,ヒマワリ,J-HAPPY HARDCORE,小坂りゆ,0,0,0,0,0,---,NO PLAY,---,4,0,0,0,---,NO PLAY,---,8,0,0,0,---,NO PLAY,---,9,0,0,0,---,HARD CLEAR,---,0,0,0,0,---,NO PLAY,---,2026-09-16 19:26
HAPPY SKY,ラクエン,REGGAE,Chonan Chiharu,0,0,0,0,0,---,NO PLAY,---,4,0,0,0,---,NO PLAY,---,9,0,0,0,---,HARD CLEAR,---,11,0,0,0,---,HARD CLEAR,---,0,0,0,0,---,NO PLAY,---,2026-09-16 19:26
HAPPY SKY,冥,HUMAN SEQUENCER,Amuro vs Killer,0,0,0,0,0,---,NO PLAY,---,5,0,0,0,---,NO PLAY,---,11,0,0,0,---,EX HARD CLEAR,---,12,0,0,0,---,CLEAR,---,0,0,0,0,---,NO PLAY,---,2026-09-16 19:26
HAPPY SKY,合体せよ！ストロングイェーガー！！ (Ryu☆ remix),HARD DANCE,L.E.D./Remixed by Ryu☆,0,0,0,0,0,---,NO PLAY,---,5,0,0,0,---,NO PLAY,---,9,0,0,0,---,NO PLAY,---,11,0,0,0,---,EX HARD CLEAR,---,0,0,0,0,---,NO PLAY,---,2026-09-16 19:26
HAPPY SKY,月光,J-EUROBEAT,Tatsh feat. 星野奏子,0,0,0,0,0,---,NO PLAY,---,4,0,0,0,---,NO PLAY,---,9,0,0,0,---,HARD CLEAR,---,10,0,0,0,---,HARD CLEAR,---,0,0,0,0,---,NO PLAY,---,2026-09-16 19:26
DistorteD,ALFARSHEAR 双神威に廻る夢,HYPER J-POP SEVEN,ＴЁЯＲＡ,0,0,0,0,0,---,NO PLAY,---,6,0,0,0,---,NO PLAY,---,9,0,0,0,---,HARD CLEAR,---,10,0,0,0,---,HARD CLEAR,---,0,0,0,0,---,NO PLAY,---,2026-09-16 19:26
DistorteD,Apocalypse ～dirge of swans～,ORATORIO,Zektbach,0,0,0,0,0,---,NO PLAY,---,5,0,0,0,---,NO PLAY,---,8,0,0,0,---,NO PLAY,---,11,0,0,0,---,EX HARD CLEAR,---,0,0,0,0,---,NO PLAY,---,2026-09-16 19:26
DistorteD,BALLAD THE FEATHERS,CELTIC REEL,S.S.D.FANTASICA feat.Naomi Koizumi,0,0,0,0,0,---,NO PLAY,---,5,0,0,0,---,NO PLAY,---,8,0,0,0,---,HARD CLEAR,---,0,0,0,0,---,NO PLAY,---,0,0,0,0,---,NO PLAY,---,2026-09-16 19:26
DistorteD,Bloody Tears(IIDX EDITION),HARD RENAISSANCE,DJ YOSHITAKA,0,0,0,0,0,---,NO PLAY,---,5,0,0,0,---,NO PLAY,---,10,0,0,0,---,HARD CLEAR,---,11,0,0,0,---,EX HARD CLEAR,---,0,0,0,0,---,NO PLAY,---,2026-09-16 19:26
DistorteD,BOOM BOOM DISCO NIGHT,EUROBEAT,Y&Co.,0,0,0,0,0,---,NO PLAY,---,5,0,0,0,---,NO PLAY,---,9,0,0,0,---,ASSIST CLEAR,---,10,0,0,0,---,HARD CLEAR,---,0,0,0,0,---,NO PLAY,---,2026-09-16 19:26
DistorteD,Broadbanded,TRANCE,SADA,0,0,0,0,0,---,NO PLAY,---,4,0,0,0,---,NO PLAY,---,10,0,0,0,---,HARD CLEAR,---,11,0,0,0,---,EX HARD CLEAR,---,0,0,0,0,---,NO PLAY,---,2026-09-16 19:26
DistorteD,Concertino in Blue,PROGRESSIVE,佐々木博史,0,0,0,0,0,---,NO PLAY,---,5,0,0,0,---,NO PLAY,---,10,0,0,0,---,HARD CLEAR,---,12,0,0,0,---,EX HARD CLEAR,---,0,0,0,0,---,NO PLAY,---,2026-09-16 19:26
DistorteD,CONTRACT,SUBLIME TECHNO,朱雀,0,0,0,0,0,---,NO PLAY,---,7,0,0,0,---,HARD CLEAR,---,10,0,0,0,---,HARD CLEAR,---,12,0,0,0,---,HARD CLEAR,---,12,0,0,0,---,HARD CLEAR,---,2026-09-16 19:26
DistorteD,D.C.fish,TECHNO,DJ MURASAME,0,0,0,0,0,---,NO PLAY,---,5,0,0,0,---,NO PLAY,---,8,0,0,0,---,HARD CLEAR,---,11,0,0,0,---,EX HARD CLEAR,---,0,0,0,0,---,NO PLAY,---,2026-09-16 19:26
DistorteD,DEEP ROAR,SUPER RAVE BEAT ,NAOKI&Tatsh,0,0,0,0,0,---,NO PLAY,---,5,0,0,0,---,NO PLAY,---,7,0,0,0,---,NO PLAY,---,11,0,0,0,---,EX HARD CLEAR,---,0,0,0,0,---,NO PLAY,---,2026-09-16 19:26
DistorteD,Double Loving Heart,J-POP,Tatsh feat. Junko Hirata & Sayaka Minami,0,0,0,0,0,---,NO PLAY,---,4,0,0,0,---,FULLCOMBO CLEAR,---,7,0,0,0,---,HARD CLEAR,---,10,0,0,0,---,FULLCOMBO CLEAR,---,0,0,0,0,---,NO PLAY,---,2026-09-16 19:26
DistorteD,DUE TOMORROW,TECHNO,Mr.T,0,0,0,0,0,---,NO PLAY,---,6,0,0,0,---,NO PLAY,---,10,0,0,0,---,EX HARD CLEAR,---,12,0,0,0,---,HARD CLEAR,---,0,0,0,0,---,NO PLAY,---,2026-09-16 19:26
DistorteD,EURO-ROMANCE,80's TECHNO,K-MASERA,0,0,0,0,0,---,NO PLAY,---,5,0,0,0,---,NO PLAY,---,8,0,0,0,---,HARD CLEAR,---,11,0,0,0,---,EX HARD CLEAR,---,0,0,0,0,---,NO PLAY,---,2026-09-16 19:26
DistorteD,Ganymede,ESOTERIC SLOWCORE,玄武,0,0,0,0,0,---,NO PLAY,---,8,0,0,0,---,HARD CLEAR,---,11,0,0,0,---,EX HARD CLEAR,---,12,0,0,0,---,EX HARD CLEAR,---,12,0,0,0,---,EX HARD CLEAR,---,2026-09-16 19:26
DistorteD,Harmony and Lovely,PROGRESSIVE HOUSE,Ryu☆,0,0,0,0,0,---,NO PLAY,---,5,0,0,0,---,NO PLAY,---,9,0,0,0,---,CLEAR,---,11,0,0,0,---,FULLCOMBO CLEAR,---,0,0,0,0,---,NO PLAY,---,2026-09-16 19:26
DistorteD,Heavenly Sun (IIDX VERSION),TRANCE,AKIRA YAMAOKA,0,0,0,0,0,---,NO PLAY,---,4,0,0,0,---,NO PLAY,---,8,0,0,0,---,HARD CLEAR,---,10,0,0,0,---,FULLCOMBO CLEAR,---,0,0,0,0,---,NO PLAY,---,2026-09-16 19:26
DistorteD,INFERNO,BRAZILIAN HOUSE,Caldeira feat.星野奏子,0,0,0,0,0,---,NO PLAY,---,5,0,0,0,---,NO PLAY,---,7,0,0,0,---,NO PLAY,---,10,0,0,0,---,EX HARD CLEAR,---,0,0,0,0,---,NO PLAY,---,2026-09-16 19:26
DistorteD,Leaving...,SYMPHONIC EURO,SEIYA MURAI meets “eimy”,0,0,0,0,0,---,NO PLAY,---,4,0,0,0,---,NO PLAY,---,7,0,0,0,---,NO PLAY,---,10,0,0,0,---,HARD CLEAR,---,0,0,0,0,---,NO PLAY,---,2026-09-16 19:26
DistorteD,MINT,ELECTRONICA,SLAKE,0,0,0,0,0,---,NO PLAY,---,5,0,0,0,---,NO PLAY,---,10,0,0,0,---,HARD CLEAR,---,12,0,0,0,---,EX HARD CLEAR,---,0,0,0,0,---,NO PLAY,---,2026-09-16 19:26
DistorteD,MOON,哀愁ユーロ,dj TAKA feat.Erika Mochizuki,0,0,0,0,0,---,NO PLAY,---,5,0,0,0,---,NO PLAY,---,10,0,0,0,---,HARD CLEAR,---,0,0,0,0,---,NO PLAY,---,0,0,0,0,---,NO PLAY,---,2026-09-16 19:26
DistorteD,Power of Love,2 STEP,kors k feat.PSY,0,0,0,0,0,---,NO PLAY,---,4,0,0,0,---,NO PLAY,---,8,0,0,0,---,NO PLAY,---,10,0,0,0,---,HARD CLEAR,---,0,0,0,0,---,NO PLAY,---,2026-09-16 19:26
DistorteD,So Fabulous !!,BUCHIAGE TRANCE,HHH (Ryu☆ & Dai),0,0,0,0,0,---,NO PLAY,---,5,0,0,0,---,NO PLAY,---,9,0,0,0,---,CLEAR,---,11,0,0,0,---,EX HARD CLEAR,---,0,0,0,0,---,NO PLAY,---,2026-09-16 19:26
DistorteD,Sun Field,HAPPY POP,mh sequence,0,0,0,0,0,---,NO PLAY,---,5,0,0,0,---,NO PLAY,---,9,0,0,0,---,CLEAR,---,11,0,0,0,---,HARD CLEAR,---,0,0,0,0,---,NO PLAY,---,2026-09-16 19:26
DistorteD,The Dirty of Loudness,SADISTIC HARDCORE,Tatsh Assault X,0,0,0,0,0,---,NO PLAY,---,7,0,0,0,---,HARD CLEAR,---,10,0,0,0,---,HARD CLEAR,---,10,0,0,0,---,FULLCOMBO CLEAR,---,0,0,0,0,---,NO PLAY,---,2026-09-16 19:26
DistorteD,This is Love,CORE POP,D-crew feat.MAKOTO,0,0,0,0,0,---,NO PLAY,---,5,0,0,0,---,NO PLAY,---,8,0,0,0,---,HARD CLEAR,---,0,0,0,0,---,NO PLAY,---,0,0,0,0,---,NO PLAY,---,2026-09-16 19:26
DistorteD,tripping contact(teranoid&MC Natsack Remix),GABBA,kors k vs teranoid,0,0,0,0,0,---,NO PLAY,---,7,0,0,0,---,HARD CLEAR,---,10,0,0,0,---,HARD CLEAR,---,12,0,0,0,---,EX HARD CLEAR,---,0,0,0,0,---,NO PLAY,---,2026-09-16 19:26
DistorteD,TYPE MARS(G-Style Mix),PSYCHEDELIC TRANCE,L.E.D.,0,0,0,0,0,---,NO PLAY,---,6,0,0,0,---,NO PLAY,---,10,0,0,0,---,EX HARD CLEAR,---,0,0,0,0,---,NO PLAY,---,0,0,0,0,---,NO PLAY,---,2026-09-16 19:26
DistorteD,waxing and wanding,DANCE SPEED,青龍,0,0,0,0,0,---,NO PLAY,---,7,0,0,0,---,HARD CLEAR,---,10,0,0,0,---,EX HARD CLEAR,---,11,0,0,0,---,EX HARD CLEAR,---,12,0,0,0,---,HARD CLEAR,---,2026-09-16 19:26
DistorteD,Why did you go away,LOVERS EUROBEAT,jun with TAHIRIH,0,0,0,0,0,---,NO PLAY,---,5,0,0,0,---,NO PLAY,---,9,0,0,0,---,CLEAR,---,11,0,0,0,---,EX HARD CLEAR,---,0,0,0,0,---,NO PLAY,---,2026-09-16 19:26
DistorteD,WISH(EUROBEAT MIX),EUROBEAT,DJ YOSHITAKA feat.杉村ことみ,0,0,0,0,0,---,NO PLAY,---,5,0,0,0,---,NO PLAY,---,8,0,0,0,---,HARD CLEAR,---,9,0,0,0,---,EX HARD CLEAR,---,0,0,0,0,---,NO PLAY,---,2026-09-16 19:26
DistorteD,with you…,FUNK'N JAZZ HOUSE,Sota Fujimori,0,0,0,0,0,---,NO PLAY,---,4,0,0,0,---,NO PLAY,---,7,0,0,0,---,NO PLAY,---,11,0,0,0,---,FULLCOMBO CLEAR,---,0,0,0,0,---,NO PLAY,---,2026-09-16 19:26
DistorteD,Zenius -I- vanisher,CYBER OPUS,Tatsh,0,0,0,0,0,---,NO PLAY,---,5,0,0,0,---,HARD CLEAR,---,8,0,0,0,---,HARD CLEAR,---,11,0,0,0,---,EX HARD CLEAR,---,0,0,0,0,---,NO PLAY,---,2026-09-16 19:26
DistorteD,カゴノトリ～弐式～,和式電子音楽,橙色特別室,0,0,0,0,0,---,NO PLAY,---,6,0,0,0,---,CLEAR,---,9,0,0,0,---,HARD CLEAR,---,12,0,0,0,---,HARD CLEAR,---,0,0,0,0,---,NO PLAY,---,2026-09-16 19:26
DistorteD,タシカナモノ,POPROCK,星野奏子 with the BAND,0,0,0,0,0,---,NO PLAY,---,5,0,0,0,---,NO PLAY,---,7,0,0,0,---,NO PLAY,---,10,0,0,0,---,EX HARD CLEAR,---,0,0,0,0,---,NO PLAY,---,2026-09-16 19:26
DistorteD,嘆きの樹,CONTEMPORARY,金獅子,0,0,0,0,0,---,NO PLAY,---,7,0,0,0,---,NO PLAY,---,11,0,0,0,---,EX HARD CLEAR,---,12,0,0,0,---,HARD CLEAR,---,0,0,0,0,---,NO PLAY,---,2026-09-16 19:26
DistorteD,罠,DRUM'N'ROCK,good-cool,0,0,0,0,0,---,NO PLAY,---,4,0,0,0,---,NO PLAY,---,7,0,0,0,---,HARD CLEAR,---,0,0,0,0,---,NO PLAY,---,0,0,0,0,---,NO PLAY,---,2026-09-16 19:26
DistorteD,華蝶風雪,ASIAN MIXTURE,白虎,0,0,0,0,0,---,NO PLAY,---,7,0,0,0,---,HARD CLEAR,---,10,0,0,0,---,EX HARD CLEAR,---,12,0,0,0,---,EX HARD CLEAR,---,12,0,0,0,---,HARD CLEAR,---,2026-09-16 19:26
DistorteD,虹色,LOVELY TRANS POP,DJ YOSHITAKA feat. G.S.C license,0,0,0,0,0,---,NO PLAY,---,5,0,0,0,---,NO PLAY,---,7,0,0,0,---,CLEAR,---,8,0,0,0,---,HARD CLEAR,---,0,0,0,0,---,NO PLAY,---,2026-09-16 19:26
GOLD,2hot2eat,HINDU SALSA,Osamu Kubota,0,0,0,0,0,---,NO PLAY,---,4,0,0,0,---,NO PLAY,---,9,0,0,0,---,NO PLAY,---,10,0,0,0,---,EX HARD CLEAR,---,0,0,0,0,---,NO PLAY,---,2026-09-16 19:26
GOLD,Air Bell,FLOW POP,D-crew,0,0,0,0,0,---,NO PLAY,---,5,0,0,0,---,NO PLAY,---,7,0,0,0,---,NO PLAY,---,8,0,0,0,---,FULLCOMBO CLEAR,---,0,0,0,0,---,NO PLAY,---,2026-09-16 19:26
GOLD,ANDROMEDA II,PSYCHEDELIC SYNTH TRANCE,Sota Fujimori,0,0,0,0,0,---,NO PLAY,---,5,0,0,0,---,NO PLAY,---,10,0,0,0,---,EX HARD CLEAR,---,0,0,0,0,---,NO PLAY,---,0,0,0,0,---,NO PLAY,---,2026-09-16 19:26
GOLD,Blind Justice ～Torn souls， Hurt Faiths ～,EPIC POETRY,Zektbach,0,0,0,0,0,---,NO PLAY,---,7,0,0,0,---,HARD CLEAR,---,8,0,0,0,---,FULLCOMBO CLEAR,---,10,0,0,0,---,EX HARD CLEAR,---,0,0,0,0,---,NO PLAY,---,2026-09-16 19:26
GOLD,Candy Galy,HAPPY,Risk Junk-G,0,0,0,0,0,---,NO PLAY,---,6,0,0,0,---,HARD CLEAR,---,8,0,0,0,---,HARD CLEAR,---,12,0,0,0,---,EX HARD CLEAR,---,12,0,0,0,---,HARD CLEAR,---,2026-09-16 19:26
GOLD,CaptivAte～裁き～,NOSTALISH REQUIEM,DJ YOSHITAKA feat.A/I,0,0,0,0,0,---,NO PLAY,---,5,0,0,0,---,NO PLAY,---,9,0,0,0,---,HARD CLEAR,---,11,0,0,0,---,FULLCOMBO CLEAR,---,0,0,0,0,---,NO PLAY,---,2026-09-16 19:26
GOLD,CaptivAte～誓い～,NOSTALISH REQUIEM,A/I,0,0,0,0,0,---,NO PLAY,---,6,0,0,0,---,HARD CLEAR,---,9,0,0,0,---,EX HARD CLEAR,---,11,0,0,0,---,FULLCOMBO CLEAR,---,0,0,0,0,---,NO PLAY,---,2026-09-16 19:26
GOLD,CROSSROAD ～Left Story～,DRAMATIC EURO TRANCE,jun with TAHIRIH,0,0,0,0,0,---,NO PLAY,---,6,0,0,0,---,NO PLAY,---,8,0,0,0,---,NO PLAY,---,10,0,0,0,---,FULLCOMBO CLEAR,---,0,0,0,0,---,NO PLAY,---,2026-09-16 19:26
GOLD,Cyber Force,CYBORG TRANCE,Sota Fujimori feat.cyborg AKEMI,0,0,0,0,0,---,NO PLAY,---,6,0,0,0,---,NO PLAY,---,8,0,0,0,---,NO PLAY,---,8,0,0,0,---,EX HARD CLEAR,---,0,0,0,0,---,NO PLAY,---,2026-09-16 19:26
GOLD,Fascination MAXX,SuperNOVA BEAT,100-200-400,0,0,0,0,0,---,NO PLAY,---,9,0,0,0,---,HARD CLEAR,---,10,0,0,0,---,CLEAR,---,12,0,0,0,---,HARD CLEAR,---,0,0,0,0,---,NO PLAY,---,2026-09-16 19:26
GOLD,FIRE FIRE,BUCHIAGE TRANCE,StripE,0,0,0,0,0,---,NO PLAY,---,7,0,0,0,---,HARD CLEAR,---,9,0,0,0,---,HARD CLEAR,---,11,0,0,0,---,EX HARD CLEAR,---,0,0,0,0,---,NO PLAY,---,2026-09-16 19:26
GOLD,four-leaf,ROCK,Sis Bond Chit,0,0,0,0,0,---,NO PLAY,---,4,0,0,0,---,NO PLAY,---,8,0,0,0,---,HARD CLEAR,---,0,0,0,0,---,NO PLAY,---,0,0,0,0,---,NO PLAY,---,2026-09-16 19:26
GOLD,GOLD RUSH,RECKLESS RAVE,DJ YOSHITAKA-G feat.Michael a la mode,0,0,0,0,0,---,NO PLAY,---,6,0,0,0,---,NO PLAY,---,8,0,0,0,---,CLEAR,---,10,0,0,0,---,FULLCOMBO CLEAR,---,0,0,0,0,---,NO PLAY,---,2026-09-16 19:26
GOLD,GRID KNIGHT,ELECTRONICA,SAW WAVE SQUAD,0,0,0,0,0,---,NO PLAY,---,7,0,0,0,---,NO PLAY,---,8,0,0,0,---,NO PLAY,---,10,0,0,0,---,HARD CLEAR,---,12,0,0,0,---,HARD CLEAR,---,2026-09-16 19:26
GOLD,heaven above,FILTER HOUSE,kors k,0,0,0,0,0,---,NO PLAY,---,5,0,0,0,---,NO PLAY,---,7,0,0,0,---,HARD CLEAR,---,9,0,0,0,---,FULLCOMBO CLEAR,---,0,0,0,0,---,NO PLAY,---,2026-09-16 19:26
GOLD,High School Love,HIGH SPEED LOVE SONG,DJ YOSHITAKA feat.DWP,0,0,0,0,0,---,NO PLAY,---,5,0,0,0,---,NO PLAY,---,7,0,0,0,---,NO PLAY,---,9,0,0,0,---,HARD CLEAR,---,0,0,0,0,---,NO PLAY,---,2026-09-16 19:26
GOLD,INORI,MILLENNIUM TRANCE,dj TAKA feat.HAL,0,0,0,0,0,---,NO PLAY,---,6,0,0,0,---,NO PLAY,---,9,0,0,0,---,HARD CLEAR,---,12,0,0,0,---,EX HARD CLEAR,---,0,0,0,0,---,NO PLAY,---,2026-09-16 19:26
GOLD,KAMAITACHI,FREEFORM HARDCORE,DJ TECHNORCH fw. GUHROOVY,0,0,0,0,0,---,NO PLAY,---,8,0,0,0,---,HARD CLEAR,---,10,0,0,0,---,HARD CLEAR,---,12,0,0,0,---,EX HARD CLEAR,---,12,0,0,0,---,HARD CLEAR,---,2026-09-16 19:26
GOLD,LASER CRUSTER,NU-SKOOL BREAKS,L.E.D.,0,0,0,0,0,---,NO PLAY,---,7,0,0,0,---,HARD CLEAR,---,11,0,0,0,---,EX HARD CLEAR,---,12,0,0,0,---,EX HARD CLEAR,---,0,0,0,0,---,NO PLAY,---,2026-09-16 19:26
GOLD,Love Again...,POPS,Tatsh feat. Junko Hirata,0,0,0,0,0,---,NO PLAY,---,4,0,0,0,---,NO PLAY,---,5,0,0,0,---,FULLCOMBO CLEAR,---,0,0,0,0,---,NO PLAY,---,0,0,0,0,---,NO PLAY,---,2026-09-16 19:26
GOLD,Make Me Your Own,HOUSE,good-cool ft. Raj Ramayya,0,0,0,0,0,---,NO PLAY,---,4,0,0,0,---,NO PLAY,---,9,0,0,0,---,EX HARD CLEAR,---,11,0,0,0,---,EX HARD CLEAR,---,0,0,0,0,---,NO PLAY,---,2026-09-16 19:26
GOLD,METALLIC MIND,OLDSKOOL HARDCORE RAVE,DJ TECHNORCH fw. GUHROOVY,0,0,0,0,0,---,NO PLAY,---,5,0,0,0,---,NO PLAY,---,7,0,0,0,---,HARD CLEAR,---,0,0,0,0,---,NO PLAY,---,0,0,0,0,---,NO PLAY,---,2026-09-16 19:26
GOLD,never…,DANCE POP,Kanako Hoshino with dj TAKA,0,0,0,0,0,---,NO PLAY,---,4,0,0,0,---,NO PLAY,---,6,0,0,0,---,HARD CLEAR,---,0,0,0,0,---,NO PLAY,---,0,0,0,0,---,NO PLAY,---,2026-09-16 19:26
GOLD,op.31 叙情,PIANO CONCERTO,akiko,0,0,0,0,0,---,NO PLAY,---,6,0,0,0,---,NO PLAY,---,11,0,0,0,---,ASSIST CLEAR,---,12,0,0,0,---,EX HARD CLEAR,---,0,0,0,0,---,NO PLAY,---,2026-09-16 19:26
GOLD,PHOTONGENIC,DRUM & BASS,L.E.D. fw.堀澤麻衣子,0,0,0,0,0,---,NO PLAY,---,7,0,0,0,---,HARD CLEAR,---,9,0,0,0,---,EX HARD CLEAR,---,11,0,0,0,---,HARD CLEAR,---,0,0,0,0,---,NO PLAY,---,2026-09-16 19:26
GOLD,Roulette,EUROBEAT,Y&Co.,0,0,0,0,0,---,NO PLAY,---,5,0,0,0,---,NO PLAY,---,8,0,0,0,---,FULLCOMBO CLEAR,---,10,0,0,0,---,HARD CLEAR,---,0,0,0,0,---,NO PLAY,---,2026-09-16 19:26
GOLD,Second Heaven,HANDZ UP,Ryu☆,0,0,0,0,0,---,NO PLAY,---,6,0,0,0,---,NO PLAY,---,8,0,0,0,---,HARD CLEAR,---,11,0,0,0,---,EX HARD CLEAR,---,0,0,0,0,---,NO PLAY,---,2026-09-16 19:26
GOLD,Sense 2007,RAVE,good-cool,0,0,0,0,0,---,NO PLAY,---,9,0,0,0,---,HARD CLEAR,---,12,0,0,0,---,EX HARD CLEAR,---,12,0,0,0,---,EX HARD CLEAR,---,0,0,0,0,---,NO PLAY,---,2026-09-16 19:26
GOLD,smile,ELE POP,miru_maki.gjw,0,0,0,0,0,---,NO PLAY,---,7,0,0,0,---,HARD CLEAR,---,9,0,0,0,---,HARD CLEAR,---,12,0,0,0,---,EX HARD CLEAR,---,0,0,0,0,---,NO PLAY,---,2026-09-16 19:26
GOLD,snow storm,TRANCE,dj TAKA,0,0,0,0,0,---,NO PLAY,---,4,0,0,0,---,CLEAR,---,10,0,0,0,---,HARD CLEAR,---,12,0,0,0,---,EX HARD CLEAR,---,0,0,0,0,---,NO PLAY,---,2026-09-16 19:26
GOLD,the shadow,SCHRANZ,kors k,0,0,0,0,0,---,NO PLAY,---,5,0,0,0,---,NO PLAY,---,9,0,0,0,---,HARD CLEAR,---,11,0,0,0,---,EX HARD CLEAR,---,0,0,0,0,---,NO PLAY,---,2026-09-16 19:26
GOLD,The Smile of You,POP,猫叉Master feat.JESSY,0,0,0,0,0,---,NO PLAY,---,4,0,0,0,---,NO PLAY,---,6,0,0,0,---,NO PLAY,---,7,0,0,0,---,HARD CLEAR,---,0,0,0,0,---,NO PLAY,---,2026-09-16 19:26
GOLD,TRANOID,PSG WORKS,T&S seq. factory,0,0,0,0,0,---,NO PLAY,---,6,0,0,0,---,NO PLAY,---,10,0,0,0,---,HARD CLEAR,---,12,0,0,0,---,HARD CLEAR,---,12,0,0,0,---,CLEAR,---,2026-09-16 19:26
GOLD,VANESSA,DECEPTIVE GABBA,朱雀,0,0,0,0,0,---,NO PLAY,---,7,0,0,0,---,HARD CLEAR,---,11,0,0,0,---,EX HARD CLEAR,---,12,0,0,0,---,HARD CLEAR,---,12,0,0,0,---,HARD CLEAR,---,2026-09-16 19:26
GOLD,Watch out!!,HIP HOP,MAD Sequence*,0,0,0,0,0,---,NO PLAY,---,4,0,0,0,---,NO PLAY,---,6,0,0,0,---,FULLCOMBO CLEAR,---,0,0,0,0,---,NO PLAY,---,0,0,0,0,---,NO PLAY,---,2026-09-16 19:26
GOLD,With your Smile,J-HOUSE,Shoichiro Hirata plus Junko Hirata,0,0,0,0,0,---,NO PLAY,---,4,0,0,0,---,NO PLAY,---,7,0,0,0,---,NO PLAY,---,8,0,0,0,---,HARD CLEAR,---,0,0,0,0,---,NO PLAY,---,2026-09-16 19:26
GOLD,クルクル☆ラブ～Opioid Peptide MIX～,FUTURE POP,イオンチャンネル,0,0,0,0,0,---,NO PLAY,---,5,0,0,0,---,NO PLAY,---,8,0,0,0,---,HARD CLEAR,---,10,0,0,0,---,FULLCOMBO CLEAR,---,0,0,0,0,---,NO PLAY,---,2026-09-16 19:26
GOLD,ヨシダさん,TECHNO,AKIRA YAMAOKA,0,0,0,0,0,---,NO PLAY,---,5,0,0,0,---,NO PLAY,---,6,0,0,0,---,NO PLAY,---,8,0,0,0,---,HARD CLEAR,---,0,0,0,0,---,NO PLAY,---,2026-09-16 19:26
GOLD,リグレット,EURO TRANCE,星野奏子,0,0,0,0,0,---,NO PLAY,---,6,0,0,0,---,NO PLAY,---,8,0,0,0,---,HARD CLEAR,---,0,0,0,0,---,NO PLAY,---,0,0,0,0,---,NO PLAY,---,2026-09-16 19:26
GOLD,星をこの手に,J-POP,DJ YOSHITAKA feat.星野奏子,0,0,0,0,0,---,NO PLAY,---,6,0,0,0,---,NO PLAY,---,9,0,0,0,---,EX HARD CLEAR,---,10,0,0,0,---,FULLCOMBO CLEAR,---,0,0,0,0,---,NO PLAY,---,2026-09-16 19:26
GOLD,花吹雪 ～ IIDX LIMITED ～,JAPANESE ALTERATION,S.S.D.FANTASICA feat.ユッコ,0,0,0,0,0,---,NO PLAY,---,5,0,0,0,---,HARD CLEAR,---,7,0,0,0,---,HARD CLEAR,---,8,0,0,0,---,HARD CLEAR,---,0,0,0,0,---,NO PLAY,---,2026-09-16 19:26
GOLD,零 - ZERO -,HYPER J-POP ZERO,ＴЁЯＲＡ,0,0,0,0,0,---,NO PLAY,---,6,0,0,0,---,NO PLAY,---,8,0,0,0,---,HARD CLEAR,---,10,0,0,0,---,HARD CLEAR,---,11,0,0,0,---,EX HARD CLEAR,---,2026-09-16 19:26
GOLD,電人、暁に斃れる。,NU-NRG,L.E.D.-G,0,0,0,0,0,---,NO PLAY,---,7,0,0,0,---,HARD CLEAR,---,10,0,0,0,---,HARD CLEAR,---,12,0,0,0,---,HARD CLEAR,---,0,0,0,0,---,NO PLAY,---,2026-09-16 19:26
DJ TROOPERS,2 tribe 4 K,TRIBAL,Remo-con,0,0,0,0,0,---,NO PLAY,---,5,0,0,0,---,NO PLAY,---,7,0,0,0,---,NO PLAY,---,10,0,0,0,---,FULLCOMBO CLEAR,---,0,0,0,0,---,NO PLAY,---,2026-09-16 19:26
DJ TROOPERS,Anisakis -somatic mutation type"Forza"-,HARD RENAISSANCE,朱雀,0,0,0,0,0,---,NO PLAY,---,6,0,0,0,---,CLEAR,---,10,0,0,0,---,FULLCOMBO CLEAR,---,12,0,0,0,---,EX HARD CLEAR,---,12,0,0,0,---,CLEAR,---,2026-09-16 19:26
DJ TROOPERS,avant-guerre,CLASSICAL PIANO SOLO,Osamu Kubota,0,0,0,0,0,---,NO PLAY,---,5,0,0,0,---,NO PLAY,---,9,0,0,0,---,HARD CLEAR,---,10,0,0,0,---,FULLCOMBO CLEAR,---,0,0,0,0,---,NO PLAY,---,2026-09-16 19:26
DJ TROOPERS,Be OK,EUROBEAT,good-cool ft. Florence,0,0,0,0,0,---,NO PLAY,---,6,0,0,0,---,NO PLAY,---,9,0,0,0,---,HARD CLEAR,---,12,0,0,0,---,EX HARD CLEAR,---,0,0,0,0,---,NO PLAY,---,2026-09-16 19:26
DJ TROOPERS,beatonic nation,TECH-TRONIKA,Sota Fujimori,0,0,0,0,0,---,NO PLAY,---,5,0,0,0,---,NO PLAY,---,7,0,0,0,---,NO PLAY,---,10,0,0,0,---,HARD CLEAR,---,0,0,0,0,---,NO PLAY,---,2026-09-16 19:26
DJ TROOPERS,Blue Rain,TRANCE,dj TAKA VS Ryu☆,0,0,0,0,0,---,NO PLAY,---,6,0,0,0,---,NO PLAY,---,7,0,0,0,---,HARD CLEAR,---,10,0,0,0,---,FULLCOMBO CLEAR,---,12,0,0,0,---,HARD CLEAR,---,2026-09-16 19:26
DJ TROOPERS,Darling my LUV,J-R&B,DJ Yoshitaka feat.B-Agents,0,0,0,0,0,---,NO PLAY,---,5,0,0,0,---,NO PLAY,---,7,0,0,0,---,HARD CLEAR,---,0,0,0,0,---,NO PLAY,---,0,0,0,0,---,NO PLAY,---,2026-09-16 19:26
DJ TROOPERS,Dazzlin' Darlin,HANDZ UP,HHH,0,0,0,0,0,---,NO PLAY,---,5,0,0,0,---,NO PLAY,---,7,0,0,0,---,HARD CLEAR,---,11,0,0,0,---,FULLCOMBO CLEAR,---,0,0,0,0,---,NO PLAY,---,2026-09-16 19:26
DJ TROOPERS,Digitank System,TECH-BREAKBEATS,DJ Mass MAD Izm*,0,0,0,0,0,---,NO PLAY,---,5,0,0,0,---,HARD CLEAR,---,8,0,0,0,---,HARD CLEAR,---,10,0,0,0,---,EX HARD CLEAR,---,0,0,0,0,---,NO PLAY,---,2026-09-16 19:26
DJ TROOPERS,Do it!! Do it!!,N-BEATS,Kraken,0,0,0,0,0,---,NO PLAY,---,5,0,0,0,---,NO PLAY,---,10,0,0,0,---,HARD CLEAR,---,12,0,0,0,---,HARD CLEAR,---,0,0,0,0,---,NO PLAY,---,2026-09-16 19:26
DJ TROOPERS,end of world,FRENZY HOUSE,猫叉Master+,0,0,0,0,0,---,NO PLAY,---,5,0,0,0,---,NO PLAY,---,10,0,0,0,---,HARD CLEAR,---,11,0,0,0,---,EX HARD CLEAR,---,0,0,0,0,---,NO PLAY,---,2026-09-16 19:26
DJ TROOPERS,evergreen,PROG,kors k,0,0,0,0,0,---,NO PLAY,---,5,0,0,0,---,NO PLAY,---,8,0,0,0,---,NO PLAY,---,11,0,0,0,---,EX HARD CLEAR,---,0,0,0,0,---,NO PLAY,---,2026-09-16 19:26
DJ TROOPERS,four pieces of heaven,JUNGLE,Lion,0,0,0,0,0,---,NO PLAY,---,6,0,0,0,---,NO PLAY,---,10,0,0,0,---,HARD CLEAR,---,12,0,0,0,---,HARD CLEAR,---,12,0,0,0,---,CLEAR,---,2026-09-16 19:26
DJ TROOPERS,Freeway Shuffle,TRANCE,dj TAKA,0,0,0,0,0,---,NO PLAY,---,5,0,0,0,---,NO PLAY,---,8,0,0,0,---,NO PLAY,---,9,0,0,0,---,HARD CLEAR,---,0,0,0,0,---,NO PLAY,---,2026-09-16 19:26
DJ TROOPERS,ICARUS,NU-SKOOL BREAKBEATS HARDCORE,Eagle,0,0,0,0,0,---,NO PLAY,---,7,0,0,0,---,FULLCOMBO CLEAR,---,10,0,0,0,---,HARD CLEAR,---,12,0,0,0,---,HARD CLEAR,---,12,0,0,0,---,EASY CLEAR,---,2026-09-16 19:26
DJ TROOPERS,in the Sky,HAPPY HARDCORE,Ryu☆,0,0,0,0,0,---,NO PLAY,---,7,0,0,0,---,HARD CLEAR,---,10,0,0,0,---,HARD CLEAR,---,11,0,0,0,---,EX HARD CLEAR,---,0,0,0,0,---,NO PLAY,---,2026-09-16 19:26
DJ TROOPERS,Kick Out 仮面,E-DANCE POP,上野圭市(aka. Babyweapon，DJ SWAMI)feat.星野奏子,0,0,0,0,0,---,NO PLAY,---,5,0,0,0,---,NO PLAY,---,7,0,0,0,---,HARD CLEAR,---,10,0,0,0,---,HARD CLEAR,---,0,0,0,0,---,NO PLAY,---,2026-09-16 19:26
DJ TROOPERS,LOVELY STORM,HAPPY HARDCORE,L.E.D.-G,0,0,0,0,0,---,NO PLAY,---,7,0,0,0,---,NO PLAY,---,10,0,0,0,---,HARD CLEAR,---,11,0,0,0,---,EX HARD CLEAR,---,0,0,0,0,---,NO PLAY,---,2026-09-16 19:26
DJ TROOPERS,madrugada,PROGRESSIVE HOUSE,PINK PONG,0,0,0,0,0,---,NO PLAY,---,3,0,0,0,---,NO PLAY,---,7,0,0,0,---,NO PLAY,---,10,0,0,0,---,FULLCOMBO CLEAR,---,0,0,0,0,---,NO PLAY,---,2026-09-16 19:26
DJ TROOPERS,MAX LOVE,LOVELY BUCHIAGE POP,DJ YOSHITAKA feat.星野奏子,0,0,0,0,0,---,NO PLAY,---,7,0,0,0,---,NO PLAY,---,9,0,0,0,---,NO PLAY,---,10,0,0,0,---,HARD CLEAR,---,0,0,0,0,---,NO PLAY,---,2026-09-16 19:26
DJ TROOPERS,MENDES,IRREGULAR HI-BREAK,Humanoid,0,0,0,0,0,---,NO PLAY,---,6,0,0,0,---,NO PLAY,---,10,0,0,0,---,EX HARD CLEAR,---,12,0,0,0,---,CLEAR,---,0,0,0,0,---,NO PLAY,---,2026-09-16 19:26
DJ TROOPERS,MENTAL MELTDOWN,HARD HOP,GUHROOVY fw.TECHNORCH,0,0,0,0,0,---,NO PLAY,---,6,0,0,0,---,NO PLAY,---,9,0,0,0,---,HARD CLEAR,---,11,0,0,0,---,EX HARD CLEAR,---,0,0,0,0,---,NO PLAY,---,2026-09-16 19:26
DJ TROOPERS,NEW GENERATION -もう、お前しか見えない-,ONLY ONE EURO BEAT,SUPER STAR 満-MITSURU-,0,0,0,0,0,---,NO PLAY,---,6,0,0,0,---,NO PLAY,---,9,0,0,0,---,NO PLAY,---,11,0,0,0,---,HARD CLEAR,---,12,0,0,0,---,HARD CLEAR,---,2026-09-16 19:26
DJ TROOPERS,oratio,HYMNUS,蓑舞衆,0,0,0,0,0,---,NO PLAY,---,7,0,0,0,---,ASSIST CLEAR,---,9,0,0,0,---,HARD CLEAR,---,12,0,0,0,---,EX HARD CLEAR,---,0,0,0,0,---,NO PLAY,---,2026-09-16 19:26
DJ TROOPERS,PARANOiA ～HADES～,SUPERNOVA2 BEAT #1,αTYPE-300,0,0,0,0,0,---,NO PLAY,---,8,0,0,0,---,HARD CLEAR,---,11,0,0,0,---,HARD CLEAR,---,12,0,0,0,---,HARD CLEAR,---,0,0,0,0,---,NO PLAY,---,2026-09-16 19:26
DJ TROOPERS,PROMISE FOR LIFE,BALLAD,ＴЁЯＲＡ WORKS,0,0,0,0,0,---,NO PLAY,---,4,0,0,0,---,NO PLAY,---,6,0,0,0,---,NO PLAY,---,8,0,0,0,---,HARD CLEAR,---,0,0,0,0,---,NO PLAY,---,2026-09-16 19:26
DJ TROOPERS,REMINISCENCE,TRI EURO FANTASIA,jun with Alison,0,0,0,0,0,---,NO PLAY,---,6,0,0,0,---,NO PLAY,---,9,0,0,0,---,NO PLAY,---,11,0,0,0,---,EX HARD CLEAR,---,0,0,0,0,---,NO PLAY,---,2026-09-16 19:26
DJ TROOPERS,Rising in the Sun(original mix),UK HARDCORE,kors k feat.Rie,0,0,0,0,0,---,NO PLAY,---,5,0,0,0,---,NO PLAY,---,9,0,0,0,---,NO PLAY,---,11,0,0,0,---,EX HARD CLEAR,---,0,0,0,0,---,NO PLAY,---,2026-09-16 19:26
DJ TROOPERS,Ristaccia,OUVERTURE,Zektbach,0,0,0,0,0,---,NO PLAY,---,5,0,0,0,---,NO PLAY,---,8,0,0,0,---,HARD CLEAR,---,10,0,0,0,---,HARD CLEAR,---,11,0,0,0,---,EX HARD CLEAR,---,2026-09-16 19:26
DJ TROOPERS,satellite020712 from "CODED ARMS",HARD HOUSE,猫叉Master,0,0,0,0,0,---,NO PLAY,---,8,0,0,0,---,HARD CLEAR,---,10,0,0,0,---,EX HARD CLEAR,---,12,0,0,0,---,EX HARD CLEAR,---,0,0,0,0,---,NO PLAY,---,2026-09-16 19:26
DJ TROOPERS,satfinal,RAVE,RAM,0,0,0,0,0,---,NO PLAY,---,6,0,0,0,---,NO PLAY,---,8,0,0,0,---,HARD CLEAR,---,10,0,0,0,---,FULLCOMBO CLEAR,---,0,0,0,0,---,NO PLAY,---,2026-09-16 19:26
DJ TROOPERS,scar in the earth,WORLD/ELECTRONICA,猫叉Master,0,0,0,0,0,---,NO PLAY,---,4,0,0,0,---,EASY CLEAR,---,7,0,0,0,---,HARD CLEAR,---,9,0,0,0,---,FULLCOMBO CLEAR,---,0,0,0,0,---,NO PLAY,---,2026-09-16 19:26
DJ TROOPERS,SOUND OF GIALLARHORN,FREEFORM HARDCORE,L.E.D.-G,0,0,0,0,0,---,NO PLAY,---,6,0,0,0,---,NO PLAY,---,9,0,0,0,---,CLEAR,---,10,0,0,0,---,HARD CLEAR,---,0,0,0,0,---,NO PLAY,---,2026-09-16 19:26
DJ TROOPERS,State Of The Art,TECHNOTRONICA,Sota Fujimori feat. cyborg AKEMI,0,0,0,0,0,---,NO PLAY,---,6,0,0,0,---,NO PLAY,---,8,0,0,0,---,NO PLAY,---,12,0,0,0,---,EX HARD CLEAR,---,0,0,0,0,---,NO PLAY,---,2026-09-16 19:26
DJ TROOPERS,STEEL NEEDLE,BREAK CORE,Scorpion,0,0,0,0,0,---,NO PLAY,---,6,0,0,0,---,NO PLAY,---,10,0,0,0,---,HARD CLEAR,---,11,0,0,0,---,HARD CLEAR,---,12,0,0,0,---,EASY CLEAR,---,2026-09-16 19:26
DJ TROOPERS,switch,ULTIMATE J-POP,DAISUKE ASAKURA ex.ＴЁЯＲＡ,0,0,0,0,0,---,NO PLAY,---,5,0,0,0,---,NO PLAY,---,9,0,0,0,---,CLEAR,---,11,0,0,0,---,EX HARD CLEAR,---,0,0,0,0,---,NO PLAY,---,2026-09-16 19:26
DJ TROOPERS,THE DEEP STRIKER,NU STYLE GABBA,L.E.D.-G,0,0,0,0,0,---,NO PLAY,---,5,0,0,0,---,NO PLAY,---,10,0,0,0,---,HARD CLEAR,---,11,0,0,0,---,EX HARD CLEAR,---,12,0,0,0,---,HARD CLEAR,---,2026-09-16 19:26
DJ TROOPERS,the trigger of innocence,ETHNOTRONICA,Seiya Murai,0,0,0,0,0,---,NO PLAY,---,6,0,0,0,---,ASSIST CLEAR,---,9,0,0,0,---,EX HARD CLEAR,---,10,0,0,0,---,EX HARD CLEAR,---,12,0,0,0,---,EX HARD CLEAR,---,2026-09-16 19:26
DJ TROOPERS,Time to Air,DANCE SPEED,青龍,0,0,0,0,0,---,NO PLAY,---,7,0,0,0,---,HARD CLEAR,---,9,0,0,0,---,EX HARD CLEAR,---,11,0,0,0,---,EX HARD CLEAR,---,12,0,0,0,---,EASY CLEAR,---,2026-09-16 19:26
DJ TROOPERS,TRIP MACHINE PhoeniX,SUPERNOVA2 BEAT #2,DE-SIRE改,0,0,0,0,0,---,NO PLAY,---,6,0,0,0,---,NO PLAY,---,9,0,0,0,---,NO PLAY,---,11,0,0,0,---,FULLCOMBO CLEAR,---,0,0,0,0,---,NO PLAY,---,2026-09-16 19:26
DJ TROOPERS,TROOPERS,ULTIMATE CORE,Des-TRACT,0,0,0,0,0,---,NO PLAY,---,6,0,0,0,---,NO PLAY,---,10,0,0,0,---,HARD CLEAR,---,12,0,0,0,---,EX HARD CLEAR,---,0,0,0,0,---,NO PLAY,---,2026-09-16 19:26
DJ TROOPERS,Ubertreffen,PROGRESSIVE BAROQUE,TAKA respect for J.S.B.,0,0,0,0,0,---,NO PLAY,---,7,0,0,0,---,HARD CLEAR,---,10,0,0,0,---,HARD CLEAR,---,11,0,0,0,---,EX HARD CLEAR,---,12,0,0,0,---,HARD CLEAR,---,2026-09-16 19:26
DJ TROOPERS,Wanna Party?,PIANO HOUSE,RAM,0,0,0,0,0,---,NO PLAY,---,3,0,0,0,---,NO PLAY,---,6,0,0,0,---,HARD CLEAR,---,9,0,0,0,---,FULLCOMBO CLEAR,---,12,0,0,0,---,EX HARD CLEAR,---,2026-09-16 19:26
DJ TROOPERS,エコ爺,80's EURO,Y&Co.,0,0,0,0,0,---,NO PLAY,---,4,0,0,0,---,NO PLAY,---,6,0,0,0,---,NO PLAY,---,9,0,0,0,---,HARD CLEAR,---,0,0,0,0,---,NO PLAY,---,2026-09-16 19:26
DJ TROOPERS,マチ子の唄,EDUCATION,AKIRA YAMAOKA,0,0,0,0,0,---,NO PLAY,---,4,0,0,0,---,NO PLAY,---,7,0,0,0,---,EASY CLEAR,---,9,0,0,0,---,HARD CLEAR,---,0,0,0,0,---,NO PLAY,---,2026-09-16 19:26
DJ TROOPERS,ミラージュ・レジデンス,FUSION,Jimmy Weckl,0,0,0,0,0,---,NO PLAY,---,6,0,0,0,---,NO PLAY,---,10,0,0,0,---,HARD CLEAR,---,12,0,0,0,---,EX HARD CLEAR,---,0,0,0,0,---,NO PLAY,---,2026-09-16 19:26
DJ TROOPERS,少年A,POST RENAISSANCE,Remixed by 少年ラジオ,0,0,0,0,0,---,NO PLAY,---,6,0,0,0,---,NO PLAY,---,10,0,0,0,---,EX HARD CLEAR,---,12,0,0,0,---,HARD CLEAR,---,0,0,0,0,---,NO PLAY,---,2026-09-16 19:26
DJ TROOPERS,華爛漫 -Flowers-,HYPER JAPANESQUE 2,ＴЁЯＲＡ,0,0,0,0,0,---,NO PLAY,---,7,0,0,0,---,HARD CLEAR,---,9,0,0,0,---,HARD CLEAR,---,10,0,0,0,---,FULLCOMBO CLEAR,---,12,0,0,0,---,EX HARD CLEAR,---,2026-09-16 19:26
DJ TROOPERS,走馬灯 -The Last Song-,SOLDIER'S BALLAD,TAKA,0,0,0,0,0,---,NO PLAY,---,3,0,0,0,---,NO PLAY,---,5,0,0,0,---,FULLCOMBO CLEAR,---,0,0,0,0,---,NO PLAY,---,0,0,0,0,---,NO PLAY,---,2026-09-16 19:26
DJ TROOPERS,高高度降下低高度開傘,SYMPHONIC TECHNO,Dr.Honda,0,0,0,0,0,---,NO PLAY,---,5,0,0,0,---,NO PLAY,---,9,0,0,0,---,EASY CLEAR,---,10,0,0,0,---,NO PLAY,---,0,0,0,0,---,NO PLAY,---,2026-09-16 19:26
EMPRESS,3y3s,DANCE SPEED,青龍,0,0,0,0,0,---,NO PLAY,---,8,0,0,0,---,HARD CLEAR,---,10,0,0,0,---,HARD CLEAR,---,12,0,0,0,---,EX HARD CLEAR,---,0,0,0,0,---,NO PLAY,---,2026-09-16 19:26
EMPRESS,ALL I NEED YOUR LOVE,HARD CORE,GUHROOVY fw. M-Project,0,0,0,0,0,---,NO PLAY,---,6,0,0,0,---,NO PLAY,---,7,0,0,0,---,NO PLAY,---,9,0,0,0,---,EX HARD CLEAR,---,0,0,0,0,---,NO PLAY,---,2026-09-16 19:26
EMPRESS,ALL MY TURN -このターンに、オレの全てを賭ける-,ONLY ONE EURO BEAT,SUPER STAR 満-MITSURU-,0,0,0,0,0,---,NO PLAY,---,6,0,0,0,---,NO PLAY,---,9,0,0,0,---,HARD CLEAR,---,11,0,0,0,---,EX HARD CLEAR,---,0,0,0,0,---,NO PLAY,---,2026-09-16 19:26
EMPRESS,Arabian Rave Night,ARABIC HARDCORE,dj MAX STEROID,0,0,0,0,0,---,NO PLAY,---,6,0,0,0,---,NO PLAY,---,10,0,0,0,---,HARD CLEAR,---,11,0,0,0,---,EX HARD CLEAR,---,12,0,0,0,---,EX HARD CLEAR,---,2026-09-16 19:26
EMPRESS,B4U(BEMANI FOR YOU MIX),RECKLESS RAVE,Remixed by DJ YOSHITAKA with Michael a la mode,0,0,0,0,0,---,NO PLAY,---,7,0,0,0,---,HARD CLEAR,---,9,0,0,0,---,HARD CLEAR,---,11,0,0,0,---,EX HARD CLEAR,---,12,0,0,0,---,EX HARD CLEAR,---,2026-09-16 19:26
EMPRESS,Bahram Attack-猫叉Master Remix-,HOUSE,猫叉Master feat.JUNE,0,0,0,0,0,---,NO PLAY,---,5,0,0,0,---,NO PLAY,---,9,0,0,0,---,HARD CLEAR,---,11,0,0,0,---,EX HARD CLEAR,---,11,0,0,0,---,EX HARD CLEAR,---,2026-09-16 19:26
EMPRESS,BITTER CHOCOLATE STRIKER,JUMPSTYLE,L.E.D.-G,0,0,0,0,0,---,NO PLAY,---,5,0,0,0,---,NO PLAY,---,10,0,0,0,---,EX HARD CLEAR,---,11,0,0,0,---,EX HARD CLEAR,---,12,0,0,0,---,HARD CLEAR,---,2026-09-16 19:26
EMPRESS,BRIDAL FESTIVAL !!!,HAPPY ☆ JIG,S.S.D. with ななっち,0,0,0,0,0,---,NO PLAY,---,5,0,0,0,---,NO PLAY,---,8,0,0,0,---,HARD CLEAR,---,9,0,0,0,---,FULLCOMBO CLEAR,---,0,0,0,0,---,NO PLAY,---,2026-09-16 19:26
EMPRESS,CaptivAte2～覚醒～,NOSTALISH REQUIEM,e-lma,0,0,0,0,0,---,NO PLAY,---,5,0,0,0,---,HARD CLEAR,---,9,0,0,0,---,HARD CLEAR,---,11,0,0,0,---,EX HARD CLEAR,---,0,0,0,0,---,NO PLAY,---,2026-09-16 19:26
EMPRESS,Colorful Cookie,HAPPY HARDCORE,Lucky Vacuum,0,0,0,0,0,---,NO PLAY,---,7,0,0,0,---,HARD CLEAR,---,10,0,0,0,---,EX HARD CLEAR,---,12,0,0,0,---,EX HARD CLEAR,---,0,0,0,0,---,NO PLAY,---,2026-09-16 19:26
EMPRESS,Cyber Force -DJ Yoshitaka Remix-,BUCHIAGE TRANCE,Remixed by DJ YOSHITAKA,0,0,0,0,0,---,NO PLAY,---,6,0,0,0,---,NO PLAY,---,9,0,0,0,---,HARD CLEAR,---,10,0,0,0,---,EX HARD CLEAR,---,0,0,0,0,---,NO PLAY,---,2026-09-16 19:26
EMPRESS,Flash Back 90's,MEGA MIX,kors k as disconation,0,0,0,0,0,---,NO PLAY,---,5,0,0,0,---,NO PLAY,---,8,0,0,0,---,HARD CLEAR,---,9,0,0,0,---,EX HARD CLEAR,---,10,0,0,0,---,EX HARD CLEAR,---,2026-09-16 19:26
EMPRESS,Fly Above,DREAM TRANCE,Sota Fujimori,0,0,0,0,0,---,NO PLAY,---,5,0,0,0,---,NO PLAY,---,8,0,0,0,---,HARD CLEAR,---,9,0,0,0,---,FULLCOMBO CLEAR,---,0,0,0,0,---,NO PLAY,---,2026-09-16 19:26
EMPRESS,Go Beyond!!,TRANCE CORE,Ryu☆ Vs. Sota,0,0,0,0,0,---,NO PLAY,---,6,0,0,0,---,NO PLAY,---,10,0,0,0,---,HARD CLEAR,---,12,0,0,0,---,HARD CLEAR,---,0,0,0,0,---,NO PLAY,---,2026-09-16 19:26
EMPRESS,HYPERION,MORNING FULL ON,L.E.D.,0,0,0,0,0,---,NO PLAY,---,6,0,0,0,---,NO PLAY,---,9,0,0,0,---,HARD CLEAR,---,11,0,0,0,---,FULLCOMBO CLEAR,---,0,0,0,0,---,NO PLAY,---,2026-09-16 19:26
EMPRESS,I'm Screaming LOVE,TECHNO POP,Creative Life,0,0,0,0,0,---,NO PLAY,---,5,0,0,0,---,NO PLAY,---,7,0,0,0,---,NO PLAY,---,9,0,0,0,---,FULLCOMBO CLEAR,---,0,0,0,0,---,NO PLAY,---,2026-09-16 19:26
EMPRESS,Jack,MIXTURE,DesQ,0,0,0,0,0,---,NO PLAY,---,5,0,0,0,---,NO PLAY,---,8,0,0,0,---,HARD CLEAR,---,11,0,0,0,---,FULLCOMBO CLEAR,---,0,0,0,0,---,NO PLAY,---,2026-09-16 19:26
EMPRESS,Just a Little Smile,NU SKOOL BREAKS,Sota Fujimori,0,0,0,0,0,---,NO PLAY,---,5,0,0,0,---,NO PLAY,---,8,0,0,0,---,HARD CLEAR,---,11,0,0,0,---,EX HARD CLEAR,---,0,0,0,0,---,NO PLAY,---,2026-09-16 19:26
EMPRESS,Kung-fu Empire,ASIAN JANGLE,飛燕流舞,0,0,0,0,0,---,NO PLAY,---,6,0,0,0,---,CLEAR,---,10,0,0,0,---,EX HARD CLEAR,---,11,0,0,0,---,EX HARD CLEAR,---,12,0,0,0,---,EX HARD CLEAR,---,2026-09-16 19:26
EMPRESS,Marie Antoinette,宮廷円舞曲,Marguerite du Pre,0,0,0,0,0,---,NO PLAY,---,6,0,0,0,---,NO PLAY,---,9,0,0,0,---,NO PLAY,---,11,0,0,0,---,EX HARD CLEAR,---,11,0,0,0,---,EX HARD CLEAR,---,2026-09-16 19:26
EMPRESS,Mind Mapping,ELECTRO-TECH,Ryu☆,0,0,0,0,0,---,NO PLAY,---,4,0,0,0,---,NO PLAY,---,7,0,0,0,---,FULLCOMBO CLEAR,---,8,0,0,0,---,FULLCOMBO CLEAR,---,11,0,0,0,---,EX HARD CLEAR,---,2026-09-16 19:26
EMPRESS,Monkey Dance '09,EUROBEAT,Y&Co. Feat. DOMINO,0,0,0,0,0,---,NO PLAY,---,4,0,0,0,---,NO PLAY,---,8,0,0,0,---,NO PLAY,---,11,0,0,0,---,EX HARD CLEAR,---,0,0,0,0,---,NO PLAY,---,2026-09-16 19:26
EMPRESS,naughty girl@Queen's Palace,TECH-BREAKBEATS,DJ Mass MAD Izm*,0,0,0,0,0,---,NO PLAY,---,5,0,0,0,---,NO PLAY,---,8,0,0,0,---,HARD CLEAR,---,10,0,0,0,---,HARD CLEAR,---,11,0,0,0,---,HARD CLEAR,---,2026-09-16 19:26
EMPRESS,neogenesis,ENERGETIC TRANCE,DM Ashura,0,0,0,0,0,---,NO PLAY,---,5,0,0,0,---,NO PLAY,---,7,0,0,0,---,NO PLAY,---,9,0,0,0,---,HARD CLEAR,---,11,0,0,0,---,EX HARD CLEAR,---,2026-09-16 19:26
EMPRESS,NΦ CRIME,DANCE MUSIC OF SORROW,C×F,0,0,0,0,0,---,NO PLAY,---,5,0,0,0,---,NO PLAY,---,8,0,0,0,---,NO PLAY,---,9,0,0,0,---,HARD CLEAR,---,11,0,0,0,---,EX HARD CLEAR,---,2026-09-16 19:26
EMPRESS,Programmed World,PSY TRANCE(FULL ON),kors k as StripE,0,0,0,0,0,---,NO PLAY,---,5,0,0,0,---,NO PLAY,---,10,0,0,0,---,HARD CLEAR,---,11,0,0,0,---,EX HARD CLEAR,---,0,0,0,0,---,NO PLAY,---,2026-09-16 19:26
EMPRESS,Punch Love 仮面,E-DANCE POP,上野圭市(aka. Babyweapon，DJ SWAMI)feat.星野奏子,0,0,0,0,0,---,NO PLAY,---,6,0,0,0,---,NO PLAY,---,9,0,0,0,---,NO PLAY,---,10,0,0,0,---,HARD CLEAR,---,12,0,0,0,---,HARD CLEAR,---,2026-09-16 19:26
EMPRESS,Queen's Tragedy,BIGBEAT,猫叉Master+,0,0,0,0,0,---,NO PLAY,---,4,0,0,0,---,NO PLAY,---,8,0,0,0,---,NO PLAY,---,9,0,0,0,---,EX HARD CLEAR,---,0,0,0,0,---,NO PLAY,---,2026-09-16 19:26
EMPRESS,Secrets,TECH-PARA,good-cool ft. CHiCO,0,0,0,0,0,---,NO PLAY,---,5,0,0,0,---,NO PLAY,---,10,0,0,0,---,HARD CLEAR,---,11,0,0,0,---,EX HARD CLEAR,---,12,0,0,0,---,HARD CLEAR,---,2026-09-16 19:26
EMPRESS,smooooch・∀・,CANDY RAVE,kors k,0,0,0,0,0,---,NO PLAY,---,5,0,0,0,---,NO PLAY,---,8,0,0,0,---,HARD CLEAR,---,10,0,0,0,---,EX HARD CLEAR,---,11,0,0,0,---,EX HARD CLEAR,---,2026-09-16 19:26
EMPRESS,SOLITON BEAM,TECHNO,L.E.D.,0,0,0,0,0,---,NO PLAY,---,7,0,0,0,---,HARD CLEAR,---,10,0,0,0,---,HARD CLEAR,---,11,0,0,0,---,EX HARD CLEAR,---,0,0,0,0,---,NO PLAY,---,2026-09-16 19:26
EMPRESS,THANK YOU FOR PLAYING,ONLY ONE EPILOGUE,SUPER STAR 満-MITSURU-,0,0,0,0,0,---,NO PLAY,---,5,0,0,0,---,CLEAR,---,8,0,0,0,---,HARD CLEAR,---,10,0,0,0,---,HARD CLEAR,---,11,0,0,0,---,HARD CLEAR,---,2026-09-16 19:26
EMPRESS,THE SHINING POLARIS(kors k mix),UK HARD CORE,Remixed by kors k,0,0,0,0,0,---,NO PLAY,---,6,0,0,0,---,NO PLAY,---,9,0,0,0,---,NO PLAY,---,11,0,0,0,---,EX HARD CLEAR,---,0,0,0,0,---,NO PLAY,---,2026-09-16 19:26
EMPRESS,thunder HOUSE NATION Remix,HOUSE,Remix by Sunset In Ibiza (SII),0,0,0,0,0,---,NO PLAY,---,5,0,0,0,---,NO PLAY,---,8,0,0,0,---,NO PLAY,---,10,0,0,0,---,HARD CLEAR,---,12,0,0,0,---,EX HARD CLEAR,---,2026-09-16 19:26
EMPRESS,Turii ～Panta rhei～,ELEMENTAL CHANT,Zektbach,0,0,0,0,0,---,NO PLAY,---,4,0,0,0,---,NO PLAY,---,8,0,0,0,---,HARD CLEAR,---,10,0,0,0,---,EX HARD CLEAR,---,0,0,0,0,---,NO PLAY,---,2026-09-16 19:26
EMPRESS,V2,PROGRESSIVE,TAKA,0,0,0,0,0,---,NO PLAY,---,5,0,0,0,---,NO PLAY,---,10,0,0,0,---,HARD CLEAR,---,11,0,0,0,---,EX HARD CLEAR,---,0,0,0,0,---,NO PLAY,---,2026-09-16 19:26
EMPRESS,Y&Co. is dead or alive,90's RAVE,Y&Co.,0,0,0,0,0,---,NO PLAY,---,5,0,0,0,---,NO PLAY,---,10,0,0,0,---,HARD CLEAR,---,12,0,0,0,---,EASY CLEAR,---,0,0,0,0,---,NO PLAY,---,2026-09-16 19:26
EMPRESS,You'll say "Now!",ONLY ONE TECHNO,BLACK STAR 幸広-YUKIHIRO-,0,0,0,0,0,---,NO PLAY,---,7,0,0,0,---,HARD CLEAR,---,10,0,0,0,---,HARD CLEAR,---,11,0,0,0,---,EX HARD CLEAR,---,0,0,0,0,---,NO PLAY,---,2026-09-16 19:26
EMPRESS,まほろば,J-DANCE POP,HHH+H,0,0,0,0,0,---,NO PLAY,---,5,0,0,0,---,NO PLAY,---,8,0,0,0,---,NO PLAY,---,11,0,0,0,---,FULLCOMBO CLEAR,---,0,0,0,0,---,NO PLAY,---,2026-09-16 19:26
EMPRESS,ハリツヤランデヴー,HOU-ROCK,Des-MASTERS,0,0,0,0,0,---,NO PLAY,---,5,0,0,0,---,NO PLAY,---,8,0,0,0,---,NO PLAY,---,10,0,0,0,---,ASSIST CLEAR,---,0,0,0,0,---,NO PLAY,---,2026-09-16 19:26
EMPRESS,ミッドナイト堕天使,TRENDY TECHNO,Dr.Honda,0,0,0,0,0,---,NO PLAY,---,5,0,0,0,---,NO PLAY,---,8,0,0,0,---,NO PLAY,---,12,0,0,0,---,EX HARD CLEAR,---,0,0,0,0,---,NO PLAY,---,2026-09-16 19:26
EMPRESS,不沈艦CANDY,HARDCORE,Risk Junk,0,0,0,0,0,---,NO PLAY,---,6,0,0,0,---,CLEAR,---,9,0,0,0,---,HARD CLEAR,---,11,0,0,0,---,EX HARD CLEAR,---,0,0,0,0,---,NO PLAY,---,2026-09-16 19:26
EMPRESS,凛として咲く花の如く,撫子ロック,紅色リトマス,0,0,0,0,0,---,NO PLAY,---,6,0,0,0,---,NO PLAY,---,9,0,0,0,---,HARD CLEAR,---,10,0,0,0,---,HARD CLEAR,---,12,0,0,0,---,EX HARD CLEAR,---,2026-09-16 19:26
EMPRESS,卑弥呼,ESOTERIC SPEEDCORE,朱雀 VS 玄武,0,0,0,0,0,---,NO PLAY,---,7,0,0,0,---,HARD CLEAR,---,11,0,0,0,---,HARD CLEAR,---,12,0,0,0,---,CLEAR,---,0,0,0,0,---,NO PLAY,---,2026-09-16 19:26
EMPRESS,天空脳番長危機十六連打,RAGE AGAINST EMPRESS,D.J.SETUP,0,0,0,0,0,---,NO PLAY,---,5,0,0,0,---,NO PLAY,---,10,0,0,0,---,HARD CLEAR,---,11,0,0,0,---,EX HARD CLEAR,---,0,0,0,0,---,NO PLAY,---,2026-09-16 19:26
EMPRESS,山岡晃の「クイズ！家事都合！」,ポップス,AKIRA YAMAOKA feat.喜屋武ちあき,0,0,0,0,0,---,NO PLAY,---,5,0,0,0,---,NO PLAY,---,8,0,0,0,---,NO PLAY,---,10,0,0,0,---,HARD CLEAR,---,0,0,0,0,---,NO PLAY,---,2026-09-16 19:26
EMPRESS,翼,J-TRANCE,小林ゆう,0,0,0,0,0,---,NO PLAY,---,5,0,0,0,---,NO PLAY,---,8,0,0,0,---,HARD CLEAR,---,9,0,0,0,---,FULLCOMBO CLEAR,---,11,0,0,0,---,EX HARD CLEAR,---,2026-09-16 19:26
EMPRESS,鉄甲乙女-under the steel-,IRON CONCERTO,Seiya Murai,0,0,0,0,0,---,NO PLAY,---,5,0,0,0,---,NO PLAY,---,9,0,0,0,---,NO PLAY,---,10,0,0,0,---,EX HARD CLEAR,---,0,0,0,0,---,NO PLAY,---,2026-09-16 19:26
SIRIUS,AIR RAID FROM THA UNDAGROUND,SPEEDCORE,GUHROOVY,0,0,0,0,0,---,NO PLAY,---,6,0,0,0,---,NO PLAY,---,9,0,0,0,---,HARD CLEAR,---,11,0,0,0,---,EX HARD CLEAR,---,12,0,0,0,---,HARD CLEAR,---,2026-09-16 19:26
SIRIUS,Almagest,AKASHIC RECORDS,Galdeira,0,0,0,0,0,---,NO PLAY,---,6,0,0,0,---,FULLCOMBO CLEAR,---,11,0,0,0,---,EX HARD CLEAR,---,12,0,0,0,---,CLEAR,---,0,0,0,0,---,NO PLAY,---,2026-09-16 19:26
SIRIUS,Bad Maniacs,INDUSTRIAL,kors k as teranoid,0,0,0,0,0,---,NO PLAY,---,7,0,0,0,---,HARD CLEAR,---,10,0,0,0,---,HARD CLEAR,---,12,0,0,0,---,CLEAR,---,0,0,0,0,---,NO PLAY,---,2026-09-16 19:26
SIRIUS,bass 2 bass,BUBBLEGUM DANCE,Ryu☆,0,0,0,0,0,---,NO PLAY,---,5,0,0,0,---,HARD CLEAR,---,7,0,0,0,---,HARD CLEAR,---,10,0,0,0,---,EX HARD CLEAR,---,0,0,0,0,---,NO PLAY,---,2026-09-16 19:26
SIRIUS,beatchic☆仮面～好き、でいさせて～,E-DANCE POP,上野圭市(transforming into Masao Lovely)feat.星野奏子,0,0,0,0,0,---,NO PLAY,---,5,0,0,0,---,NO PLAY,---,8,0,0,0,---,NO PLAY,---,10,0,0,0,---,HARD CLEAR,---,0,0,0,0,---,NO PLAY,---,2026-09-16 19:26
SIRIUS,BEAUTIFUL ANGEL,DRUM'N'BASS,DJ SWAN,0,0,0,0,0,---,NO PLAY,---,5,0,0,0,---,NO PLAY,---,8,0,0,0,---,NO PLAY,---,10,0,0,0,---,FULLCOMBO CLEAR,---,0,0,0,0,---,NO PLAY,---,2026-09-16 19:26
SIRIUS,being torn the sky,ELECTRO POP,猫叉Master+ feat.JUNE,0,0,0,0,0,---,NO PLAY,---,3,0,0,0,---,NO PLAY,---,7,0,0,0,---,NO PLAY,---,9,0,0,0,---,FULLCOMBO CLEAR,---,0,0,0,0,---,NO PLAY,---,2026-09-16 19:26
SIRIUS,bloomin' feeling,HAPPY HARDCORE,Ryu☆,0,0,0,0,0,---,NO PLAY,---,6,0,0,0,---,HARD CLEAR,---,10,0,0,0,---,HARD CLEAR,---,11,0,0,0,---,EX HARD CLEAR,---,0,0,0,0,---,NO PLAY,---,2026-09-16 19:26
SIRIUS,CaptivAte～裁き～(SUBLIME TECHNO MIX),SUBLIME TECHNO,Remixed by DJ YOSHITAKA,0,0,0,0,0,---,NO PLAY,---,5,0,0,0,---,NO PLAY,---,8,0,0,0,---,HARD CLEAR,---,10,0,0,0,---,HARD CLEAR,---,0,0,0,0,---,NO PLAY,---,2026-09-16 19:26
SIRIUS,D,NEXT SKOOL BREAKBEATS HARDCORE,Eagle,0,0,0,0,0,---,NO PLAY,---,6,0,0,0,---,NO PLAY,---,10,0,0,0,---,HARD CLEAR,---,11,0,0,0,---,EX HARD CLEAR,---,0,0,0,0,---,NO PLAY,---,2026-09-16 19:26
SIRIUS,DAWN -THE NEXT ENDEAVOUR-,DRUM & BASS,L.E.D. fw.堀澤麻衣子,0,0,0,0,0,---,NO PLAY,---,8,0,0,0,---,HARD CLEAR,---,9,0,0,0,---,HARD CLEAR,---,10,0,0,0,---,EX HARD CLEAR,---,0,0,0,0,---,NO PLAY,---,2026-09-16 19:26
SIRIUS,Dazzlin' Darlin-秋葉工房mix-,EUROBEAT,Remixed by DJ Command,0,0,0,0,0,---,NO PLAY,---,5,0,0,0,---,NO PLAY,---,8,0,0,0,---,HARD CLEAR,---,11,0,0,0,---,EX HARD CLEAR,---,0,0,0,0,---,NO PLAY,---,2026-09-16 19:26
SIRIUS,DESIRE,UK HARDCORE,M-Project fw. GUHROOVY,0,0,0,0,0,---,NO PLAY,---,5,0,0,0,---,NO PLAY,---,8,0,0,0,---,HARD CLEAR,---,10,0,0,0,---,FULLCOMBO CLEAR,---,0,0,0,0,---,NO PLAY,---,2026-09-16 19:26
SIRIUS,Do Back Burn,ELECTRO,PRASTIK DANCEFLOOR,0,0,0,0,0,---,NO PLAY,---,5,0,0,0,---,NO PLAY,---,9,0,0,0,---,NO PLAY,---,10,0,0,0,---,EX HARD CLEAR,---,0,0,0,0,---,NO PLAY,---,2026-09-16 19:26
SIRIUS,DOMINION,HARDCORE,L.E.D.-G,0,0,0,0,0,---,NO PLAY,---,5,0,0,0,---,NO PLAY,---,10,0,0,0,---,HARD CLEAR,---,12,0,0,0,---,EX HARD CLEAR,---,0,0,0,0,---,NO PLAY,---,2026-09-16 19:26
SIRIUS,DROP,WHITE SEQUENCE,dj TAKA feat.Kanako Hoshino,0,0,0,0,0,---,NO PLAY,---,4,0,0,0,---,NO PLAY,---,8,0,0,0,---,HARD CLEAR,---,11,0,0,0,---,EX HARD CLEAR,---,0,0,0,0,---,NO PLAY,---,2026-09-16 19:26
SIRIUS,Elisha,TRANCE CORE,DJ YOSHITAKA,0,0,0,0,0,---,NO PLAY,---,5,0,0,0,---,CLEAR,---,9,0,0,0,---,FULLCOMBO CLEAR,---,11,0,0,0,---,FULLCOMBO CLEAR,---,0,0,0,0,---,NO PLAY,---,2026-09-16 19:26
SIRIUS,Empire State Glory,CYBERPUNK,Dirty Androids,0,0,0,0,0,---,NO PLAY,---,6,0,0,0,---,NO PLAY,---,10,0,0,0,---,HARD CLEAR,---,11,0,0,0,---,EX HARD CLEAR,---,0,0,0,0,---,NO PLAY,---,2026-09-16 19:26
SIRIUS,eRAseRmOToRpHAntOM,HARDCORE,L.E.D.-G VS GUHROOVY,0,0,0,0,0,---,NO PLAY,---,8,0,0,0,---,HARD CLEAR,---,10,0,0,0,---,HARD CLEAR,---,12,0,0,0,---,HARD CLEAR,---,0,0,0,0,---,NO PLAY,---,2026-09-16 19:26
SIRIUS,Evans,HARD RENAISSANCE,DJ YOSHITAKA,0,0,0,0,0,---,NO PLAY,---,7,0,0,0,---,HARD CLEAR,---,10,0,0,0,---,FULLCOMBO CLEAR,---,12,0,0,0,---,EX HARD CLEAR,---,0,0,0,0,---,NO PLAY,---,2026-09-16 19:26
SIRIUS,EXUSIA,HARDCORE,L.E.D.-G,0,0,0,0,0,---,NO PLAY,---,8,0,0,0,---,HARD CLEAR,---,10,0,0,0,---,EX HARD CLEAR,---,12,0,0,0,---,EX HARD CLEAR,---,0,0,0,0,---,NO PLAY,---,2026-09-16 19:26
SIRIUS,G59,EXPERIMENTAL MUSIC,怒れる金の獅子,0,0,0,0,0,---,NO PLAY,---,6,0,0,0,---,NO PLAY,---,11,0,0,0,---,FULLCOMBO CLEAR,---,12,0,0,0,---,HARD CLEAR,---,0,0,0,0,---,NO PLAY,---,2026-09-16 19:26
SIRIUS,GALGALIM,HARDCORE TECHNO,L.E.D.,0,0,0,0,0,---,NO PLAY,---,7,0,0,0,---,HARD CLEAR,---,10,0,0,0,---,EX HARD CLEAR,---,12,0,0,0,---,EX HARD CLEAR,---,0,0,0,0,---,NO PLAY,---,2026-09-16 19:26
SIRIUS,GOLDEN CROSS,TECHNO,dj REMO-CON VS dj TAKA,0,0,0,0,0,---,NO PLAY,---,6,0,0,0,---,HARD CLEAR,---,8,0,0,0,---,HARD CLEAR,---,12,0,0,0,---,EX HARD CLEAR,---,0,0,0,0,---,NO PLAY,---,2026-09-16 19:26
SIRIUS,Hydrogen Blueback,TECH DANCE,MAD CHILD,0,0,0,0,0,---,NO PLAY,---,5,0,0,0,---,NO PLAY,---,8,0,0,0,---,HARD CLEAR,---,10,0,0,0,---,EX HARD CLEAR,---,11,0,0,0,---,EX HARD CLEAR,---,2026-09-16 19:26
SIRIUS,IN THE NAME OF LOVE,EUROBEAT,Y&Co.feat.Erica,0,0,0,0,0,---,NO PLAY,---,4,0,0,0,---,NO PLAY,---,8,0,0,0,---,HARD CLEAR,---,10,0,0,0,---,HARD CLEAR,---,0,0,0,0,---,NO PLAY,---,2026-09-16 19:26
SIRIUS,Keep it-秋葉工房mix-,EUROBEAT,DJ Command feat. NAGISA,0,0,0,0,0,---,NO PLAY,---,5,0,0,0,---,NO PLAY,---,9,0,0,0,---,HARD CLEAR,---,11,0,0,0,---,EX HARD CLEAR,---,0,0,0,0,---,NO PLAY,---,2026-09-16 19:26
SIRIUS,Last Burning,ELECTRO,Dirty Androids,0,0,0,0,0,---,NO PLAY,---,4,0,0,0,---,NO PLAY,---,7,0,0,0,---,NO PLAY,---,9,0,0,0,---,HARD CLEAR,---,0,0,0,0,---,NO PLAY,---,2026-09-16 19:26
SIRIUS,Light Shine,BUBBLEGUM DANCE,Ryu☆,0,0,0,0,0,---,NO PLAY,---,5,0,0,0,---,NO PLAY,---,9,0,0,0,---,HARD CLEAR,---,11,0,0,0,---,EX HARD CLEAR,---,0,0,0,0,---,NO PLAY,---,2026-09-16 19:26
SIRIUS,MIRACLE MEETS,BUCHIAGE TRANCE,Lucky Vacuum,0,0,0,0,0,---,NO PLAY,---,6,0,0,0,---,HARD CLEAR,---,9,0,0,0,---,FULLCOMBO CLEAR,---,10,0,0,0,---,FULLCOMBO CLEAR,---,0,0,0,0,---,NO PLAY,---,2026-09-16 19:26
SIRIUS,mosaic,TECHNO POP SPEED,Auridy,0,0,0,0,0,---,NO PLAY,---,7,0,0,0,---,HARD CLEAR,---,8,0,0,0,---,HARD CLEAR,---,11,0,0,0,---,EX HARD CLEAR,---,0,0,0,0,---,NO PLAY,---,2026-09-16 19:26
SIRIUS,NEW SENSATION -もう、あなたしか見えない-,ONLY ONE IDOL SONG,SUPER HEROINE 彩香-AYAKA-,0,0,0,0,0,---,NO PLAY,---,6,0,0,0,---,NO PLAY,---,9,0,0,0,---,NO PLAY,---,11,0,0,0,---,HARD CLEAR,---,0,0,0,0,---,NO PLAY,---,2026-09-16 19:26
SIRIUS,NoN-Fiction Story!,TECHNO POP,Creative Life,0,0,0,0,0,---,NO PLAY,---,4,0,0,0,---,NO PLAY,---,7,0,0,0,---,HARD CLEAR,---,9,0,0,0,---,EX HARD CLEAR,---,0,0,0,0,---,NO PLAY,---,2026-09-16 19:26
SIRIUS,Programmed Sun,PSY TRANCE(MORNING),kors k,0,0,0,0,0,---,NO PLAY,---,4,0,0,0,---,HARD CLEAR,---,9,0,0,0,---,EX HARD CLEAR,---,10,0,0,0,---,EX HARD CLEAR,---,0,0,0,0,---,NO PLAY,---,2026-09-16 19:26
SIRIUS,quell～the seventh slave～,TRANCE,dj TAKA Vs. DJ YOSHITAKA,0,0,0,0,0,---,NO PLAY,---,7,0,0,0,---,HARD CLEAR,---,9,0,0,0,---,HARD CLEAR,---,12,0,0,0,---,ASSIST CLEAR,---,0,0,0,0,---,NO PLAY,---,2026-09-16 19:26
SIRIUS,Raison d'etre～交差する宿命～,ASTRAL CHOIR,Zektbach,1,0,0,0,0,---,NO PLAY,---,6,0,0,0,---,EX HARD CLEAR,---,10,0,0,0,---,EX HARD CLEAR,---,12,0,0,0,---,HARD CLEAR,---,12,3472,1465,542,99,EASY CLEAR,A,2026-09-16 22:12
SIRIUS,Red. by Full Metal Jacket,TECH-BREAKBEATS,DJ Mass MAD Izm*,0,0,0,0,0,---,NO PLAY,---,6,0,0,0,---,HARD CLEAR,---,9,0,0,0,---,FULLCOMBO CLEAR,---,12,0,0,0,---,EX HARD CLEAR,---,0,0,0,0,---,NO PLAY,---,2026-09-16 19:26
SIRIUS,Roots of my way!,ACTRESS,ナイア,0,0,0,0,0,---,NO PLAY,---,5,0,0,0,---,NO PLAY,---,7,0,0,0,---,NO PLAY,---,9,0,0,0,---,HARD CLEAR,---,0,0,0,0,---,NO PLAY,---,2026-09-16 19:26
SIRIUS,Session 1 -Genesis-,ELECTRIC FUSION,PRASTIK DANCEFLOOR,0,0,0,0,0,---,NO PLAY,---,8,0,0,0,---,HARD CLEAR,---,9,0,0,0,---,HARD CLEAR,---,11,0,0,0,---,EX HARD CLEAR,---,0,0,0,0,---,NO PLAY,---,2026-09-16 19:26
SIRIUS,She is my wife,ONLY ONE BALLAD,SUPER STAR 満-MITSURU-,0,0,0,0,0,---,NO PLAY,---,5,0,0,0,---,NO PLAY,---,9,0,0,0,---,NO PLAY,---,10,0,0,0,---,HARD CLEAR,---,0,0,0,0,---,NO PLAY,---,2026-09-16 19:26
SIRIUS,SOLID STATE SQUAD,HARDSTYLE,kors k Vs. L.E.D.,0,0,0,0,0,---,NO PLAY,---,5,0,0,0,---,NO PLAY,---,11,0,0,0,---,HARD CLEAR,---,12,0,0,0,---,EX HARD CLEAR,---,12,0,0,0,---,HARD CLEAR,---,2026-09-16 19:26
SIRIUS,Sorrows,EMO,Asako Yoshihiro,0,0,0,0,0,---,NO PLAY,---,5,0,0,0,---,HARD CLEAR,---,8,0,0,0,---,HARD CLEAR,---,11,0,0,0,---,FULLCOMBO CLEAR,---,0,0,0,0,---,NO PLAY,---,2026-09-16 19:26
SIRIUS,Special One,J-HOUSE,kors k feat. Suzuyo Miyamoto,0,0,0,0,0,---,NO PLAY,---,5,0,0,0,---,CLEAR,---,8,0,0,0,---,FULLCOMBO CLEAR,---,9,0,0,0,---,FULLCOMBO CLEAR,---,0,0,0,0,---,NO PLAY,---,2026-09-16 19:26
SIRIUS,THE LAST STRIKER,DRUM & BASS,L.E.D.,0,0,0,0,0,---,NO PLAY,---,6,0,0,0,---,NO PLAY,---,8,0,0,0,---,NO PLAY,---,10,0,0,0,---,EX HARD CLEAR,---,0,0,0,0,---,NO PLAY,---,2026-09-16 19:26
SIRIUS,The Story Begins,EPIC TRANCE,SADA & Sota,0,0,0,0,0,---,NO PLAY,---,6,0,0,0,---,NO PLAY,---,9,0,0,0,---,HARD CLEAR,---,11,0,0,0,---,EX HARD CLEAR,---,0,0,0,0,---,NO PLAY,---,2026-09-16 19:26
SIRIUS,かずあそび,INSANIO,CULTVOICE by S.S.D.PRODUCTS,0,0,0,0,0,---,NO PLAY,---,4,0,0,0,---,NO PLAY,---,7,0,0,0,---,HARD CLEAR,---,9,0,0,0,---,FULLCOMBO CLEAR,---,0,0,0,0,---,NO PLAY,---,2026-09-16 19:26
SIRIUS,たからもの,POPS,セリカ＆エリカ,0,0,0,0,0,---,NO PLAY,---,5,0,0,0,---,NO PLAY,---,7,0,0,0,---,HARD CLEAR,---,10,0,0,0,---,EX HARD CLEAR,---,11,0,0,0,---,EX HARD CLEAR,---,2026-09-16 19:26
SIRIUS,コスモス,J-POP,TSU-NA,0,0,0,0,0,---,NO PLAY,---,5,0,0,0,---,HARD CLEAR,---,8,0,0,0,---,HARD CLEAR,---,9,0,0,0,---,HARD CLEAR,---,0,0,0,0,---,NO PLAY,---,2026-09-16 19:26
SIRIUS,サヨナラ・ヘヴン,WORLD/ELECTRONICA,猫叉Master,0,0,0,0,0,---,NO PLAY,---,6,0,0,0,---,HARD CLEAR,---,7,0,0,0,---,HARD CLEAR,---,8,0,0,0,---,FULLCOMBO CLEAR,---,10,0,0,0,---,EX HARD CLEAR,---,2026-09-16 19:26
SIRIUS,バビロニア,DISTORTED NEW AGE,劇団レコード,0,0,0,0,0,---,NO PLAY,---,4,0,0,0,---,NO PLAY,---,6,0,0,0,---,NO PLAY,---,8,0,0,0,---,FULLCOMBO CLEAR,---,0,0,0,0,---,NO PLAY,---,2026-09-16 19:26
SIRIUS,ワルツ第17番 ト短調”大犬のワルツ”,VALSE,virkato,0,0,0,0,0,---,NO PLAY,---,6,0,0,0,---,FULLCOMBO CLEAR,---,10,0,0,0,---,EX HARD CLEAR,---,12,0,0,0,---,HARD CLEAR,---,0,0,0,0,---,NO PLAY,---,2026-09-16 19:26
SIRIUS,未来のプリズム,STARPOP,星野奏子,0,0,0,0,0,---,NO PLAY,---,4,0,0,0,---,NO PLAY,---,8,0,0,0,---,NO PLAY,---,10,0,0,0,---,HARD CLEAR,---,0,0,0,0,---,NO PLAY,---,2026-09-16 19:26
SIRIUS,水上の提督(Short mix from "幻想水滸伝V"),WORLD/ELECTRONICA,猫叉Master,0,0,0,0,0,---,NO PLAY,---,3,0,0,0,---,NO PLAY,---,9,0,0,0,---,HARD CLEAR,---,10,0,0,0,---,HARD CLEAR,---,0,0,0,0,---,NO PLAY,---,2026-09-16 19:26
Resort Anthem,Aegis,TECHNO,IT medalion,0,0,0,0,0,---,NO PLAY,---,5,0,0,0,---,NO PLAY,---,8,0,0,0,---,FULLCOMBO CLEAR,---,10,0,0,0,---,EX HARD CLEAR,---,0,0,0,0,---,NO PLAY,---,2026-09-16 19:26
Resort Anthem,ALBIDA,HARD RENAISSANCE,DJ YOSHITAKA,0,0,0,0,0,---,NO PLAY,---,6,0,0,0,---,NO PLAY,---,9,0,0,0,---,FULLCOMBO CLEAR,---,11,0,0,0,---,EX HARD CLEAR,---,0,0,0,0,---,NO PLAY,---,2026-09-16 19:26
Resort Anthem,Answer,STARPOP,星野奏子,0,0,0,0,0,---,NO PLAY,---,5,0,0,0,---,NO PLAY,---,7,0,0,0,---,NO PLAY,---,9,0,0,0,---,HARD CLEAR,---,0,0,0,0,---,NO PLAY,---,2026-09-16 19:26
Resort Anthem,ANTHEM LANDING,LATIN TEK,DJムラサメ,0,0,0,0,0,---,NO PLAY,---,6,0,0,0,---,FULLCOMBO CLEAR,---,10,0,0,0,---,HARD CLEAR,---,11,0,0,0,---,EX HARD CLEAR,---,0,0,0,0,---,NO PLAY,---,2026-09-16 19:26
Resort Anthem,Believe In Me,HARDCORE,Uraken feat. Calyn Tsukishima,0,0,0,0,0,---,NO PLAY,---,5,0,0,0,---,NO PLAY,---,9,0,0,0,---,HARD CLEAR,---,11,0,0,0,---,EX HARD CLEAR,---,0,0,0,0,---,NO PLAY,---,2026-09-16 19:26
Resort Anthem,BLUST OF WIND,CROSSOVER HOUSE,Anemo=Aspel by MLREC.,0,0,0,0,0,---,NO PLAY,---,5,0,0,0,---,NO PLAY,---,8,0,0,0,---,HARD CLEAR,---,10,0,0,0,---,FULLCOMBO CLEAR,---,11,0,0,0,---,EX HARD CLEAR,---,2026-09-16 19:26
Resort Anthem,Bounce Bounce Bounce,DANCEHALL,kors k feat.Kanata Okajima＆楽天斎,0,0,0,0,0,---,NO PLAY,---,5,0,0,0,---,NO PLAY,---,9,0,0,0,---,HARD CLEAR,---,11,0,0,0,---,EX HARD CLEAR,---,0,0,0,0,---,NO PLAY,---,2026-09-16 19:26
Resort Anthem,Breaking the ground,HARDCORE,Art of Fighters,0,0,0,0,0,---,NO PLAY,---,5,0,0,0,---,NO PLAY,---,8,0,0,0,---,HARD CLEAR,---,10,0,0,0,---,EX HARD CLEAR,---,0,0,0,0,---,NO PLAY,---,2026-09-16 19:26
Resort Anthem,Broken,TRANCE,dj TAKA feat.AiMEE,0,0,0,0,0,---,NO PLAY,---,5,0,0,0,---,NO PLAY,---,9,0,0,0,---,FULLCOMBO CLEAR,---,12,0,0,0,---,EX HARD CLEAR,---,0,0,0,0,---,NO PLAY,---,2026-09-16 19:26
Resort Anthem,BROKEN EDEN,SYMPHONIC-TEK,MYTHOLOGIA by MLREC.,0,0,0,0,0,---,NO PLAY,---,6,0,0,0,---,NO PLAY,---,10,0,0,0,---,HARD CLEAR,---,11,0,0,0,---,EX HARD CLEAR,---,0,0,0,0,---,NO PLAY,---,2026-09-16 19:26
Resort Anthem,Dances with Snow Fairies,トレンディートランス,Dr.Honda,0,0,0,0,0,---,NO PLAY,---,7,0,0,0,---,NO PLAY,---,10,0,0,0,---,HARD CLEAR,---,12,0,0,0,---,HARD CLEAR,---,12,0,0,0,---,CLEAR,---,2026-09-16 19:26
Resort Anthem,DAYDREAMER,GIRLY ROCK,ピンクターボ,0,0,0,0,0,---,NO PLAY,---,6,0,0,0,---,NO PLAY,---,8,0,0,0,---,HARD CLEAR,---,10,0,0,0,---,HARD CLEAR,---,0,0,0,0,---,NO PLAY,---,2026-09-16 19:26
Resort Anthem,Destiny Sword,ELECTRIC STEP,CAPACITY GATE,0,0,0,0,0,---,NO PLAY,---,5,0,0,0,---,NO PLAY,---,9,0,0,0,---,HARD CLEAR,---,11,0,0,0,---,EX HARD CLEAR,---,0,0,0,0,---,NO PLAY,---,2026-09-16 19:26
Resort Anthem,DM STAR～関西 energy style～,SPEED RAVE,NAOKI,0,0,0,0,0,---,NO PLAY,---,6,0,0,0,---,NO PLAY,---,9,0,0,0,---,HARD CLEAR,---,11,0,0,0,---,EX HARD CLEAR,---,0,0,0,0,---,NO PLAY,---,2026-09-16 19:26
Resort Anthem,Energy Drive,HARDCORE,kevin energy,0,0,0,0,0,---,NO PLAY,---,6,0,0,0,---,NO PLAY,---,8,0,0,0,---,HARD CLEAR,---,11,0,0,0,---,EX HARD CLEAR,---,0,0,0,0,---,NO PLAY,---,2026-09-16 19:26
Resort Anthem,Eternal Tears,WINTER BALLADE,ツガル,0,0,0,0,0,---,NO PLAY,---,2,0,0,0,---,NO PLAY,---,5,0,0,0,---,NO PLAY,---,7,0,0,0,---,FULLCOMBO CLEAR,---,0,0,0,0,---,NO PLAY,---,2026-09-16 19:26
Resort Anthem,Everlasting Resort,ONLY ONE ANTHEM,SUPER STAR 満-MITSURU-,0,0,0,0,0,---,NO PLAY,---,5,0,0,0,---,NO PLAY,---,7,0,0,0,---,NO PLAY,---,10,0,0,0,---,FULLCOMBO CLEAR,---,0,0,0,0,---,NO PLAY,---,2026-09-16 19:26
Resort Anthem,Fantasia,HYPER FANTASIA,ＴЁЯＲＡ,0,0,0,0,0,---,NO PLAY,---,4,0,0,0,---,NO PLAY,---,8,0,0,0,---,HARD CLEAR,---,10,0,0,0,---,HARD CLEAR,---,0,0,0,0,---,NO PLAY,---,2026-09-16 19:26
Resort Anthem,Golden Palms,NU DISCO,Dirty Androids,0,0,0,0,0,---,NO PLAY,---,5,0,0,0,---,NO PLAY,---,9,0,0,0,---,FULLCOMBO CLEAR,---,10,0,0,0,---,EX HARD CLEAR,---,11,0,0,0,---,EX HARD CLEAR,---,2026-09-16 19:26
Resort Anthem,I FIGHT ME,DRUM & BASS,kobo feat. Marsha,0,0,0,0,0,---,NO PLAY,---,4,0,0,0,---,NO PLAY,---,7,0,0,0,---,NO PLAY,---,10,0,0,0,---,FULLCOMBO CLEAR,---,0,0,0,0,---,NO PLAY,---,2026-09-16 19:26
Resort Anthem,Kailua,ENERGETIC HAWAIIAN TRANCE,kors k,0,0,0,0,0,---,NO PLAY,---,4,0,0,0,---,NO PLAY,---,9,0,0,0,---,EX HARD CLEAR,---,12,0,0,0,---,EX HARD CLEAR,---,0,0,0,0,---,NO PLAY,---,2026-09-16 19:26
Resort Anthem,Let The Track Flow,UK HARDCORE,Brisk & Ham,0,0,0,0,0,---,NO PLAY,---,5,0,0,0,---,NO PLAY,---,8,0,0,0,---,NO PLAY,---,11,0,0,0,---,EX HARD CLEAR,---,0,0,0,0,---,NO PLAY,---,2026-09-16 19:26
Resort Anthem,Medicine of love,MAGICAL POP,イロハ＆リリナ,0,0,0,0,0,---,NO PLAY,---,4,0,0,0,---,NO PLAY,---,6,0,0,0,---,NO PLAY,---,9,0,0,0,---,HARD CLEAR,---,11,0,0,0,---,EX HARD CLEAR,---,2026-09-16 19:26
Resort Anthem,Mermaid girl,BUBBLEGUM DANCE,Cream puff,0,0,0,0,0,---,NO PLAY,---,6,0,0,0,---,NO PLAY,---,8,0,0,0,---,HARD CLEAR,---,10,0,0,0,---,FULLCOMBO CLEAR,---,0,0,0,0,---,NO PLAY,---,2026-09-16 19:26
Resort Anthem,Never Fade Away,IIDX HANDZ UP!!,Sota Fujimori feat. dj MAX STEROID,0,0,0,0,0,---,NO PLAY,---,5,0,0,0,---,NO PLAY,---,9,0,0,0,---,FULLCOMBO CLEAR,---,11,0,0,0,---,EX HARD CLEAR,---,0,0,0,0,---,NO PLAY,---,2026-09-16 19:26
Resort Anthem,New Castle Legions,DYSTOPIA,Dirty Androids,0,0,0,0,0,---,NO PLAY,---,6,0,0,0,---,NO PLAY,---,10,0,0,0,---,NO PLAY,---,12,0,0,0,---,EX HARD CLEAR,---,0,0,0,0,---,NO PLAY,---,2026-09-16 19:26
Resort Anthem,PARADISE LOST,TRANCE CORE,Ryu☆ Vs. L.E.D.-G,0,0,0,0,0,---,NO PLAY,---,7,0,0,0,---,NO PLAY,---,10,0,0,0,---,EX HARD CLEAR,---,12,0,0,0,---,HARD CLEAR,---,0,0,0,0,---,NO PLAY,---,2026-09-16 19:26
Resort Anthem,passionate fate,HANDZ UP,Ryu☆,0,0,0,0,0,---,NO PLAY,---,6,0,0,0,---,NO PLAY,---,9,0,0,0,---,HARD CLEAR,---,11,0,0,0,---,EX HARD CLEAR,---,0,0,0,0,---,NO PLAY,---,2026-09-16 19:26
Resort Anthem,perditus†paradisus,ANTHEM CORE,iconoclasm,0,0,0,0,0,---,NO PLAY,---,7,0,0,0,---,NO PLAY,---,11,0,0,0,---,EX HARD CLEAR,---,12,0,0,0,---,EASY CLEAR,---,0,0,0,0,---,NO PLAY,---,2026-09-16 19:26
Resort Anthem,Programmed Life,PSY TRANCE(FULL ON),kors k,0,0,0,0,0,---,NO PLAY,---,6,0,0,0,---,NO PLAY,---,9,0,0,0,---,HARD CLEAR,---,11,0,0,0,---,EX HARD CLEAR,---,0,0,0,0,---,NO PLAY,---,2026-09-16 19:26
Resort Anthem,reunion,CYBER WALTZ,Tatsh,0,0,0,0,0,---,NO PLAY,---,8,0,0,0,---,HARD CLEAR,---,11,0,0,0,---,EX HARD CLEAR,---,12,0,0,0,---,HARD CLEAR,---,0,0,0,0,---,NO PLAY,---,2026-09-16 19:26
Resort Anthem,Rock Da House,UK HARDCORE,M-Project fw. GUHROOVY,0,0,0,0,0,---,NO PLAY,---,5,0,0,0,---,NO PLAY,---,8,0,0,0,---,HARD CLEAR,---,10,0,0,0,---,EX HARD CLEAR,---,0,0,0,0,---,NO PLAY,---,2026-09-16 19:26
Resort Anthem,SABER WING,SHOOTING WALTZ,TAG,0,0,0,0,0,---,NO PLAY,---,5,0,0,0,---,NO PLAY,---,9,0,0,0,---,HARD CLEAR,---,12,0,0,0,---,EX HARD CLEAR,---,0,0,0,0,---,NO PLAY,---,2026-09-16 19:26
Resort Anthem,Sakura Reflection,HAPPY HARDCORE,Ryu☆,0,0,0,0,0,---,NO PLAY,---,6,0,0,0,---,NO PLAY,---,9,0,0,0,---,HARD CLEAR,---,11,0,0,0,---,EX HARD CLEAR,---,0,0,0,0,---,NO PLAY,---,2026-09-16 19:26
Resort Anthem,sakura storm,HAPPY HARDCORE,Ryu☆,0,0,0,0,0,---,NO PLAY,---,6,0,0,0,---,NO PLAY,---,10,0,0,0,---,EX HARD CLEAR,---,12,0,0,0,---,EX HARD CLEAR,---,0,0,0,0,---,NO PLAY,---,2026-09-16 19:26
Resort Anthem,Session 9 -Chronicles-,ROCKIN' DRUM'N'BASS,PRASTIK DANCEFLOOR,0,0,0,0,0,---,NO PLAY,---,5,0,0,0,---,NO PLAY,---,10,0,0,0,---,HARD CLEAR,---,12,0,0,0,---,EX HARD CLEAR,---,0,0,0,0,---,NO PLAY,---,2026-09-16 19:26
Resort Anthem,Space Time,ENERGETIC TRANCE,NISH,1,0,0,0,0,---,NO PLAY,---,4,0,0,0,---,NO PLAY,---,8,0,0,0,---,HARD CLEAR,---,11,2360,1061,238,10,EX HARD CLEAR,AA,0,0,0,0,---,NO PLAY,---,2026-09-16 19:36
Resort Anthem,SPECIAL SUMMER CAMPAIGN!,BUCHIAGE TRANCE,Lucky Vacuum,0,0,0,0,0,---,NO PLAY,---,6,0,0,0,---,NO PLAY,---,10,0,0,0,---,HARD CLEAR,---,12,0,0,0,---,EX HARD CLEAR,---,0,0,0,0,---,NO PLAY,---,2026-09-16 19:26
Resort Anthem,Stay my side,R&B,DJ Yoshitaka feat.RINA,0,0,0,0,0,---,NO PLAY,---,4,0,0,0,---,FULLCOMBO CLEAR,---,6,0,0,0,---,NO PLAY,---,7,0,0,0,---,FULLCOMBO CLEAR,---,0,0,0,0,---,NO PLAY,---,2026-09-16 19:26
Resort Anthem,STELLAR WIND,HARD DANCE,L.E.D.,0,0,0,0,0,---,NO PLAY,---,5,0,0,0,---,NO PLAY,---,9,0,0,0,---,HARD CLEAR,---,11,0,0,0,---,EX HARD CLEAR,---,0,0,0,0,---,NO PLAY,---,2026-09-16 19:26
Resort Anthem,THE BLACK KNIGHT,GOA TRANCE,L.E.D.,0,0,0,0,0,---,NO PLAY,---,6,0,0,0,---,NO PLAY,---,10,0,0,0,---,FULLCOMBO CLEAR,---,12,0,0,0,---,HARD CLEAR,---,12,0,0,0,---,EASY CLEAR,---,2026-09-16 19:26
Resort Anthem,THE DOOR INTO RAINBOW,TRANCE,L.E.D.,0,0,0,0,0,---,NO PLAY,---,4,0,0,0,---,NO PLAY,---,9,0,0,0,---,HARD CLEAR,---,11,0,0,0,---,FULLCOMBO CLEAR,---,0,0,0,0,---,NO PLAY,---,2026-09-16 19:26
Resort Anthem,THE FALLEN,GOTH NU-STYLE GABBA,L.E.D.-G,0,0,0,0,0,---,NO PLAY,---,5,0,0,0,---,NO PLAY,---,9,0,0,0,---,HARD CLEAR,---,11,0,0,0,---,EX HARD CLEAR,---,0,0,0,0,---,NO PLAY,---,2026-09-16 19:26
Resort Anthem,Tropical April,VACATION DANCE,Risk Junk,0,0,0,0,0,---,NO PLAY,---,6,0,0,0,---,NO PLAY,---,9,0,0,0,---,HARD CLEAR,---,11,0,0,0,---,EX HARD CLEAR,---,0,0,0,0,---,NO PLAY,---,2026-09-16 19:26
Resort Anthem,Vermillion,PSYCHE FUSION,Mystic Moon,0,0,0,0,0,---,NO PLAY,---,5,0,0,0,---,NO PLAY,---,8,0,0,0,---,HARD CLEAR,---,10,0,0,0,---,FULLCOMBO CLEAR,---,0,0,0,0,---,NO PLAY,---,2026-09-16 19:26
Resort Anthem,Watch Out Pt.2,TECH-BREAKBEATS,DJ Mass MAD Izm* VS.DJ Yoshitaka,0,0,0,0,0,---,NO PLAY,---,6,0,0,0,---,NO PLAY,---,9,0,0,0,---,HARD CLEAR,---,11,0,0,0,---,HARD CLEAR,---,0,0,0,0,---,NO PLAY,---,2026-09-16 19:26
Resort Anthem,WISE UP!,RESORT HOUSE,木之下慶行 feat.星野奏子,0,0,0,0,0,---,NO PLAY,---,3,0,0,0,---,NO PLAY,---,6,0,0,0,---,NO PLAY,---,9,0,0,0,---,FULLCOMBO CLEAR,---,11,0,0,0,---,EX HARD CLEAR,---,2026-09-16 19:26
Resort Anthem,Wuv U,CANDY RAVE,kors k,0,0,0,0,0,---,NO PLAY,---,7,0,0,0,---,NO PLAY,---,9,0,0,0,---,FULLCOMBO CLEAR,---,11,0,0,0,---,EX HARD CLEAR,---,0,0,0,0,---,NO PLAY,---,2026-09-16 19:26
Resort Anthem,XANADU OF TWO,DANCE POP,T.Kakuta With Starving Trancer + 森永真由美,0,0,0,0,0,---,NO PLAY,---,5,0,0,0,---,NO PLAY,---,8,0,0,0,---,HARD CLEAR,---,10,0,0,0,---,EX HARD CLEAR,---,11,0,0,0,---,EX HARD CLEAR,---,2026-09-16 19:26
Resort Anthem,ZETA～素数の世界と超越者～,IDM,Zektbach,0,0,0,0,0,---,NO PLAY,---,6,0,0,0,---,NO PLAY,---,10,0,0,0,---,EX HARD CLEAR,---,12,0,0,0,---,HARD CLEAR,---,0,0,0,0,---,NO PLAY,---,2026-09-16 19:26
Resort Anthem,おおきなこえで,WORLD/POPS,猫叉Master feat.Sana,0,0,0,0,0,---,NO PLAY,---,3,0,0,0,---,NO PLAY,---,5,0,0,0,---,NO PLAY,---,7,0,0,0,---,FULLCOMBO CLEAR,---,10,0,0,0,---,FULLCOMBO CLEAR,---,2026-09-16 19:26
Resort Anthem,かげぬい ～ Ver.BENIBOTAN ～,NATSU MATSURI,CULTVOICE by S.S.D.PRODUCTS,0,0,0,0,0,---,NO PLAY,---,5,0,0,0,---,NO PLAY,---,7,0,0,0,---,NO PLAY,---,10,0,0,0,---,HARD CLEAR,---,0,0,0,0,---,NO PLAY,---,2026-09-16 19:26
Resort Anthem,中華急行,HAPPY HARDCORE,Ryu☆,0,0,0,0,0,---,NO PLAY,---,5,0,0,0,---,NO PLAY,---,8,0,0,0,---,NO PLAY,---,10,0,0,0,---,HARD CLEAR,---,0,0,0,0,---,NO PLAY,---,2026-09-16 19:26
Resort Anthem,夕焼け ～Fading Day～,AURAL ADRENALINE,JAKAZiD,0,0,0,0,0,---,NO PLAY,---,5,0,0,0,---,NO PLAY,---,9,0,0,0,---,NO PLAY,---,11,0,0,0,---,EX HARD CLEAR,---,0,0,0,0,---,NO PLAY,---,2026-09-16 19:26
Resort Anthem,旅人リラン,ELECLORE,XOGO BRYKK,0,0,0,0,0,---,NO PLAY,---,6,0,0,0,---,NO PLAY,---,10,0,0,0,---,EX HARD CLEAR,---,12,0,0,0,---,EX HARD CLEAR,---,0,0,0,0,---,NO PLAY,---,2026-09-16 19:26
Resort Anthem,灼熱Beach Side Bunny,BROKEN SAMBA BREAK,DJ Mass MAD Izm*,0,0,0,0,0,---,NO PLAY,---,6,0,0,0,---,EASY CLEAR,---,10,0,0,0,---,FULLCOMBO CLEAR,---,12,0,0,0,---,CLEAR,---,0,0,0,0,---,NO PLAY,---,2026-09-16 19:26
Resort Anthem,黒髪乱れし修羅となりて,撫子メタル,村正クオリア,0,0,0,0,0,---,NO PLAY,---,5,0,0,0,---,NO PLAY,---,10,0,0,0,---,FULLCOMBO CLEAR,---,12,0,0,0,---,EX HARD CLEAR,---,0,0,0,0,---,NO PLAY,---,2026-09-16 19:26
Lincle,24th Century BOY,EURO RAVE,Tatsh,0,0,0,0,0,---,NO PLAY,---,5,0,0,0,---,NO PLAY,---,9,0,0,0,---,HARD CLEAR,---,11,0,0,0,---,EX HARD CLEAR,---,0,0,0,0,---,NO PLAY,---,2026-09-16 19:26
Lincle,532nm,HARDCORE,Ryu☆,0,0,0,0,0,---,NO PLAY,---,4,0,0,0,---,NO PLAY,---,7,0,0,0,---,FULLCOMBO CLEAR,---,11,0,0,0,---,EX HARD CLEAR,---,0,0,0,0,---,NO PLAY,---,2026-09-16 19:26
Lincle,A MINSTREL ～ ver. short-scape ～,LA FABELO,KANTASIA by S.S.D. PRODUCTS,0,0,0,0,0,---,NO PLAY,---,3,0,0,0,---,NO PLAY,---,8,0,0,0,---,NO PLAY,---,9,0,0,0,---,FULLCOMBO CLEAR,---,12,0,0,0,---,EX HARD CLEAR,---,2026-09-16 19:26
Lincle,Almace,TECHNO,Qrispy Joybox,0,0,0,0,0,---,NO PLAY,---,4,0,0,0,---,NO PLAY,---,8,0,0,0,---,NO PLAY,---,11,0,0,0,---,EX HARD CLEAR,---,0,0,0,0,---,NO PLAY,---,2026-09-16 19:26
Lincle,ANAGRAMS I to Y,DANCE POP,Mayumi Morinaga,0,0,0,0,0,---,NO PLAY,---,4,0,0,0,---,NO PLAY,---,8,0,0,0,---,NO PLAY,---,9,0,0,0,---,FULLCOMBO CLEAR,---,0,0,0,0,---,NO PLAY,---,2026-09-16 19:26
Lincle,BLACK.by X-Cross Fade,TECH-BREAKBEATS,DJ Mass MAD Izm*,0,0,0,0,0,---,NO PLAY,---,6,0,0,0,---,NO PLAY,---,10,0,0,0,---,HARD CLEAR,---,12,0,0,0,---,HARD CLEAR,---,0,0,0,0,---,NO PLAY,---,2026-09-16 19:26
Lincle,CALL,WORLD/ELECTRONICA,猫叉Master,0,0,0,0,0,---,NO PLAY,---,2,0,0,0,---,NO PLAY,---,8,0,0,0,---,NO PLAY,---,8,0,0,0,---,FULLCOMBO CLEAR,---,11,0,0,0,---,EX HARD CLEAR,---,2026-09-16 19:26
Lincle,Castle on the Moon,DANCE SPEED,青龍,0,0,0,0,0,---,NO PLAY,---,4,0,0,0,---,NO PLAY,---,9,0,0,0,---,NO PLAY,---,11,0,0,0,---,EX HARD CLEAR,---,0,0,0,0,---,NO PLAY,---,2026-09-16 19:26
Lincle,Change the World,SPEED POP,Tatsh feat.小田ユウ,0,0,0,0,0,---,NO PLAY,---,6,0,0,0,---,NO PLAY,---,9,0,0,0,---,NO PLAY,---,11,0,0,0,---,EX HARD CLEAR,---,0,0,0,0,---,NO PLAY,---,2026-09-16 19:26
Lincle,DIAVOLO,TRANSCENDENTAL ETUDES,度胸兄弟,0,0,0,0,0,---,NO PLAY,---,7,0,0,0,---,NO PLAY,---,10,0,0,0,---,HARD CLEAR,---,12,0,0,0,---,HARD CLEAR,---,0,0,0,0,---,NO PLAY,---,2026-09-16 19:26
Lincle,Drive Me Crazy,AKIBA RAVE,kors k feat.古川未鈴,0,0,0,0,0,---,NO PLAY,---,4,0,0,0,---,NO PLAY,---,7,0,0,0,---,NO PLAY,---,10,0,0,0,---,FULLCOMBO CLEAR,---,0,0,0,0,---,NO PLAY,---,2026-09-16 19:26
Lincle,Express Emotion,J-CORE,REDALiCE feat. Shihori,0,0,0,0,0,---,NO PLAY,---,4,0,0,0,---,NO PLAY,---,6,0,0,0,---,NO PLAY,---,9,0,0,0,---,FULLCOMBO CLEAR,---,0,0,0,0,---,NO PLAY,---,2026-09-16 19:26
Lincle,F,RENAISSANCE,D.J.Amuro,0,0,0,0,0,---,NO PLAY,---,5,0,0,0,---,NO PLAY,---,10,0,0,0,---,HARD CLEAR,---,12,0,0,0,---,EX HARD CLEAR,---,0,0,0,0,---,NO PLAY,---,2026-09-16 19:26
Lincle,Far east nightbird,DRUM'N'BASS,猫叉Master,0,0,0,0,0,---,NO PLAY,---,4,0,0,0,---,NO PLAY,---,8,0,0,0,---,NO PLAY,---,10,0,0,0,---,FULLCOMBO CLEAR,---,0,0,0,0,---,NO PLAY,---,2026-09-16 19:26
Lincle,fffff,HARD Pf,Five Hammer,0,0,0,0,0,---,NO PLAY,---,5,0,0,0,---,NO PLAY,---,10,0,0,0,---,HARD CLEAR,---,12,0,0,0,---,HARD CLEAR,---,0,0,0,0,---,NO PLAY,---,2026-09-16 19:26
Lincle,Flip Flap,CANDY HANDZ UP,kors k,0,0,0,0,0,---,NO PLAY,---,3,0,0,0,---,NO PLAY,---,7,0,0,0,---,NO PLAY,---,10,0,0,0,---,FULLCOMBO CLEAR,---,0,0,0,0,---,NO PLAY,---,2026-09-16 19:26
Lincle,Follow Tomorrow,J-DANCE POP,HHH×MM×ST,0,0,0,0,0,---,NO PLAY,---,4,0,0,0,---,NO PLAY,---,8,0,0,0,---,NO PLAY,---,10,0,0,0,---,FULLCOMBO CLEAR,---,0,0,0,0,---,NO PLAY,---,2026-09-16 19:26
Lincle,GIGANT,MARCHING ROCK,seiya-murai,0,0,0,0,0,---,NO PLAY,---,3,0,0,0,---,NO PLAY,---,7,0,0,0,---,NO PLAY,---,10,0,0,0,---,NO PLAY,---,12,0,0,0,---,EX HARD CLEAR,---,2026-09-16 19:26
Lincle,HAERETICUS,ECCENTRIC,D.J.Amuro Vs MAX MAXIMIZER,0,0,0,0,0,---,NO PLAY,---,5,0,0,0,---,NO PLAY,---,10,0,0,0,---,FULLCOMBO CLEAR,---,12,0,0,0,---,HARD CLEAR,---,0,0,0,0,---,NO PLAY,---,2026-09-16 19:26
Lincle,I'm so Happy,HAPPY HARDCORE,Ryu☆,0,0,0,0,0,---,NO PLAY,---,5,0,0,0,---,NO PLAY,---,9,0,0,0,---,FULLCOMBO CLEAR,---,11,0,0,0,---,EX HARD CLEAR,---,0,0,0,0,---,NO PLAY,---,2026-09-16 19:26
Lincle,In the Blackest Den,PROGRESSIVE ROCK,Bulluvegola,0,0,0,0,0,---,NO PLAY,---,5,0,0,0,---,NO PLAY,---,8,0,0,0,---,NO PLAY,---,11,0,0,0,---,EX HARD CLEAR,---,0,0,0,0,---,NO PLAY,---,2026-09-16 19:26
Lincle,Infinite cave,DRUM'N'BASS,猫叉Master+,0,0,0,0,0,---,NO PLAY,---,8,0,0,0,---,NO PLAY,---,10,0,0,0,---,HARD CLEAR,---,12,0,0,0,---,EX HARD CLEAR,---,0,0,0,0,---,NO PLAY,---,2026-09-16 19:26
Lincle,KYAMISAMA ONEGAI!,トレンディーポップス,Dr.Honda feat. Moe,0,0,0,0,0,---,NO PLAY,---,4,0,0,0,---,NO PLAY,---,6,0,0,0,---,NO PLAY,---,9,0,0,0,---,NO PLAY,---,12,0,0,0,---,EX HARD CLEAR,---,2026-09-16 19:26
Lincle,LAX5 feat.Ryota Yoshinari,LOUD TECH,Katana Sounds,0,0,0,0,0,---,NO PLAY,---,6,0,0,0,---,NO PLAY,---,9,0,0,0,---,NO PLAY,---,10,0,0,0,---,HARD CLEAR,---,0,0,0,0,---,NO PLAY,---,2026-09-16 19:26
Lincle,LETHEBOLG ～双神威に斬り咲けり～,PLATINUM J-POP ONE,ＴЁЯＲＡ,0,0,0,0,0,---,NO PLAY,---,5,0,0,0,---,NO PLAY,---,8,0,0,0,---,NO PLAY,---,10,0,0,0,---,HARD CLEAR,---,0,0,0,0,---,NO PLAY,---,2026-09-16 19:26
Lincle,LOVE B.B.B,DRUM'N'BASS,SWAN K feat. Asuka M,1,0,0,0,0,---,NO PLAY,---,4,0,0,0,---,NO PLAY,---,8,0,0,0,---,NO PLAY,---,10,2225,1055,115,1,FULLCOMBO CLEAR,AAA,0,0,0,0,---,NO PLAY,---,2026-09-16 19:29
Lincle,Lucky Days,DREAM TRANCE,Sota Fujimori feat. Kanako Hoshino,0,0,0,0,0,---,NO PLAY,---,4,0,0,0,---,NO PLAY,---,8,0,0,0,---,NO PLAY,---,10,0,0,0,---,FULLCOMBO CLEAR,---,0,0,0,0,---,NO PLAY,---,2026-09-16 19:26
Lincle,Mermaid girl-秋葉工房 MIX-,EURO BEAT,Remixed by DJ Command,0,0,0,0,0,---,NO PLAY,---,4,0,0,0,---,NO PLAY,---,7,0,0,0,---,NO PLAY,---,9,0,0,0,---,HARD CLEAR,---,0,0,0,0,---,NO PLAY,---,2026-09-16 19:26
Lincle,Miami Sunset Drive,80's ELECTRO HOUSE,Dirty Androids,0,0,0,0,0,---,NO PLAY,---,4,0,0,0,---,NO PLAY,---,7,0,0,0,---,NO PLAY,---,10,0,0,0,---,EX HARD CLEAR,---,0,0,0,0,---,NO PLAY,---,2026-09-16 19:26
Lincle,NNRT,ELECTRO GOTHIC,Levaslater,0,0,0,0,0,---,NO PLAY,---,6,0,0,0,---,NO PLAY,---,10,0,0,0,---,NO PLAY,---,12,0,0,0,---,EX HARD CLEAR,---,0,0,0,0,---,NO PLAY,---,2026-09-16 19:26
Lincle,Phoenix,HARD NRG,Hommarju,0,0,0,0,0,---,NO PLAY,---,5,0,0,0,---,NO PLAY,---,8,0,0,0,---,NO PLAY,---,11,0,0,0,---,EX HARD CLEAR,---,12,0,0,0,---,EASY CLEAR,---,2026-09-16 19:26
Lincle,prompt,NU PROGRESSIVE,wｘs ft.*spiLa*,0,0,0,0,0,---,NO PLAY,---,5,0,0,0,---,NO PLAY,---,8,0,0,0,---,HARD CLEAR,---,11,0,0,0,---,EX HARD CLEAR,---,0,0,0,0,---,NO PLAY,---,2026-09-16 19:26
Lincle,QUANTUM TELEPORTATION,TECHNO,L.E.D.,0,0,0,0,0,---,NO PLAY,---,7,0,0,0,---,EASY CLEAR,---,10,0,0,0,---,HARD CLEAR,---,12,0,0,0,---,CLEAR,---,12,0,0,0,---,HARD CLEAR,---,2026-09-16 19:26
Lincle,quaver♪,HAPPY,Risk Junk,0,0,0,0,0,---,NO PLAY,---,4,0,0,0,---,NO PLAY,---,9,0,0,0,---,NO PLAY,---,12,0,0,0,---,HARD CLEAR,---,0,0,0,0,---,NO PLAY,---,2026-09-16 19:26
Lincle,Quick Silver,RAVE FUSION,Mystic Moon,0,0,0,0,0,---,NO PLAY,---,5,0,0,0,---,NO PLAY,---,9,0,0,0,---,HARD CLEAR,---,11,0,0,0,---,EX HARD CLEAR,---,0,0,0,0,---,NO PLAY,---,2026-09-16 19:26
Lincle,Release The Music,TECH DANCE,kors k,0,0,0,0,0,---,NO PLAY,---,4,0,0,0,---,NO PLAY,---,7,0,0,0,---,NO PLAY,---,10,0,0,0,---,FULLCOMBO CLEAR,---,0,0,0,0,---,NO PLAY,---,2026-09-16 19:26
Lincle,RESISTANCE,MYSTERIOUS ROCK,セリカ,0,0,0,0,0,---,NO PLAY,---,3,0,0,0,---,NO PLAY,---,7,0,0,0,---,NO PLAY,---,10,0,0,0,---,ASSIST CLEAR,---,0,0,0,0,---,NO PLAY,---,2026-09-16 19:26
Lincle,Round and Round,HYPER ELECTRO,Masayoshi Minoshima feat. 綾倉盟,0,0,0,0,0,---,NO PLAY,---,3,0,0,0,---,NO PLAY,---,6,0,0,0,---,NO PLAY,---,10,0,0,0,---,FULLCOMBO CLEAR,---,0,0,0,0,---,NO PLAY,---,2026-09-16 19:26
Lincle,SA.YO.NA.RA. SUPER STAR,ONLY ONE FINALE,SUPER STAR 満-MITSURU-,0,0,0,0,0,---,NO PLAY,---,5,0,0,0,---,NO PLAY,---,9,0,0,0,---,NO PLAY,---,11,0,0,0,---,HARD CLEAR,---,0,0,0,0,---,NO PLAY,---,2026-09-16 19:26
Lincle,Scharfrichter,HARD ROCK,Ashemu,0,0,0,0,0,---,NO PLAY,---,6,0,0,0,---,NO PLAY,---,9,0,0,0,---,HARD CLEAR,---,11,0,0,0,---,EX HARD CLEAR,---,0,0,0,0,---,NO PLAY,---,2026-09-16 19:26
Lincle,Several Words,VALIANT BEAT,CAPACITY GATE,0,0,0,0,0,---,NO PLAY,---,4,0,0,0,---,NO PLAY,---,8,0,0,0,---,NO PLAY,---,10,0,0,0,---,HARD CLEAR,---,0,0,0,0,---,NO PLAY,---,2026-09-16 19:26
Lincle,SHADE,TECHNO,DJ MURASAME vs dj Killer,0,0,0,0,0,---,NO PLAY,---,5,0,0,0,---,NO PLAY,---,10,0,0,0,---,EX HARD CLEAR,---,11,0,0,0,---,FULLCOMBO CLEAR,---,0,0,0,0,---,NO PLAY,---,2026-09-16 19:26
Lincle,Snake Stick,TECH-BREAKBEATS,DJ Yoshitaka VS. DJ Mass MAD Izm*,0,0,0,0,0,---,NO PLAY,---,6,0,0,0,---,NO PLAY,---,10,0,0,0,---,HARD CLEAR,---,12,0,0,0,---,HARD CLEAR,---,0,0,0,0,---,NO PLAY,---,2026-09-16 19:26
Lincle,Snow Goose,ELECTRIC POMP,Mutsuhiko Izumi,0,0,0,0,0,---,NO PLAY,---,4,0,0,0,---,NO PLAY,---,9,0,0,0,---,HARD CLEAR,---,11,0,0,0,---,EX HARD CLEAR,---,0,0,0,0,---,NO PLAY,---,2026-09-16 19:26
Lincle,Star Trail,TRANCE,Nhato,0,0,0,0,0,---,NO PLAY,---,4,0,0,0,---,NO PLAY,---,7,0,0,0,---,FULLCOMBO CLEAR,---,10,0,0,0,---,EX HARD CLEAR,---,11,0,0,0,---,EX HARD CLEAR,---,2026-09-16 19:26
Lincle,The Limbo,CYBER PUNK,STN,0,0,0,0,0,---,NO PLAY,---,6,0,0,0,---,NO PLAY,---,10,0,0,0,---,NO PLAY,---,12,0,0,0,---,HARD CLEAR,---,12,0,0,0,---,ASSIST CLEAR,---,2026-09-16 19:26
Lincle,The Sampling Paradise,HARD TRANCE,Mamonis,0,0,0,0,0,---,NO PLAY,---,5,0,0,0,---,EX HARD CLEAR,---,10,0,0,0,---,HARD CLEAR,---,12,0,0,0,---,EX HARD CLEAR,---,0,0,0,0,---,NO PLAY,---,2026-09-16 19:26
Lincle,Thunderbolt,RAVERS DANCE SPEED,雷龍,0,0,0,0,0,---,NO PLAY,---,5,0,0,0,---,NO PLAY,---,9,0,0,0,---,HARD CLEAR,---,11,0,0,0,---,EX HARD CLEAR,---,0,0,0,0,---,NO PLAY,---,2026-09-16 19:26
Lincle,TITANS RETURN,DRUMSTEP,L.E.D.,0,0,0,0,0,---,NO PLAY,---,4,0,0,0,---,NO PLAY,---,8,0,0,0,---,NO PLAY,---,11,0,0,0,---,EX HARD CLEAR,---,12,0,0,0,---,CLEAR,---,2026-09-16 19:26
Lincle,Todestrieb,SACRED TRANCE,Rche,0,0,0,0,0,---,NO PLAY,---,5,0,0,0,---,NO PLAY,---,9,0,0,0,---,HARD CLEAR,---,12,0,0,0,---,HARD CLEAR,---,0,0,0,0,---,NO PLAY,---,2026-09-16 19:26
Lincle,Voxane,TECH DANCE,Remo-con,0,0,0,0,0,---,NO PLAY,---,3,0,0,0,---,NO PLAY,---,7,0,0,0,---,NO PLAY,---,9,0,0,0,---,HARD CLEAR,---,0,0,0,0,---,NO PLAY,---,2026-09-16 19:26
Lincle,WONDER WALKER,HARD TRANCE,L.E.D.,0,0,0,0,0,---,NO PLAY,---,5,0,0,0,---,NO PLAY,---,9,0,0,0,---,NO PLAY,---,12,0,0,0,---,EX HARD CLEAR,---,0,0,0,0,---,NO PLAY,---,2026-09-16 19:26
Lincle,YAKSHA,TERROR CORE,Neulakyussra,0,0,0,0,0,---,NO PLAY,---,6,0,0,0,---,NO PLAY,---,11,0,0,0,---,EX HARD CLEAR,---,12,0,0,0,---,HARD CLEAR,---,0,0,0,0,---,NO PLAY,---,2026-09-16 19:26
Lincle,yellow head joe,TEK-TRANCE,S-C-U,0,0,0,0,0,---,NO PLAY,---,4,0,0,0,---,NO PLAY,---,9,0,0,0,---,NO PLAY,---,12,0,0,0,---,EX HARD CLEAR,---,0,0,0,0,---,NO PLAY,---,2026-09-16 19:26
Lincle,Yellow Sunrise,DRUM'N'BASS,xac,0,0,0,0,0,---,NO PLAY,---,4,0,0,0,---,NO PLAY,---,8,0,0,0,---,NO PLAY,---,11,0,0,0,---,EX HARD CLEAR,---,0,0,0,0,---,NO PLAY,---,2026-09-16 19:26
Lincle,ビューティフルレシート,HAPPY HARDCORE,Lucky Vacuum,0,0,0,0,0,---,NO PLAY,---,4,0,0,0,---,NO PLAY,---,9,0,0,0,---,NO PLAY,---,11,0,0,0,---,EX HARD CLEAR,---,0,0,0,0,---,NO PLAY,---,2026-09-16 19:26
Lincle,ユミル,SYMPHONIC-TEK,MYTHOLOGIA by MLREC.,0,0,0,0,0,---,NO PLAY,---,5,0,0,0,---,NO PLAY,---,8,0,0,0,---,NO PLAY,---,11,0,0,0,---,EX HARD CLEAR,---,0,0,0,0,---,NO PLAY,---,2026-09-16 19:26
Lincle,君のハートにロックオン,トレンディーフュージョン,Dr.Honda,0,0,0,0,0,---,NO PLAY,---,4,0,0,0,---,NO PLAY,---,8,0,0,0,---,NO PLAY,---,12,0,0,0,---,HARD CLEAR,---,0,0,0,0,---,NO PLAY,---,2026-09-16 19:26
Lincle,天空の夜明け,ANTHEM,Cuvelia,0,0,0,0,0,---,NO PLAY,---,7,0,0,0,---,NO PLAY,---,11,0,0,0,---,EX HARD CLEAR,---,12,0,0,0,---,EASY CLEAR,---,0,0,0,0,---,NO PLAY,---,2026-09-16 19:26
Lincle,子供の落書き帳,PROGRESSIVE,佐々木博史,0,0,0,0,0,---,NO PLAY,---,7,0,0,0,---,NO PLAY,---,10,0,0,0,---,HARD CLEAR,---,12,0,0,0,---,EX HARD CLEAR,---,0,0,0,0,---,NO PLAY,---,2026-09-16 19:26
Lincle,恋する☆宇宙戦争っ！！,Hi-BLEEP,Prim,0,0,0,0,0,---,NO PLAY,---,4,0,0,0,---,NO PLAY,---,8,0,0,0,---,NO PLAY,---,12,0,0,0,---,EX HARD CLEAR,---,12,0,0,0,---,HARD CLEAR,---,2026-09-16 19:26
Lincle,突撃!ガラスのニーソ姫!,電波,山本椛 (monotone),0,0,0,0,0,---,NO PLAY,---,4,0,0,0,---,NO PLAY,---,8,0,0,0,---,FULLCOMBO CLEAR,---,10,0,0,0,---,EX HARD CLEAR,---,0,0,0,0,---,NO PLAY,---,2026-09-16 19:26
Lincle,聖人の塔,BATTLE TRACK,Beridzebeth,0,0,0,0,0,---,NO PLAY,---,6,0,0,0,---,FAILED,---,10,0,0,0,---,NO PLAY,---,12,0,0,0,---,HARD CLEAR,---,12,0,0,0,---,EASY CLEAR,---,2026-09-16 19:26
Lincle,蛇神,ORIENTAL MYTHOLOGY,Zektbach,0,0,0,0,0,---,NO PLAY,---,4,0,0,0,---,NO PLAY,---,8,0,0,0,---,HARD CLEAR,---,11,0,0,0,---,EX HARD CLEAR,---,12,0,0,0,---,HARD CLEAR,---,2026-09-16 19:26
Lincle,衰色小町メランコリア,NEO CLASSICAL DANCE,iNO,0,0,0,0,0,---,NO PLAY,---,4,0,0,0,---,NO PLAY,---,7,0,0,0,---,NO PLAY,---,10,0,0,0,---,HARD CLEAR,---,0,0,0,0,---,NO PLAY,---,2026-09-16 19:26
Lincle,陽炎,POP,星野奏子,0,0,0,0,0,---,NO PLAY,---,3,0,0,0,---,NO PLAY,---,6,0,0,0,---,NO PLAY,---,10,0,0,0,---,HARD CLEAR,---,0,0,0,0,---,NO PLAY,---,2026-09-16 19:26
tricoro,405nm (Ryu☆mix),HARDCORE,Another Infinity,0,0,0,0,0,---,NO PLAY,---,5,0,0,0,---,NO PLAY,---,9,0,0,0,---,NO PLAY,---,11,0,0,0,---,EX HARD CLEAR,---,0,0,0,0,---,NO PLAY,---,2026-09-16 19:26
tricoro,8bit Princess,CHIPTUNE,seiya-murai feat. ALT,0,0,0,0,0,---,NO PLAY,---,3,0,0,0,---,NO PLAY,---,6,0,0,0,---,NO PLAY,---,10,0,0,0,---,FULLCOMBO CLEAR,---,0,0,0,0,---,NO PLAY,---,2026-09-16 19:26
tricoro,Ascalon,ELECTRO POP,Qrispy Joybox,0,0,0,0,0,---,NO PLAY,---,6,0,0,0,---,NO PLAY,---,9,0,0,0,---,NO PLAY,---,11,0,0,0,---,EX HARD CLEAR,---,0,0,0,0,---,NO PLAY,---,2026-09-16 19:26
tricoro,Beastie Starter,SPEEDCORE,GUHROOVY,0,0,0,0,0,---,NO PLAY,---,3,0,0,0,---,NO PLAY,---,7,0,0,0,---,NO PLAY,---,11,0,0,0,---,EX HARD CLEAR,---,0,0,0,0,---,NO PLAY,---,2026-09-16 19:26
tricoro,BLUE STRAGGLER,HARD DANCE,L.E.D.,0,0,0,0,0,---,NO PLAY,---,4,0,0,0,---,NO PLAY,---,8,0,0,0,---,NO PLAY,---,10,0,0,0,---,EX HARD CLEAR,---,0,0,0,0,---,NO PLAY,---,2026-09-16 19:26
tricoro,BRAVE GLOW,SPACY TRANCE,SOUND HOLIC feat. Nana Takahashi,0,0,0,0,0,---,NO PLAY,---,4,0,0,0,---,NO PLAY,---,8,0,0,0,---,NO PLAY,---,10,0,0,0,---,EX HARD CLEAR,---,0,0,0,0,---,NO PLAY,---,2026-09-16 19:26
tricoro,CONCEPTUAL,HARD REVOLUTION,Sota Fujimori 2nd Season,0,0,0,0,0,---,NO PLAY,---,5,0,0,0,---,NO PLAY,---,8,0,0,0,---,NO PLAY,---,11,0,0,0,---,EX HARD CLEAR,---,0,0,0,0,---,NO PLAY,---,2026-09-16 19:26
tricoro,Confiserie,HARD ELECTRIC POP,L.E.D. vs S-C-U,0,0,0,0,0,---,NO PLAY,---,5,0,0,0,---,NO PLAY,---,10,0,0,0,---,FULLCOMBO CLEAR,---,12,0,0,0,---,HARD CLEAR,---,0,0,0,0,---,NO PLAY,---,2026-09-16 19:26
tricoro,Cookie Bouquets,BREAK CORE,L.E.D. vs TOMOSUKE fw.crimm,0,0,0,0,0,---,NO PLAY,---,7,0,0,0,---,NO PLAY,---,10,0,0,0,---,FULLCOMBO CLEAR,---,11,0,0,0,---,FULLCOMBO CLEAR,---,0,0,0,0,---,NO PLAY,---,2026-09-16 19:26
tricoro,DAY DREAM,DARK PROGRESSIVE,Mutsuhiko Izumi,0,0,0,0,0,---,NO PLAY,---,6,0,0,0,---,ASSIST CLEAR,---,10,0,0,0,---,ASSIST CLEAR,---,12,0,0,0,---,HARD CLEAR,---,0,0,0,0,---,NO PLAY,---,2026-09-16 19:26
tricoro,Devilz Staircase,SYMPHONIC BREAK BEATS,OSTER project,0,0,0,0,0,---,NO PLAY,---,4,0,0,0,---,NO PLAY,---,10,0,0,0,---,HARD CLEAR,---,12,0,0,0,---,HARD CLEAR,---,0,0,0,0,---,NO PLAY,---,2026-09-16 19:26
tricoro,Elemental Creation,HARD RENAISSANCE,dj TAKA meets DJ YOSHITAKA,0,0,0,0,0,---,NO PLAY,---,8,0,0,0,---,EX HARD CLEAR,---,10,0,0,0,---,EX HARD CLEAR,---,12,0,0,0,---,HARD CLEAR,---,0,0,0,0,---,NO PLAY,---,2026-09-16 19:26
tricoro,examination leave,VACATION DANCE,dj razzle dazzle,0,0,0,0,0,---,NO PLAY,---,6,0,0,0,---,NO PLAY,---,10,0,0,0,---,NO PLAY,---,11,0,0,0,---,EX HARD CLEAR,---,0,0,0,0,---,NO PLAY,---,2026-09-16 19:26
tricoro,FLOWER,TRANCE CORE,DJ YOSHITAKA,0,0,0,0,0,---,NO PLAY,---,6,0,0,0,---,NO PLAY,---,9,0,0,0,---,HARD CLEAR,---,12,0,0,0,---,EX HARD CLEAR,---,0,0,0,0,---,NO PLAY,---,2026-09-16 19:26
tricoro,Fly you to the star,HANDZ UP,Another Infinity feat. Mayumi Morinaga,0,0,0,0,0,---,NO PLAY,---,4,0,0,0,---,NO PLAY,---,8,0,0,0,---,FULLCOMBO CLEAR,---,11,0,0,0,---,EX HARD CLEAR,---,0,0,0,0,---,NO PLAY,---,2026-09-16 19:26
tricoro,GAIA,SPEED DANCE,猫叉L.E.D.Master+,0,0,0,0,0,---,NO PLAY,---,5,0,0,0,---,NO PLAY,---,10,0,0,0,---,FULLCOMBO CLEAR,---,12,0,0,0,---,EX HARD CLEAR,---,0,0,0,0,---,NO PLAY,---,2026-09-16 19:26
tricoro,GRADIUS 2012,KONAMI REMIX,Sota Fujimori,0,0,0,0,0,---,NO PLAY,---,5,0,0,0,---,NO PLAY,---,8,0,0,0,---,NO PLAY,---,11,0,0,0,---,EX HARD CLEAR,---,0,0,0,0,---,NO PLAY,---,2026-09-16 19:26
tricoro,Hollywood Galaxy,DRUM'N'BASS,dj TAKA,0,0,0,0,0,---,NO PLAY,---,6,0,0,0,---,NO PLAY,---,9,0,0,0,---,NO PLAY,---,12,0,0,0,---,EX HARD CLEAR,---,0,0,0,0,---,NO PLAY,---,2026-09-16 19:26
tricoro,Howling,NU RAVE,PON,0,0,0,0,0,---,NO PLAY,---,4,0,0,0,---,NO PLAY,---,7,0,0,0,---,NO PLAY,---,10,0,0,0,---,EX HARD CLEAR,---,11,0,0,0,---,EX HARD CLEAR,---,2026-09-16 19:26
tricoro,I know You know,NEW 80's,Suke+Suke feat.Ribbon,0,0,0,0,0,---,NO PLAY,---,3,0,0,0,---,NO PLAY,---,6,0,0,0,---,NO PLAY,---,9,0,0,0,---,HARD CLEAR,---,0,0,0,0,---,NO PLAY,---,2026-09-16 19:26
tricoro,ILIAS,HYPER ELECTRO,Masayoshi Minoshima feat. 坂上なち,0,0,0,0,0,---,NO PLAY,---,4,0,0,0,---,NO PLAY,---,8,0,0,0,---,FULLCOMBO CLEAR,---,10,0,0,0,---,FULLCOMBO CLEAR,---,0,0,0,0,---,NO PLAY,---,2026-09-16 19:26
tricoro,Illegal Function Call,ORBITALIC CORE,U1-ASAMi,0,0,0,0,0,---,NO PLAY,---,5,0,0,0,---,NO PLAY,---,10,0,0,0,---,HARD CLEAR,---,11,0,0,0,---,EX HARD CLEAR,---,12,0,0,0,---,EASY CLEAR,---,2026-09-16 19:26
tricoro,In Heaven,HEAVENLY TRANCE,Sota Fujimori,0,0,0,0,0,---,NO PLAY,---,5,0,0,0,---,NO PLAY,---,7,0,0,0,---,NO PLAY,---,9,0,0,0,---,FULLCOMBO CLEAR,---,0,0,0,0,---,NO PLAY,---,2026-09-16 19:26
tricoro,JOMANDA,HARD RENAISSANCE,DJ YOSHITAKA,0,0,0,0,0,---,NO PLAY,---,6,0,0,0,---,NO PLAY,---,10,0,0,0,---,NO PLAY,---,12,0,0,0,---,HARD CLEAR,---,0,0,0,0,---,NO PLAY,---,2026-09-16 19:26
tricoro,Liberation,TRANCE,dj TAKA,0,0,0,0,0,---,NO PLAY,---,6,0,0,0,---,NO PLAY,---,10,0,0,0,---,HARD CLEAR,---,12,0,0,0,---,EX HARD CLEAR,---,0,0,0,0,---,NO PLAY,---,2026-09-16 19:26
tricoro,Light and Cyber…,HAPPY HARDCORE,Tatsh,0,0,0,0,0,---,NO PLAY,---,5,0,0,0,---,NO PLAY,---,9,0,0,0,---,NO PLAY,---,11,0,0,0,---,EX HARD CLEAR,---,0,0,0,0,---,NO PLAY,---,2026-09-16 19:26
tricoro,Little Star,J-CORE,REDALiCE feat. Ayumi Nomiya,0,0,0,0,0,---,NO PLAY,---,5,0,0,0,---,NO PLAY,---,8,0,0,0,---,HARD CLEAR,---,12,0,0,0,---,EX HARD CLEAR,---,0,0,0,0,---,NO PLAY,---,2026-09-16 19:26
tricoro,LUV CAN SAVE U,NEO 80's EURO ELECTRO,HIDEKI NAGANUMA,0,0,0,0,0,---,NO PLAY,---,3,0,0,0,---,NO PLAY,---,6,0,0,0,---,NO PLAY,---,10,0,0,0,---,HARD CLEAR,---,11,0,0,0,---,EX HARD CLEAR,---,2026-09-16 19:26
tricoro,mnemoniq,JAZZ HOUSE,youhei shimizu,0,0,0,0,0,---,NO PLAY,---,5,0,0,0,---,NO PLAY,---,8,0,0,0,---,NO PLAY,---,9,0,0,0,---,EX HARD CLEAR,---,0,0,0,0,---,NO PLAY,---,2026-09-16 19:26
tricoro,Neonlights,TECH DANCE,DJ Noriken,0,0,0,0,0,---,NO PLAY,---,4,0,0,0,---,NO PLAY,---,10,0,0,0,---,HARD CLEAR,---,11,0,0,0,---,EX HARD CLEAR,---,0,0,0,0,---,NO PLAY,---,2026-09-16 19:26
tricoro,neu,NIENTE,少年ラジオ,0,0,0,0,0,---,NO PLAY,---,6,0,0,0,---,NO PLAY,---,10,0,0,0,---,FULLCOMBO CLEAR,---,12,0,0,0,---,HARD CLEAR,---,0,0,0,0,---,NO PLAY,---,2026-09-16 19:26
tricoro,New Decade IIDX Edition,SPEED DANCE CORE,Sota F.,0,0,0,0,0,---,NO PLAY,---,5,0,0,0,---,NO PLAY,---,9,0,0,0,---,NO PLAY,---,11,0,0,0,---,EX HARD CLEAR,---,0,0,0,0,---,NO PLAY,---,2026-09-16 19:26
tricoro,New Lights,HARDCORE,kors k,0,0,0,0,0,---,NO PLAY,---,6,0,0,0,---,NO PLAY,---,9,0,0,0,---,HARD CLEAR,---,10,0,0,0,---,EX HARD CLEAR,---,0,0,0,0,---,NO PLAY,---,2026-09-16 19:26
tricoro,Plan 8,HAPPY GABBA,Ryu☆,0,0,0,0,0,---,NO PLAY,---,6,0,0,0,---,NO PLAY,---,10,0,0,0,---,HARD CLEAR,---,12,0,0,0,---,HARD CLEAR,---,0,0,0,0,---,NO PLAY,---,2026-09-16 19:26
tricoro,planarian,ELECTRIC POP,S-C-U,0,0,0,0,0,---,NO PLAY,---,4,0,0,0,---,NO PLAY,---,8,0,0,0,---,NO PLAY,---,11,0,0,0,---,FULLCOMBO CLEAR,---,0,0,0,0,---,NO PLAY,---,2026-09-16 19:26
tricoro,POINT ZERO,DRUM'N'BASS,猫叉Master+,0,0,0,0,0,---,NO PLAY,---,4,0,0,0,---,NO PLAY,---,7,0,0,0,---,NO PLAY,---,10,0,0,0,---,FULLCOMBO CLEAR,---,0,0,0,0,---,NO PLAY,---,2026-09-16 19:26
tricoro,Praludium,CLASSICAL PIANO,Yuko Takahashi,0,0,0,0,0,---,NO PLAY,---,4,0,0,0,---,NO PLAY,---,8,0,0,0,---,NO PLAY,---,11,0,0,0,---,EX HARD CLEAR,---,0,0,0,0,---,NO PLAY,---,2026-09-16 19:26
tricoro,Proof of the existence,HARD ELECTRONICA,猫叉Master+,0,0,0,0,0,---,NO PLAY,---,6,0,0,0,---,NO PLAY,---,10,0,0,0,---,FULLCOMBO CLEAR,---,12,0,0,0,---,EX HARD CLEAR,---,0,0,0,0,---,NO PLAY,---,2026-09-16 19:26
tricoro,Rainbow after snow,DRUM'N'BASS,猫叉Master feat.林ももこ,0,0,0,0,0,---,NO PLAY,---,5,0,0,0,---,NO PLAY,---,8,0,0,0,---,NO PLAY,---,10,0,0,0,---,FULLCOMBO CLEAR,---,0,0,0,0,---,NO PLAY,---,2026-09-16 19:26
tricoro,Re:GENERATION,EMOTIONAL SENTENCE,TAG feat. ERi,0,0,0,0,0,---,NO PLAY,---,5,0,0,0,---,NO PLAY,---,8,0,0,0,---,NO PLAY,---,11,0,0,0,---,FULLCOMBO CLEAR,---,0,0,0,0,---,NO PLAY,---,2026-09-16 19:26
tricoro,Reflection Into the EDEN,BOSSA ELECTRONICA,猫叉Master,0,0,0,0,0,---,NO PLAY,---,5,0,0,0,---,NO PLAY,---,7,0,0,0,---,EX HARD CLEAR,---,10,0,0,0,---,FULLCOMBO CLEAR,---,0,0,0,0,---,NO PLAY,---,2026-09-16 19:26
tricoro,rumrum triplets,LOUNGECORE,yu_tokiwa.djw,0,0,0,0,0,---,NO PLAY,---,5,0,0,0,---,NO PLAY,---,10,0,0,0,---,NO PLAY,---,12,0,0,0,---,EX HARD CLEAR,---,0,0,0,0,---,NO PLAY,---,2026-09-16 19:26
tricoro,S!ck,DRUMSTEP,Eagle,0,0,0,0,0,---,NO PLAY,---,5,0,0,0,---,FULLCOMBO CLEAR,---,9,0,0,0,---,NO PLAY,---,11,0,0,0,---,EX HARD CLEAR,---,0,0,0,0,---,NO PLAY,---,2026-09-16 19:26
tricoro,Saturn,PROGRESSIVE TRIBAL,Mr.Saturn,0,0,0,0,0,---,NO PLAY,---,6,0,0,0,---,NO PLAY,---,10,0,0,0,---,HARD CLEAR,---,11,0,0,0,---,EX HARD CLEAR,---,12,0,0,0,---,HARD CLEAR,---,2026-09-16 19:26
tricoro,Shining World,ELECTRO POP,DJ Genki feat. Yukacco,0,0,0,0,0,---,NO PLAY,---,4,0,0,0,---,NO PLAY,---,7,0,0,0,---,NO PLAY,---,9,0,0,0,---,FULLCOMBO CLEAR,---,0,0,0,0,---,NO PLAY,---,2026-09-16 19:26
tricoro,SHION,HI-SPEED FANTASY TUNE,DJ YOSHITAKA,0,0,0,0,0,---,NO PLAY,---,4,0,0,0,---,NO PLAY,---,7,0,0,0,---,NO PLAY,---,11,0,0,0,---,EX HARD CLEAR,---,0,0,0,0,---,NO PLAY,---,2026-09-16 19:26
tricoro,Sol Cosine Job 2,FREEFORM HARDCORE,DJ TECHNORCH,0,0,0,0,0,---,NO PLAY,---,6,0,0,0,---,NO PLAY,---,11,0,0,0,---,HARD CLEAR,---,12,0,0,0,---,EX HARD CLEAR,---,0,0,0,0,---,NO PLAY,---,2026-09-16 19:26
tricoro,STULTI,GRAVIOL,MAX MAXIMIZER VS DJ TOTTO,0,0,0,0,0,---,NO PLAY,---,5,0,0,0,---,NO PLAY,---,10,0,0,0,---,NO PLAY,---,12,0,0,0,---,EASY CLEAR,---,0,0,0,0,---,NO PLAY,---,2026-09-16 19:26
tricoro,SYNC-ANTHEM,LATIN EURO,Tatsh feat. 星野奏子,0,0,0,0,0,---,NO PLAY,---,6,0,0,0,---,NO PLAY,---,10,0,0,0,---,NO PLAY,---,12,0,0,0,---,EX HARD CLEAR,---,0,0,0,0,---,NO PLAY,---,2026-09-16 19:26
tricoro,Synergy For Angels,ORBITALIC REVOLUTION,TAG×U1-ASAMi,0,0,0,0,0,---,NO PLAY,---,4,0,0,0,---,NO PLAY,---,8,0,0,0,---,ASSIST CLEAR,---,11,0,0,0,---,EX HARD CLEAR,---,0,0,0,0,---,NO PLAY,---,2026-09-16 19:26
tricoro,Take My Life,EUROBEAT,Y&Co.,0,0,0,0,0,---,NO PLAY,---,5,0,0,0,---,NO PLAY,---,9,0,0,0,---,EX HARD CLEAR,---,11,0,0,0,---,EX HARD CLEAR,---,0,0,0,0,---,NO PLAY,---,2026-09-16 19:26
tricoro,Thor's Hammer,TRANSCENDENTAL ETUDES,ユニバーサル度胸兄弟,0,0,0,0,0,---,NO PLAY,---,5,0,0,0,---,NO PLAY,---,10,0,0,0,---,NO PLAY,---,12,0,0,0,---,HARD CLEAR,---,0,0,0,0,---,NO PLAY,---,2026-09-16 19:26
tricoro,Time To Empress,TRANCE,dj TAKA feat.wac & secret K,0,0,0,0,0,---,NO PLAY,---,7,0,0,0,---,NO PLAY,---,9,0,0,0,---,NO PLAY,---,11,0,0,0,---,EX HARD CLEAR,---,12,0,0,0,---,EX HARD CLEAR,---,2026-09-16 19:26
tricoro,Timepiece phase II,PROGRESSIVE ROCK,佐々木博史,0,0,0,0,0,---,NO PLAY,---,6,0,0,0,---,NO PLAY,---,11,0,0,0,---,HARD CLEAR,---,12,0,0,0,---,HARD CLEAR,---,0,0,0,0,---,NO PLAY,---,2026-09-16 19:26
tricoro,Timepiece phase II (CN Ver.),PROGRESSIVE ROCK,佐々木博史,0,0,0,0,0,---,NO PLAY,---,6,0,0,0,---,NO PLAY,---,11,0,0,0,---,EX HARD CLEAR,---,12,0,0,0,---,HARD CLEAR,---,0,0,0,0,---,NO PLAY,---,2026-09-16 19:26
tricoro,True Blue,ESSENTIALLY,dj TAKA feat.AiMEE,0,0,0,0,0,---,NO PLAY,---,5,0,0,0,---,NO PLAY,---,10,0,0,0,---,NO PLAY,---,12,0,0,0,---,FULLCOMBO CLEAR,---,0,0,0,0,---,NO PLAY,---,2026-09-16 19:26
tricoro,Valanga,ART CORE,DJ TOTTO,0,0,0,0,0,---,NO PLAY,---,6,0,0,0,---,NO PLAY,---,10,0,0,0,---,NO PLAY,---,12,0,0,0,---,HARD CLEAR,---,0,0,0,0,---,NO PLAY,---,2026-09-16 19:26
tricoro,VALLIS-NERIA,TRANCE CORE,DJ YOSHITAKA,0,0,0,0,0,---,NO PLAY,---,7,0,0,0,---,NO PLAY,---,10,0,0,0,---,NO PLAY,---,11,0,0,0,---,EX HARD CLEAR,---,0,0,0,0,---,NO PLAY,---,2026-09-16 19:26
tricoro,VEGA,UNIVERSAL J-CORE,REDALiCE,0,0,0,0,0,---,NO PLAY,---,5,0,0,0,---,NO PLAY,---,9,0,0,0,---,NO PLAY,---,11,0,0,0,---,EX HARD CLEAR,---,0,0,0,0,---,NO PLAY,---,2026-09-16 19:26
tricoro,ZED,DUB STEP,USAO,0,0,0,0,0,---,NO PLAY,---,5,0,0,0,---,NO PLAY,---,8,0,0,0,---,FULLCOMBO CLEAR,---,11,0,0,0,---,EX HARD CLEAR,---,0,0,0,0,---,NO PLAY,---,2026-09-16 19:26
tricoro,Zirkfied,SPACE REQUIEM,iconoclasm,0,0,0,0,0,---,NO PLAY,---,5,0,0,0,---,NO PLAY,---,10,0,0,0,---,NO PLAY,---,12,0,0,0,---,HARD CLEAR,---,0,0,0,0,---,NO PLAY,---,2026-09-16 19:26
tricoro,ΕΛΠΙΣ,ROMANTIC SCHOOL VARIATIONS,dj TAKA,0,0,0,0,0,---,NO PLAY,---,6,0,0,0,---,NO PLAY,---,10,0,0,0,---,NO PLAY,---,12,0,0,0,---,EX HARD CLEAR,---,12,0,0,0,---,HARD CLEAR,---,2026-09-16 19:26
tricoro,†渚の小悪魔ラヴリィ～レイディオ†(IIDX EDIT),Hi-CORE,夏色ビキニのPrim,1,0,0,0,0,---,NO PLAY,---,3,0,0,0,---,NO PLAY,---,9,0,0,0,---,HARD CLEAR,---,12,2880,1187,506,166,FAILED,A,0,0,0,0,---,NO PLAY,---,2026-09-16 22:15
tricoro,お米の美味しい炊き方、そしてお米を食べることによるその効果。,お米タル,大日本鉄倶楽部【あさき＆９６】,0,0,0,0,0,---,NO PLAY,---,5,0,0,0,---,NO PLAY,---,9,0,0,0,---,NO PLAY,---,10,0,0,0,---,HARD CLEAR,---,12,0,0,0,---,HARD CLEAR,---,2026-09-16 19:26
tricoro,たまゆら,PROGRESSIVE,佐々木博史,0,0,0,0,0,---,NO PLAY,---,6,0,0,0,---,NO PLAY,---,10,0,0,0,---,HARD CLEAR,---,12,0,0,0,---,EX HARD CLEAR,---,0,0,0,0,---,NO PLAY,---,2026-09-16 19:26
tricoro,アストライアの双皿,ZODIAC ORACLE 7,ZODIACSYNDICATE,0,0,0,0,0,---,NO PLAY,---,5,0,0,0,---,NO PLAY,---,9,0,0,0,---,NO PLAY,---,12,0,0,0,---,HARD CLEAR,---,0,0,0,0,---,NO PLAY,---,2026-09-16 19:26
tricoro,カジノファイヤーことみちゃん,電波,ARM feat. 山本椛 + Brasscapsule,0,0,0,0,0,---,NO PLAY,---,4,0,0,0,---,NO PLAY,---,8,0,0,0,---,NO PLAY,---,12,0,0,0,---,HARD CLEAR,---,0,0,0,0,---,NO PLAY,---,2026-09-16 19:26
tricoro,キャトられ恋はモ～モク,Hi-ν BLEEP,ギュ～っとしたいPrim,0,0,0,0,0,---,NO PLAY,---,6,0,0,0,---,NO PLAY,---,10,0,0,0,---,EX HARD CLEAR,---,12,0,0,0,---,HARD CLEAR,---,0,0,0,0,---,NO PLAY,---,2026-09-16 19:26
tricoro,シュレーディンガーの猫,TOY CONTEMPORARY,Cait Sith,0,0,0,0,0,---,NO PLAY,---,7,0,0,0,---,NO PLAY,---,10,0,0,0,---,HARD CLEAR,---,12,0,0,0,---,HARD CLEAR,---,0,0,0,0,---,NO PLAY,---,2026-09-16 19:26
tricoro,トリカゴノ鳳凰,歌謡 DRUM & BASS,L.E.D. Vs. 幽閉サテライト,0,0,0,0,0,---,NO PLAY,---,6,0,0,0,---,NO PLAY,---,9,0,0,0,---,NO PLAY,---,12,0,0,0,---,EX HARD CLEAR,---,0,0,0,0,---,NO PLAY,---,2026-09-16 19:26
tricoro,メイメツ、フラグメンツ,CYBER SYMPHONIC POP,中山真斗(Elements Garden)feat.桜川めぐ,0,0,0,0,0,---,NO PLAY,---,4,0,0,0,---,NO PLAY,---,7,0,0,0,---,NO PLAY,---,11,0,0,0,---,EX HARD CLEAR,---,0,0,0,0,---,NO PLAY,---,2026-09-16 19:26
tricoro,ラキラキ,LUCKY TECHNO,Mutsuhiko Izumi & S-C-U,0,0,0,0,0,---,NO PLAY,---,4,0,0,0,---,NO PLAY,---,8,0,0,0,---,NO PLAY,---,10,0,0,0,---,HARD CLEAR,---,0,0,0,0,---,NO PLAY,---,2026-09-16 19:26
tricoro,下弦の月,NEO CLASSICAL DANCE,iNO,0,0,0,0,0,---,NO PLAY,---,5,0,0,0,---,NO PLAY,---,7,0,0,0,---,NO PLAY,---,9,0,0,0,---,HARD CLEAR,---,0,0,0,0,---,NO PLAY,---,2026-09-16 19:26
tricoro,仮想空間の旅人たち,TECHNO,DJ MURASAME,0,0,0,0,0,---,NO PLAY,---,5,0,0,0,---,NO PLAY,---,8,0,0,0,---,NO PLAY,---,11,0,0,0,---,EX HARD CLEAR,---,12,0,0,0,---,EX HARD CLEAR,---,2026-09-16 19:26
tricoro,創世ノート,CREATOR,PON+wac,0,0,0,0,0,---,NO PLAY,---,4,0,0,0,---,NO PLAY,---,9,0,0,0,---,NO PLAY,---,11,0,0,0,---,EX HARD CLEAR,---,0,0,0,0,---,NO PLAY,---,2026-09-16 19:26
tricoro,即席！脳直★ミュージックシステム,AKIBA-POP,MOSAIC.WAV,0,0,0,0,0,---,NO PLAY,---,6,0,0,0,---,NO PLAY,---,9,0,0,0,---,HARD CLEAR,---,12,0,0,0,---,EX HARD CLEAR,---,0,0,0,0,---,NO PLAY,---,2026-09-16 19:26
tricoro,朧,FASCINATION,HHH×MM×ST,0,0,0,0,0,---,NO PLAY,---,4,0,0,0,---,NO PLAY,---,7,0,0,0,---,NO PLAY,---,10,0,0,0,---,EX HARD CLEAR,---,11,0,0,0,---,EX HARD CLEAR,---,2026-09-16 19:26
tricoro,狂イ咲ケ焔ノ華,Hi-GOTH,覚醒ノPrim,0,0,0,0,0,---,NO PLAY,---,6,0,0,0,---,NO PLAY,---,10,0,0,0,---,FULLCOMBO CLEAR,---,12,0,0,0,---,HARD CLEAR,---,0,0,0,0,---,NO PLAY,---,2026-09-16 19:26
tricoro,音楽,SILENT,弁士カンタビレオ,0,0,0,0,0,---,NO PLAY,---,5,0,0,0,---,NO PLAY,---,10,0,0,0,---,EX HARD CLEAR,---,12,0,0,0,---,EX HARD CLEAR,---,0,0,0,0,---,NO PLAY,---,2026-09-16 19:26
tricoro,龍と少女とデコヒーレンス,EPIC TECHNO,黒猫ダンジョン,0,0,0,0,0,---,NO PLAY,---,5,0,0,0,---,NO PLAY,---,9,0,0,0,---,FULLCOMBO CLEAR,---,11,0,0,0,---,EX HARD CLEAR,---,12,0,0,0,---,EX HARD CLEAR,---,2026-09-16 19:26
SPADA,Adularia,ARTCORE,DJ TOTTO,0,0,0,0,0,---,NO PLAY,---,6,0,0,0,---,NO PLAY,---,10,0,0,0,---,EX HARD CLEAR,---,12,0,0,0,---,EX HARD CLEAR,---,0,0,0,0,---,NO PLAY,---,2026-09-16 19:26
SPADA,ALBA -黎明-,HYPER GOTHIC BEAT,SOUND HOLIC feat. Nana Takahashi,0,0,0,0,0,---,NO PLAY,---,4,0,0,0,---,NO PLAY,---,8,0,0,0,---,NO PLAY,---,11,0,0,0,---,EX HARD CLEAR,---,12,0,0,0,---,HARD CLEAR,---,2026-09-16 19:26
SPADA,Ancient Scapes,DYNASTIC FREEFORM,Durandal,0,0,0,0,0,---,NO PLAY,---,6,0,0,0,---,NO PLAY,---,10,0,0,0,---,HARD CLEAR,---,12,0,0,0,---,EX HARD CLEAR,---,12,0,0,0,---,HARD CLEAR,---,2026-09-16 19:26
SPADA,ATHER,ASTRAL HARDCORE,TAG underground,0,0,0,0,0,---,NO PLAY,---,5,0,0,0,---,NO PLAY,---,8,0,0,0,---,NO PLAY,---,11,0,0,0,---,EX HARD CLEAR,---,12,0,0,0,---,HARD CLEAR,---,2026-09-16 19:26
SPADA,BLUE DRAGON(雷龍RemixIIDX),RAVERS DANCE SPEED,青龍,0,0,0,0,0,---,NO PLAY,---,7,0,0,0,---,NO PLAY,---,10,0,0,0,---,NO PLAY,---,11,0,0,0,---,EX HARD CLEAR,---,12,0,0,0,---,HARD CLEAR,---,2026-09-16 19:26
SPADA,BRAINSTORM,TRANCECORE MEETS GABBA,Hardcore United Tokyo(teranoid & DJ TECHNORCH),0,0,0,0,0,---,NO PLAY,---,6,0,0,0,---,NO PLAY,---,10,0,0,0,---,NO PLAY,---,12,0,0,0,---,EX HARD CLEAR,---,0,0,0,0,---,NO PLAY,---,2026-09-16 19:26
SPADA,BRAVE OUT,ELECTRANCE,nomico / DOWNFORCE,0,0,0,0,0,---,NO PLAY,---,5,0,0,0,---,NO PLAY,---,9,0,0,0,---,NO PLAY,---,11,0,0,0,---,EX HARD CLEAR,---,12,0,0,0,---,EX HARD CLEAR,---,2026-09-16 19:26
SPADA,Claiomh Solais,ILUZIO,DJ Yoshitaka VS S.S.D.,0,0,0,0,0,---,NO PLAY,---,2,0,0,0,---,FULLCOMBO CLEAR,---,8,0,0,0,---,NO PLAY,---,10,0,0,0,---,HARD CLEAR,---,0,0,0,0,---,NO PLAY,---,2026-09-16 19:26
SPADA,Cleopatrysm,PHARAO BEAM STEP,ピラミッ℃,0,0,0,0,0,---,NO PLAY,---,4,0,0,0,---,NO PLAY,---,9,0,0,0,---,NO PLAY,---,11,0,0,0,---,EX HARD CLEAR,---,0,0,0,0,---,NO PLAY,---,2026-09-16 19:26
SPADA,Close the World feat.a☆ru,J-CORE,天叢雲剣,0,0,0,0,0,---,NO PLAY,---,5,0,0,0,---,CLEAR,---,9,0,0,0,---,EX HARD CLEAR,---,12,0,0,0,---,EX HARD CLEAR,---,12,0,0,0,---,HARD CLEAR,---,2026-09-16 19:26
SPADA,Critical Crystal,DANCE SPEED,青龍,0,0,0,0,0,---,NO PLAY,---,6,0,0,0,---,NO PLAY,---,9,0,0,0,---,NO PLAY,---,11,0,0,0,---,HARD CLEAR,---,0,0,0,0,---,NO PLAY,---,2026-09-16 19:26
SPADA,DARK LEGACY,DARK ELEMENT,BaSTeT,0,0,0,0,0,---,NO PLAY,---,7,0,0,0,---,NO PLAY,---,9,0,0,0,---,NO PLAY,---,12,0,0,0,---,EX HARD CLEAR,---,0,0,0,0,---,NO PLAY,---,2026-09-16 19:26
SPADA,Devilz Sacrifice -贖罪の羊-,SYMPHONIC BREAK BEATS,OSTER project,0,0,0,0,0,---,NO PLAY,---,6,0,0,0,---,NO PLAY,---,9,0,0,0,---,NO PLAY,---,11,0,0,0,---,EX HARD CLEAR,---,0,0,0,0,---,NO PLAY,---,2026-09-16 19:26
SPADA,diagram,GLITCH HOP,Expander,0,0,0,0,0,---,NO PLAY,---,4,0,0,0,---,NO PLAY,---,7,0,0,0,---,NO PLAY,---,11,0,0,0,---,EX HARD CLEAR,---,0,0,0,0,---,NO PLAY,---,2026-09-16 19:26
SPADA,Elektrick U-Phoria,UK HARDCORE,DJ Noriken,0,0,0,0,0,---,NO PLAY,---,5,0,0,0,---,NO PLAY,---,8,0,0,0,---,NO PLAY,---,12,0,0,0,---,EX HARD CLEAR,---,12,0,0,0,---,HARD CLEAR,---,2026-09-16 19:26
SPADA,Element of SPADA,HEALING POP,猫叉Master feat.霜月はるか,0,0,0,0,0,---,NO PLAY,---,3,0,0,0,---,NO PLAY,---,6,0,0,0,---,NO PLAY,---,9,0,0,0,---,FULLCOMBO CLEAR,---,11,0,0,0,---,EX HARD CLEAR,---,2026-09-16 19:26
SPADA,Engraved Mark,HAPPY SAD CORE,Ryu☆ ∞ Des-ROW,0,0,0,0,0,---,NO PLAY,---,4,0,0,0,---,NO PLAY,---,8,0,0,0,---,NO PLAY,---,11,0,0,0,---,EX HARD CLEAR,---,0,0,0,0,---,NO PLAY,---,2026-09-16 19:26
SPADA,EXTREME MACH COLLIDER,TECHNO,L.E.D.,0,0,0,0,0,---,NO PLAY,---,5,0,0,0,---,NO PLAY,---,9,0,0,0,---,NO PLAY,---,10,0,0,0,---,FULLCOMBO CLEAR,---,0,0,0,0,---,NO PLAY,---,2026-09-16 19:26
SPADA,Feel The Beat,HARDCORE RAVE,Falsion,0,0,0,0,0,---,NO PLAY,---,6,0,0,0,---,NO PLAY,---,9,0,0,0,---,NO PLAY,---,11,0,0,0,---,EX HARD CLEAR,---,12,0,0,0,---,EX HARD CLEAR,---,2026-09-16 19:26
SPADA,Funny shuffle,JAG GLITCH,猫叉Master+,0,0,0,0,0,---,NO PLAY,---,4,0,0,0,---,NO PLAY,---,7,0,0,0,---,NO PLAY,---,11,0,0,0,---,HARD CLEAR,---,0,0,0,0,---,NO PLAY,---,2026-09-16 19:26
SPADA,HYENA,BIG BEAT,Hommarju,0,0,0,0,0,---,NO PLAY,---,5,0,0,0,---,NO PLAY,---,8,0,0,0,---,NO PLAY,---,11,0,0,0,---,EX HARD CLEAR,---,12,0,0,0,---,HARD CLEAR,---,2026-09-16 19:26
SPADA,Hypersonik,DRUM&BASS,Eagle,0,0,0,0,0,---,NO PLAY,---,5,0,0,0,---,NO PLAY,---,8,0,0,0,---,NO PLAY,---,11,0,0,0,---,FULLCOMBO CLEAR,---,0,0,0,0,---,NO PLAY,---,2026-09-16 19:26
SPADA,I will be back -オレは帰ってきた-,ONLY ONE MOMENT,SUPER STAR 満-MITSURU-,0,0,0,0,0,---,NO PLAY,---,6,0,0,0,---,NO PLAY,---,10,0,0,0,---,HARD CLEAR,---,12,0,0,0,---,EX HARD CLEAR,---,0,0,0,0,---,NO PLAY,---,2026-09-16 19:26
SPADA,Idola,REPLICANT CORE,iconoclasm feat.GUMI,0,0,0,0,0,---,NO PLAY,---,6,0,0,0,---,NO PLAY,---,10,0,0,0,---,NO PLAY,---,12,0,0,0,---,HARD CLEAR,---,0,0,0,0,---,NO PLAY,---,2026-09-16 19:26
SPADA,Insane Techniques,Hi-TECH FULL ON,kors k,0,0,0,0,0,---,NO PLAY,---,4,0,0,0,---,NO PLAY,---,8,0,0,0,---,NO PLAY,---,10,0,0,0,---,EX HARD CLEAR,---,0,0,0,0,---,NO PLAY,---,2026-09-16 19:26
SPADA,INSOMNIA,FUNKOT,ジャカルタファンクブラザーズ,0,0,0,0,0,---,NO PLAY,---,4,0,0,0,---,NO PLAY,---,8,0,0,0,---,EX HARD CLEAR,---,12,0,0,0,---,HARD CLEAR,---,0,0,0,0,---,NO PLAY,---,2026-09-16 19:26
SPADA,into the battlefield,SYMPHONIC BREAKS,the wandering bard,0,0,0,0,0,---,NO PLAY,---,5,0,0,0,---,NO PLAY,---,7,0,0,0,---,NO PLAY,---,10,0,0,0,---,HARD CLEAR,---,0,0,0,0,---,NO PLAY,---,2026-09-16 19:26
SPADA,invoker,TRIBE CORE,Caladborg,0,0,0,0,0,---,NO PLAY,---,6,0,0,0,---,NO PLAY,---,10,0,0,0,---,NO PLAY,---,12,0,0,0,---,EX HARD CLEAR,---,12,0,0,0,---,HARD CLEAR,---,2026-09-16 19:26
SPADA,IX,BLOOD METAL,dj TAKA VS DJ TOTTO feat.藍,0,0,0,0,0,---,NO PLAY,---,6,0,0,0,---,NO PLAY,---,11,0,0,0,---,EX HARD CLEAR,---,12,0,0,0,---,HARD CLEAR,---,0,0,0,0,---,NO PLAY,---,2026-09-16 19:26
SPADA,KAISER PHOENIX,HEAVY METAL,96,0,0,0,0,0,---,NO PLAY,---,6,0,0,0,---,NO PLAY,---,10,0,0,0,---,NO PLAY,---,11,0,0,0,---,HARD CLEAR,---,12,0,0,0,---,CLEAR,---,2026-09-16 19:26
SPADA,KHAMEN BREAK,PROGRESSIVE GOSPEL,くふおー,0,0,0,0,0,---,NO PLAY,---,3,0,0,0,---,NO PLAY,---,8,0,0,0,---,NO PLAY,---,10,0,0,0,---,EX HARD CLEAR,---,0,0,0,0,---,NO PLAY,---,2026-09-16 19:26
SPADA,Last Dance,HARD STACC,dj TAKA,0,0,0,0,0,---,NO PLAY,---,6,0,0,0,---,NO PLAY,---,10,0,0,0,---,EX HARD CLEAR,---,12,0,0,0,---,EX HARD CLEAR,---,0,0,0,0,---,NO PLAY,---,2026-09-16 19:26
SPADA,Lighting Shower,TRANCE POP,TAG,0,0,0,0,0,---,NO PLAY,---,4,0,0,0,---,NO PLAY,---,7,0,0,0,---,NO PLAY,---,11,0,0,0,---,EX HARD CLEAR,---,0,0,0,0,---,NO PLAY,---,2026-09-16 19:26
SPADA,M.D.Injection,PIECED DOWNBEAT,Project B-,0,0,0,0,0,---,NO PLAY,---,5,0,0,0,---,NO PLAY,---,8,0,0,0,---,NO PLAY,---,11,0,0,0,---,EX HARD CLEAR,---,0,0,0,0,---,NO PLAY,---,2026-09-16 19:26
SPADA,m1dy Deluxe,TOKYO STYLE SPEEDCORE,m1dy,0,0,0,0,0,---,NO PLAY,---,6,0,0,0,---,NO PLAY,---,9,0,0,0,---,CLEAR,---,11,0,0,0,---,HARD CLEAR,---,0,0,0,0,---,NO PLAY,---,2026-09-16 19:26
SPADA,MAD ATTACK,UPBEAT,HALFBY,0,0,0,0,0,---,NO PLAY,---,3,0,0,0,---,NO PLAY,---,6,0,0,0,---,NO PLAY,---,10,0,0,0,---,HARD CLEAR,---,11,0,0,0,---,HARD CLEAR,---,2026-09-16 19:26
SPADA,MAGIC & LOVE,HAPPY CORE,DJ Genki feat. Yukacco,0,0,0,0,0,---,NO PLAY,---,4,0,0,0,---,NO PLAY,---,8,0,0,0,---,NO PLAY,---,11,0,0,0,---,EX HARD CLEAR,---,0,0,0,0,---,NO PLAY,---,2026-09-16 19:26
SPADA,Miracle 5ympho X,FRENCHCORE,USAO,0,0,0,0,0,---,NO PLAY,---,6,0,0,0,---,NO PLAY,---,9,0,0,0,---,EX HARD CLEAR,---,11,0,0,0,---,EX HARD CLEAR,---,12,0,0,0,---,HARD CLEAR,---,2026-09-16 19:26
SPADA,NPC World,ELECTRO POP,PON,0,0,0,0,0,---,NO PLAY,---,5,0,0,0,---,NO PLAY,---,9,0,0,0,---,NO PLAY,---,10,0,0,0,---,EX HARD CLEAR,---,0,0,0,0,---,NO PLAY,---,2026-09-16 19:26
SPADA,Odin,GABBER,Noizenecio,0,0,0,0,0,---,NO PLAY,---,5,0,0,0,---,NO PLAY,---,7,0,0,0,---,NO PLAY,---,10,0,0,0,---,EX HARD CLEAR,---,0,0,0,0,---,NO PLAY,---,2026-09-16 19:26
SPADA,Overload Frontier,HARDCORE RAVE,DJ Shimamura,0,0,0,0,0,---,NO PLAY,---,6,0,0,0,---,NO PLAY,---,9,0,0,0,---,NO PLAY,---,11,0,0,0,---,EX HARD CLEAR,---,0,0,0,0,---,NO PLAY,---,2026-09-16 19:26
SPADA,PUNISHER,VARIANT RAVE,TAG×PON,0,0,0,0,0,---,NO PLAY,---,5,0,0,0,---,NO PLAY,---,9,0,0,0,---,NO PLAY,---,12,0,0,0,---,EX HARD CLEAR,---,0,0,0,0,---,NO PLAY,---,2026-09-16 19:26
SPADA,ra'am,RAVERS DANCE SPEED,雷龍,0,0,0,0,0,---,NO PLAY,---,7,0,0,0,---,NO PLAY,---,10,0,0,0,---,NO PLAY,---,12,0,0,0,---,HARD CLEAR,---,0,0,0,0,---,NO PLAY,---,2026-09-16 19:26
SPADA,rainbow guitar weeps,BRIGHTNESS,dj TAKA,0,0,0,0,0,---,NO PLAY,---,6,0,0,0,---,NO PLAY,---,9,0,0,0,---,NO PLAY,---,12,0,0,0,---,EX HARD CLEAR,---,0,0,0,0,---,NO PLAY,---,2026-09-16 19:26
SPADA,refractive index,PSYCHEDELIC TRANCE,Sota Fujimori,0,0,0,0,0,---,NO PLAY,---,4,0,0,0,---,NO PLAY,---,7,0,0,0,---,NO PLAY,---,11,0,0,0,---,EX HARD CLEAR,---,0,0,0,0,---,NO PLAY,---,2026-09-16 19:26
SPADA,RISE,DRUMSTEP,Dirty Androids,0,0,0,0,0,---,NO PLAY,---,5,0,0,0,---,NO PLAY,---,8,0,0,0,---,FULLCOMBO CLEAR,---,10,0,0,0,---,EX HARD CLEAR,---,0,0,0,0,---,NO PLAY,---,2026-09-16 19:26
SPADA,RIZING YOU UP,HAPPY HARDCORE,Ryu☆,0,0,0,0,0,---,NO PLAY,---,8,0,0,0,---,NO PLAY,---,10,0,0,0,---,HARD CLEAR,---,12,0,0,0,---,HARD CLEAR,---,0,0,0,0,---,NO PLAY,---,2026-09-16 19:26
SPADA,SCHWARZSCHILD FIELD,FULL ON,L.E.D.,0,0,0,0,0,---,NO PLAY,---,7,0,0,0,---,NO PLAY,---,9,0,0,0,---,NO PLAY,---,11,0,0,0,---,EX HARD CLEAR,---,0,0,0,0,---,NO PLAY,---,2026-09-16 19:26
SPADA,Sigmund,REQUIEM PSY,Gram,0,0,0,0,0,---,NO PLAY,---,7,0,0,0,---,NO PLAY,---,10,0,0,0,---,EX HARD CLEAR,---,12,0,0,0,---,CLEAR,---,12,0,0,0,---,EASY CLEAR,---,2026-09-16 19:26
SPADA,Squeeze,WITHOUT YOU TONIGHT-VI-,VENUS feat. Mutsuhiko Izumi,0,0,0,0,0,---,NO PLAY,---,5,0,0,0,---,NO PLAY,---,8,0,0,0,---,NO PLAY,---,11,0,0,0,---,FULLCOMBO CLEAR,---,0,0,0,0,---,NO PLAY,---,2026-09-16 19:26
SPADA,THE DETONATOR,NU STYLE GABBA,teranoid VS L.E.D.-G,0,0,0,0,0,---,NO PLAY,---,8,0,0,0,---,NO PLAY,---,9,0,0,0,---,NO PLAY,---,10,0,0,0,---,EX HARD CLEAR,---,0,0,0,0,---,NO PLAY,---,2026-09-16 19:26
SPADA,Unicorn tail,BREAKBEATS TRANCE,DJ YOSHITAKA,0,0,0,0,0,---,NO PLAY,---,5,0,0,0,---,NO PLAY,---,9,0,0,0,---,NO PLAY,---,12,0,0,0,---,EX HARD CLEAR,---,0,0,0,0,---,NO PLAY,---,2026-09-16 19:26
SPADA,Valgus,MAINSTREAM HARDCORE,DJ Myosuke feat.Yukacco,0,0,0,0,0,---,NO PLAY,---,4,0,0,0,---,NO PLAY,---,7,0,0,0,---,NO PLAY,---,11,0,0,0,---,EX HARD CLEAR,---,0,0,0,0,---,NO PLAY,---,2026-09-16 19:26
SPADA,Verflucht,HARD NRG,Tyrfing,0,0,0,0,0,---,NO PLAY,---,7,0,0,0,---,NO PLAY,---,10,0,0,0,---,EX HARD CLEAR,---,12,0,0,0,---,HARD CLEAR,---,12,0,0,0,---,CLEAR,---,2026-09-16 19:26
SPADA,VOX UP,ROTTERDAM TECHNO,sampling masters MEGA vs 青龍,0,0,0,0,0,---,NO PLAY,---,7,0,0,0,---,NO PLAY,---,11,0,0,0,---,HARD CLEAR,---,12,0,0,0,---,HARD CLEAR,---,0,0,0,0,---,NO PLAY,---,2026-09-16 19:26
SPADA,Wonder Girl feat. Kanae Asaba,EUROBEAT,Y&Co.,0,0,0,0,0,---,NO PLAY,---,5,0,0,0,---,NO PLAY,---,7,0,0,0,---,FULLCOMBO CLEAR,---,10,0,0,0,---,CLEAR,---,0,0,0,0,---,NO PLAY,---,2026-09-16 19:26
SPADA,お願いアインシュタイン,CYBER SYMPHONIC POP,中山真斗 feat.桜川めぐ,0,0,0,0,0,---,NO PLAY,---,5,0,0,0,---,NO PLAY,---,8,0,0,0,---,NO PLAY,---,10,0,0,0,---,FULLCOMBO CLEAR,---,0,0,0,0,---,NO PLAY,---,2026-09-16 19:26
SPADA,アルストロメリア,BLOOM FUSION,TAG,0,0,0,0,0,---,NO PLAY,---,5,0,0,0,---,NO PLAY,---,8,0,0,0,---,NO PLAY,---,10,0,0,0,---,EX HARD CLEAR,---,0,0,0,0,---,NO PLAY,---,2026-09-16 19:26
SPADA,デッドボヲルdeホームラン,ELECTRIC MANOUSH SWING,猫叉Masterβ2,0,0,0,0,0,---,NO PLAY,---,4,0,0,0,---,NO PLAY,---,9,0,0,0,---,EX HARD CLEAR,---,11,0,0,0,---,EX HARD CLEAR,---,0,0,0,0,---,NO PLAY,---,2026-09-16 19:26
SPADA,バンブーソード・ガール,J-SPEEDMETAL,cosMo＠暴走P,0,0,0,0,0,---,NO PLAY,---,5,0,0,0,---,NO PLAY,---,10,0,0,0,---,ASSIST CLEAR,---,12,0,0,0,---,HARD CLEAR,---,0,0,0,0,---,NO PLAY,---,2026-09-16 19:26
SPADA,廿,新世紀進歩的羽扇子音楽,DJ TECHNORCH,0,0,0,0,0,---,NO PLAY,---,5,0,0,0,---,NO PLAY,---,8,0,0,0,---,NO PLAY,---,10,0,0,0,---,HARD CLEAR,---,12,0,0,0,---,EX HARD CLEAR,---,2026-09-16 19:26
SPADA,旋律のドグマ～Miserables～,JUVENILE DRUM & BASS,楓璃夢＝ジークフリード＝ファイエルローゼン,0,0,0,0,0,---,NO PLAY,---,6,0,0,0,---,NO PLAY,---,10,0,0,0,---,FULLCOMBO CLEAR,---,12,0,0,0,---,HARD CLEAR,---,0,0,0,0,---,NO PLAY,---,2026-09-16 19:26
SPADA,海神,HYDRO CORE,兎々,0,0,0,0,0,---,NO PLAY,---,7,0,0,0,---,NO PLAY,---,10,0,0,0,---,HARD CLEAR,---,12,0,0,0,---,EX HARD CLEAR,---,12,0,0,0,---,HARD CLEAR,---,2026-09-16 19:26
SPADA,煉獄のエルフェリア,HARD SYMPHONIC,猫叉Master+,0,0,0,0,0,---,NO PLAY,---,7,0,0,0,---,NO PLAY,---,10,0,0,0,---,EX HARD CLEAR,---,12,0,0,0,---,HARD CLEAR,---,0,0,0,0,---,NO PLAY,---,2026-09-16 19:26
SPADA,牧神笛吹きて,ZODIAC ORACLE X,楽士ゾディアック,0,0,0,0,0,---,NO PLAY,---,4,0,0,0,---,NO PLAY,---,8,0,0,0,---,NO PLAY,---,11,0,0,0,---,EX HARD CLEAR,---,0,0,0,0,---,NO PLAY,---,2026-09-16 19:26
SPADA,疾風迅雷,ORIENTAL CORE,KUMOKIRI,0,0,0,0,0,---,NO PLAY,---,6,0,0,0,---,NO PLAY,---,10,0,0,0,---,NO PLAY,---,12,0,0,0,---,HARD CLEAR,---,12,0,0,0,---,HARD CLEAR,---,2026-09-16 19:26
SPADA,罪と罰,HYPER J-POP,Xceon feat. Mayumi Morinaga,0,0,0,0,0,---,NO PLAY,---,6,0,0,0,---,NO PLAY,---,8,0,0,0,---,NO PLAY,---,10,0,0,0,---,EX HARD CLEAR,---,0,0,0,0,---,NO PLAY,---,2026-09-16 19:26
SPADA,超!!遠距離らぶメ～ル,乙女EDM,ななひら,0,0,0,0,0,---,NO PLAY,---,4,0,0,0,---,NO PLAY,---,7,0,0,0,---,NO PLAY,---,11,0,0,0,---,EX HARD CLEAR,---,0,0,0,0,---,NO PLAY,---,2026-09-16 19:26
SPADA,轟け！恋のビーンボール！！,ベースボールヒロイン,ダイナミック野球兄弟 v.s. クロスファイヤーPrim,0,0,0,0,0,---,NO PLAY,---,6,0,0,0,---,NO PLAY,---,10,0,0,0,---,EX HARD CLEAR,---,12,0,0,0,---,EX HARD CLEAR,---,0,0,0,0,---,NO PLAY,---,2026-09-16 19:26
PENDUAL,#The_Relentless,DUBCORE,DJ Noriken,0,0,0,0,0,---,NO PLAY,---,5,0,0,0,---,NO PLAY,---,9,0,0,0,---,NO PLAY,---,11,0,0,0,---,EX HARD CLEAR,---,12,0,0,0,---,CLEAR,---,2026-09-16 19:26
PENDUAL,AFRO KNUCKLE,AFRO-SAMBA,猫叉Master+,0,0,0,0,0,---,NO PLAY,---,5,0,0,0,---,NO PLAY,---,9,0,0,0,---,EASY CLEAR,---,11,0,0,0,---,EX HARD CLEAR,---,0,0,0,0,---,NO PLAY,---,2026-09-16 19:26
PENDUAL,Beat Radiance,NEO CLASSICAL DANCE,iNO,0,0,0,0,0,---,NO PLAY,---,5,0,0,0,---,NO PLAY,---,8,0,0,0,---,NO PLAY,---,10,0,0,0,---,HARD CLEAR,---,12,0,0,0,---,EX HARD CLEAR,---,2026-09-16 19:26
PENDUAL,Beyond The Earth,WORLD/ELECTRONICA,猫叉Master,0,0,0,0,0,---,NO PLAY,---,6,0,0,0,---,ASSIST CLEAR,---,9,0,0,0,---,NO PLAY,---,11,0,0,0,---,EX HARD CLEAR,---,0,0,0,0,---,NO PLAY,---,2026-09-16 19:26
PENDUAL,Blaze it UP!,HARDCORE RAVE,DJ Shimamura,0,0,0,0,0,---,NO PLAY,---,5,0,0,0,---,NO PLAY,---,8,0,0,0,---,NO PLAY,---,11,0,0,0,---,EX HARD CLEAR,---,0,0,0,0,---,NO PLAY,---,2026-09-16 19:26
PENDUAL,BLUE MIRAGE,NU STYLE GABBA,DJ CHUCKY,0,0,0,0,0,---,NO PLAY,---,5,0,0,0,---,NO PLAY,---,9,0,0,0,---,NO PLAY,---,11,0,0,0,---,EX HARD CLEAR,---,0,0,0,0,---,NO PLAY,---,2026-09-16 19:26
PENDUAL,Broken Sword,DUAL ANTIQUE,金獅子 VS 麒麟,0,0,0,0,0,---,NO PLAY,---,6,0,0,0,---,NO PLAY,---,9,0,0,0,---,NO PLAY,---,12,0,0,0,---,EX HARD CLEAR,---,0,0,0,0,---,NO PLAY,---,2026-09-16 19:26
PENDUAL,Chain of pain,FULL ON,kors k VS 猫叉Master+,0,0,0,0,0,---,NO PLAY,---,7,0,0,0,---,NO PLAY,---,9,0,0,0,---,NO PLAY,---,11,0,0,0,---,EX HARD CLEAR,---,0,0,0,0,---,NO PLAY,---,2026-09-16 19:26
PENDUAL,chrono diver -fragment-,HEALING DRUM'N'BASS,猫叉Master feat.三澤 秋,0,0,0,0,0,---,NO PLAY,---,3,0,0,0,---,NO PLAY,---,6,0,0,0,---,NO PLAY,---,9,0,0,0,---,FULLCOMBO CLEAR,---,10,0,0,0,---,FULLCOMBO CLEAR,---,2026-09-16 19:26
PENDUAL,CHRONO DIVER -NORNIR-,CYBER DRUM & BASS,L.E.D.,0,0,0,0,0,---,NO PLAY,---,5,0,0,0,---,NO PLAY,---,9,0,0,0,---,NO PLAY,---,11,0,0,0,---,EX HARD CLEAR,---,12,0,0,0,---,EASY CLEAR,---,2026-09-16 19:26
PENDUAL,Chrono Diver -PENDULUMs-,CHRONO BREAKS,猫叉L.E.D.Master+,0,0,0,0,0,---,NO PLAY,---,7,0,0,0,---,NO PLAY,---,11,0,0,0,---,HARD CLEAR,---,12,0,0,0,---,CLEAR,---,0,0,0,0,---,NO PLAY,---,2026-09-16 19:26
PENDUAL,Chronos,PROGRESSIVE,TAG,0,0,0,0,0,---,NO PLAY,---,5,0,0,0,---,NO PLAY,---,9,0,0,0,---,NO PLAY,---,11,0,0,0,---,EX HARD CLEAR,---,11,0,0,0,---,EX HARD CLEAR,---,2026-09-16 19:26
PENDUAL,cinder,MAELSTROM,PHQUASE,0,0,0,0,0,---,NO PLAY,---,5,0,0,0,---,NO PLAY,---,9,0,0,0,---,NO PLAY,---,12,0,0,0,---,EX HARD CLEAR,---,0,0,0,0,---,NO PLAY,---,2026-09-16 19:26
PENDUAL,COLOSSEUM,LOST GROUND,劇団レコード,0,0,0,0,0,---,NO PLAY,---,4,0,0,0,---,NO PLAY,---,8,0,0,0,---,NO PLAY,---,10,0,0,0,---,FULLCOMBO CLEAR,---,0,0,0,0,---,NO PLAY,---,2026-09-16 19:26
PENDUAL,Cosmic Cat,FUTURE BASS,8bit Moonside,0,0,0,0,0,---,NO PLAY,---,6,0,0,0,---,NO PLAY,---,8,0,0,0,---,FULLCOMBO CLEAR,---,10,0,0,0,---,HARD CLEAR,---,12,0,0,0,---,HARD CLEAR,---,2026-09-16 19:26
PENDUAL,Despair of ELFERIA,HARD IRISH SYMPHONIC,猫叉Master,0,0,0,0,0,---,NO PLAY,---,7,0,0,0,---,NO PLAY,---,10,0,0,0,---,NO PLAY,---,12,0,0,0,---,EX HARD CLEAR,---,0,0,0,0,---,NO PLAY,---,2026-09-16 19:26
PENDUAL,Discloze,Hi-TECH PSYTRANCE,lapix,0,0,0,0,0,---,NO PLAY,---,6,0,0,0,---,NO PLAY,---,9,0,0,0,---,NO PLAY,---,11,0,0,0,---,EX HARD CLEAR,---,0,0,0,0,---,NO PLAY,---,2026-09-16 19:26
PENDUAL,EBONY & IVORY,RAGTIME CHIPTUNE,OSTER project,0,0,0,0,0,---,NO PLAY,---,6,0,0,0,---,NO PLAY,---,9,0,0,0,---,NO PLAY,---,12,0,0,0,---,HARD CLEAR,---,12,0,0,0,---,CLEAR,---,2026-09-16 19:26
PENDUAL,entelecheia,SACRED TRANCE,Rche,0,0,0,0,0,---,NO PLAY,---,7,0,0,0,---,NO PLAY,---,10,0,0,0,---,HARD CLEAR,---,12,0,0,0,---,EX HARD CLEAR,---,0,0,0,0,---,NO PLAY,---,2026-09-16 19:26
PENDUAL,Erosion Mark,FALLIN APART CORE,kors k REASM Des-ROW,0,0,0,0,0,---,NO PLAY,---,4,0,0,0,---,NO PLAY,---,8,0,0,0,---,NO PLAY,---,11,0,0,0,---,EX HARD CLEAR,---,0,0,0,0,---,NO PLAY,---,2026-09-16 19:26
PENDUAL,fallen leaves -IIDX edition-,WORLD/ELECTRONICA,猫叉Master,0,0,0,0,0,---,NO PLAY,---,6,0,0,0,---,NO PLAY,---,9,0,0,0,---,NO PLAY,---,12,0,0,0,---,HARD CLEAR,---,0,0,0,0,---,NO PLAY,---,2026-09-16 19:26
PENDUAL,FANTASTIC THREE,DUB COMEDY,ジャカルタファンクブラザーズ,0,0,0,0,0,---,NO PLAY,---,7,0,0,0,---,NO PLAY,---,10,0,0,0,---,HARD CLEAR,---,12,0,0,0,---,HARD CLEAR,---,0,0,0,0,---,NO PLAY,---,2026-09-16 19:26
PENDUAL,Flashes,DRUM'N'BASS,Dollscythe,0,0,0,0,0,---,NO PLAY,---,6,0,0,0,---,NO PLAY,---,9,0,0,0,---,EX HARD CLEAR,---,12,0,0,0,---,HARD CLEAR,---,12,0,0,0,---,HARD CLEAR,---,2026-09-16 19:26
PENDUAL,Gravigazer,PROGRESSIVE SCHRANZ,DJ TOTTO,0,0,0,0,0,---,NO PLAY,---,5,0,0,0,---,NO PLAY,---,9,0,0,0,---,EX HARD CLEAR,---,12,0,0,0,---,EX HARD CLEAR,---,0,0,0,0,---,NO PLAY,---,2026-09-16 19:26
PENDUAL,GUILTY,TECHNO,D.J.SETUP,0,0,0,0,0,---,NO PLAY,---,5,0,0,0,---,NO PLAY,---,9,0,0,0,---,NO PLAY,---,11,0,0,0,---,FULLCOMBO CLEAR,---,12,0,0,0,---,EX HARD CLEAR,---,2026-09-16 19:26
PENDUAL,HELL SCAPER -Last Escape Remix-,GABBAH,Remixed by DJ TECHNORCH fw.GUHROOVY,0,0,0,0,0,---,NO PLAY,---,6,0,0,0,---,NO PLAY,---,9,0,0,0,---,NO PLAY,---,11,0,0,0,---,EX HARD CLEAR,---,0,0,0,0,---,NO PLAY,---,2026-09-16 19:26
PENDUAL,Hello Happiness,HAPPY HARDCORE,P*Light feat. mow*2,0,0,0,0,0,---,NO PLAY,---,5,0,0,0,---,NO PLAY,---,8,0,0,0,---,NO PLAY,---,11,0,0,0,---,EX HARD CLEAR,---,0,0,0,0,---,NO PLAY,---,2026-09-16 19:26
PENDUAL,illuminate,SYNTHETIC EDM,Sota Fujimori,0,0,0,0,0,---,NO PLAY,---,3,0,0,0,---,NO PLAY,---,9,0,0,0,---,NO PLAY,---,11,0,0,0,---,EX HARD CLEAR,---,0,0,0,0,---,NO PLAY,---,2026-09-16 19:26
PENDUAL,IMPLANTATION,GOA TRANCE,TOMOSUKE,0,0,0,0,0,---,NO PLAY,---,5,0,0,0,---,NO PLAY,---,9,0,0,0,---,NO PLAY,---,11,0,0,0,---,EX HARD CLEAR,---,12,0,0,0,---,HARD CLEAR,---,2026-09-16 19:26
PENDUAL,In The Breeze,HYBRID,96 & Sota ft. Mayumi Morinaga,0,0,0,0,0,---,NO PLAY,---,5,0,0,0,---,NO PLAY,---,8,0,0,0,---,NO PLAY,---,10,0,0,0,---,EX HARD CLEAR,---,0,0,0,0,---,NO PLAY,---,2026-09-16 19:26
PENDUAL,Invitation from Mr.C,HOLIC,C-Show,0,0,0,0,0,---,NO PLAY,---,7,0,0,0,---,NO PLAY,---,9,0,0,0,---,NO PLAY,---,12,0,0,0,---,EX HARD CLEAR,---,0,0,0,0,---,NO PLAY,---,2026-09-16 19:26
PENDUAL,IXION,PSYCHEDELIC TRANCE,L.E.D.,0,0,0,0,0,---,NO PLAY,---,5,0,0,0,---,NO PLAY,---,8,0,0,0,---,NO PLAY,---,11,0,0,0,---,EX HARD CLEAR,---,0,0,0,0,---,NO PLAY,---,2026-09-16 19:26
PENDUAL,Line 4 Ruin,ELECTRO TECH,Ryu☆,0,0,0,0,0,---,NO PLAY,---,6,0,0,0,---,NO PLAY,---,9,0,0,0,---,NO PLAY,---,11,0,0,0,---,FULLCOMBO CLEAR,---,0,0,0,0,---,NO PLAY,---,2026-09-16 19:26
PENDUAL,Monopole.,ARTCORE ROCK,cosMo＠暴走P,0,0,0,0,0,---,NO PLAY,---,5,0,0,0,---,NO PLAY,---,8,0,0,0,---,NO PLAY,---,11,0,0,0,---,EX HARD CLEAR,---,0,0,0,0,---,NO PLAY,---,2026-09-16 19:26
PENDUAL,NEO GENERATOR SEVEN,MAINSTREAM HARDCORE,L.E.D.-G,0,0,0,0,0,---,NO PLAY,---,6,0,0,0,---,NO PLAY,---,10,0,0,0,---,NO PLAY,---,11,0,0,0,---,EX HARD CLEAR,---,0,0,0,0,---,NO PLAY,---,2026-09-16 19:26
PENDUAL,Night sky,PUMPCORE,USAO,0,0,0,0,0,---,NO PLAY,---,6,0,0,0,---,NO PLAY,---,9,0,0,0,---,FULLCOMBO CLEAR,---,12,0,0,0,---,HARD CLEAR,---,0,0,0,0,---,NO PLAY,---,2026-09-16 19:26
PENDUAL,No Tears,HARD EDM,RoughSketch feat.Aikapin,0,0,0,0,0,---,NO PLAY,---,6,0,0,0,---,NO PLAY,---,9,0,0,0,---,NO PLAY,---,10,0,0,0,---,EX HARD CLEAR,---,0,0,0,0,---,NO PLAY,---,2026-09-16 19:26
PENDUAL,Rave*it!! Rave*it!!,EDM SPEED,機龍,0,0,0,0,0,---,NO PLAY,---,6,0,0,0,---,NO PLAY,---,9,0,0,0,---,NO PLAY,---,12,0,0,0,---,EX HARD CLEAR,---,0,0,0,0,---,NO PLAY,---,2026-09-16 19:26
PENDUAL,Realize Maze,SOLITUDE,movies (moimoi×Xceon×Dai.),0,0,0,0,0,---,NO PLAY,---,6,0,0,0,---,NO PLAY,---,9,0,0,0,---,NO PLAY,---,11,0,0,0,---,EX HARD CLEAR,---,0,0,0,0,---,NO PLAY,---,2026-09-16 19:26
PENDUAL,Reflux,TRANCESTEP,Eagle,0,0,0,0,0,---,NO PLAY,---,6,0,0,0,---,FULLCOMBO CLEAR,---,9,0,0,0,---,NO PLAY,---,12,0,0,0,---,HARD CLEAR,---,0,0,0,0,---,NO PLAY,---,2026-09-16 19:26
PENDUAL,Sakura Mirage,CHIPCORE,Ryu☆,0,0,0,0,0,---,NO PLAY,---,6,0,0,0,---,NO PLAY,---,8,0,0,0,---,NO PLAY,---,10,0,0,0,---,HARD CLEAR,---,0,0,0,0,---,NO PLAY,---,2026-09-16 19:26
PENDUAL,SAMSARA,DIMENSION WAVE,SOUND HOLIC feat. Nana Takahashi,0,0,0,0,0,---,NO PLAY,---,4,0,0,0,---,NO PLAY,---,7,0,0,0,---,NO PLAY,---,10,0,0,0,---,FULLCOMBO CLEAR,---,0,0,0,0,---,NO PLAY,---,2026-09-16 19:26
PENDUAL,Say YEEEAHH,EDM,kors k,0,0,0,0,0,---,NO PLAY,---,6,0,0,0,---,NO PLAY,---,10,0,0,0,---,HARD CLEAR,---,12,0,0,0,---,HARD CLEAR,---,0,0,0,0,---,NO PLAY,---,2026-09-16 19:26
PENDUAL,Scarlet Moon,J-CORE,REDALiCE feat. Ayumi Nomiya,0,0,0,0,0,---,NO PLAY,---,6,0,0,0,---,NO PLAY,---,9,0,0,0,---,NO PLAY,---,11,0,0,0,---,EX HARD CLEAR,---,0,0,0,0,---,NO PLAY,---,2026-09-16 19:26
PENDUAL,Scars of FAUNA,WORLD/ELECTRONICA,猫叉Master,0,0,0,0,0,---,NO PLAY,---,5,0,0,0,---,NO PLAY,---,8,0,0,0,---,NO PLAY,---,11,0,0,0,---,EX HARD CLEAR,---,0,0,0,0,---,NO PLAY,---,2026-09-16 19:26
PENDUAL,Shooting Fireball,MUSIC GAME TRADITIONAL,dj TAKA,0,0,0,0,0,---,NO PLAY,---,6,0,0,0,---,NO PLAY,---,10,0,0,0,---,NO PLAY,---,12,0,0,0,---,EX HARD CLEAR,---,0,0,0,0,---,NO PLAY,---,2026-09-16 19:26
PENDUAL,Sounds Of Summer,UK HARDCORE,Hommarju,0,0,0,0,0,---,NO PLAY,---,6,0,0,0,---,NO PLAY,---,9,0,0,0,---,NO PLAY,---,12,0,0,0,---,EX HARD CLEAR,---,0,0,0,0,---,NO PLAY,---,2026-09-16 19:26
PENDUAL,SpaceLand☆TOYBOX,RAGTIME FUTURE POP,OSTER project,0,0,0,0,0,---,NO PLAY,---,6,0,0,0,---,NO PLAY,---,9,0,0,0,---,NO PLAY,---,12,0,0,0,---,EX HARD CLEAR,---,0,0,0,0,---,NO PLAY,---,2026-09-16 19:26
PENDUAL,Sweet Radar,ELECTRO POP,DJ Genki feat. Yukacco,0,0,0,0,0,---,NO PLAY,---,4,0,0,0,---,NO PLAY,---,6,0,0,0,---,NO PLAY,---,10,0,0,0,---,FULLCOMBO CLEAR,---,0,0,0,0,---,NO PLAY,---,2026-09-16 19:26
PENDUAL,Symmetry,EPIC ELECTRONICA,猫叉Master,0,0,0,0,0,---,NO PLAY,---,6,0,0,0,---,NO PLAY,---,9,0,0,0,---,NO PLAY,---,11,0,0,0,---,EX HARD CLEAR,---,0,0,0,0,---,NO PLAY,---,2026-09-16 19:26
PENDUAL,The Least 100sec,PROGRESSIVE,Sasaki Hirofumi,0,0,0,0,0,---,NO PLAY,---,6,0,0,0,---,NO PLAY,---,9,0,0,0,---,NO PLAY,---,12,0,0,0,---,EX HARD CLEAR,---,0,0,0,0,---,NO PLAY,---,2026-09-16 19:26
PENDUAL,TIEFSEE,DEEP SPECTRUM,SOUND HOLIC Vs. dj TAKA feat. YURiCa,0,0,0,0,0,---,NO PLAY,---,6,0,0,0,---,NO PLAY,---,9,0,0,0,---,FULLCOMBO CLEAR,---,12,0,0,0,---,EX HARD CLEAR,---,0,0,0,0,---,NO PLAY,---,2026-09-16 19:26
PENDUAL,TOXIC VIBRATION,MELODIC SPEED METAL,SOUND HOLIC Vs. T.Kakuta feat. YURiCa,0,0,0,0,0,---,NO PLAY,---,7,0,0,0,---,NO PLAY,---,10,0,0,0,---,EX HARD CLEAR,---,12,0,0,0,---,HARD CLEAR,---,0,0,0,0,---,NO PLAY,---,2026-09-16 19:26
PENDUAL,Vulkan,GYPSYCORE,Hommarju,0,0,0,0,0,---,NO PLAY,---,5,0,0,0,---,NO PLAY,---,9,0,0,0,---,NO PLAY,---,11,0,0,0,---,EX HARD CLEAR,---,0,0,0,0,---,NO PLAY,---,2026-09-16 19:26
PENDUAL,We're so Happy (P*Light Remix) IIDX ver.,HAPPY HARDCORE,Remixed by P*Light,0,0,0,0,0,---,NO PLAY,---,6,0,0,0,---,NO PLAY,---,10,0,0,0,---,NO PLAY,---,12,0,0,0,---,EX HARD CLEAR,---,0,0,0,0,---,NO PLAY,---,2026-09-16 19:26
PENDUAL,ZZ,INTELLIGENCE,D.J.Amuro,0,0,0,0,0,---,NO PLAY,---,6,0,0,0,---,NO PLAY,---,10,0,0,0,---,FULLCOMBO CLEAR,---,12,0,0,0,---,EX HARD CLEAR,---,0,0,0,0,---,NO PLAY,---,2026-09-16 19:26
PENDUAL,それは花火のような恋,Hi-歌謡コア,夏色バーニングラブ☆Prim,0,0,0,0,0,---,NO PLAY,---,7,0,0,0,---,NO PLAY,---,10,0,0,0,---,NO PLAY,---,12,0,0,0,---,EX HARD CLEAR,---,0,0,0,0,---,NO PLAY,---,2026-09-16 19:26
PENDUAL,とろぴかる倶楽部,TROPICAL,HALFBY,0,0,0,0,0,---,NO PLAY,---,6,0,0,0,---,NO PLAY,---,9,0,0,0,---,NO PLAY,---,11,0,0,0,---,EX HARD CLEAR,---,0,0,0,0,---,NO PLAY,---,2026-09-16 19:26
PENDUAL,ぷろぐれっしぶ時空少女！うらしまたろ子ちゃん！,ぷろぐれっしぶ電波,ARM(IOSYS) feat. 山本椛,0,0,0,0,0,---,NO PLAY,---,4,0,0,0,---,NO PLAY,---,7,0,0,0,---,NO PLAY,---,10,0,0,0,---,FULLCOMBO CLEAR,---,0,0,0,0,---,NO PLAY,---,2026-09-16 19:26
PENDUAL,もっと！モット！ときめき feat. 松下,きらめきコア,シャイニング度胸兄弟,0,0,0,0,0,---,NO PLAY,---,6,0,0,0,---,NO PLAY,---,9,0,0,0,---,FULLCOMBO CLEAR,---,11,0,0,0,---,EX HARD CLEAR,---,0,0,0,0,---,NO PLAY,---,2026-09-16 19:26
PENDUAL,ドッキン☆サマーあばんちゅーる,ドタバタ☆夏休み,L.E.D.-G + Qrispy Joybox + ARM feat. ななひら,0,0,0,0,0,---,NO PLAY,---,6,0,0,0,---,NO PLAY,---,9,0,0,0,---,NO PLAY,---,11,0,0,0,---,EX HARD CLEAR,---,0,0,0,0,---,NO PLAY,---,2026-09-16 19:26
PENDUAL,パ→ピ→プ→Yeah!,電波ソング,ヒゲドライバー join. shully & Nimo,0,0,0,0,0,---,NO PLAY,---,6,0,0,0,---,NO PLAY,---,9,0,0,0,---,NO PLAY,---,11,0,0,0,---,EX HARD CLEAR,---,0,0,0,0,---,NO PLAY,---,2026-09-16 19:26
PENDUAL,ベィスドロップ・フリークス,A-STYLE DRUMSTEP,かめりあ feat. ななひら,1,0,0,0,0,---,NO PLAY,---,4,0,0,0,---,NO PLAY,---,7,0,0,0,---,NO PLAY,---,11,0,0,0,---,EX HARD CLEAR,---,11,2135,948,239,---,HARD CLEAR,AA,2026-09-16 21:56
PENDUAL,リリーゼと炎龍レーヴァテイン,OLDSTYLE GAMEMUSIC,黒猫ダンジョン,0,0,0,0,0,---,NO PLAY,---,6,0,0,0,---,NO PLAY,---,10,0,0,0,---,EX HARD CLEAR,---,12,0,0,0,---,EX HARD CLEAR,---,0,0,0,0,---,NO PLAY,---,2026-09-16 19:26
PENDUAL,共鳴遊戯の華,ASTRAL DRUM & BASS,アイテール魔導士隊,0,0,0,0,0,---,NO PLAY,---,7,0,0,0,---,NO PLAY,---,10,0,0,0,---,NO PLAY,---,12,0,0,0,---,CLEAR,---,0,0,0,0,---,NO PLAY,---,2026-09-16 19:26
PENDUAL,十六夜セツナ,HYPER J-POP,Xceon feat.Mayumi Morinaga,0,0,0,0,0,---,NO PLAY,---,6,0,0,0,---,NO PLAY,---,8,0,0,0,---,NO PLAY,---,10,0,0,0,---,FULLCOMBO CLEAR,---,0,0,0,0,---,NO PLAY,---,2026-09-16 19:26
PENDUAL,千年ノ理,WORLD/ELECTRONICA,猫叉Master,0,0,0,0,0,---,NO PLAY,---,6,0,0,0,---,NO PLAY,---,9,0,0,0,---,NO PLAY,---,12,0,0,0,---,HARD CLEAR,---,12,0,0,0,---,CLEAR,---,2026-09-16 19:26
PENDUAL,取り残された美術(Arranged:HiZuMi),HYPER J-POP,幽閉サテライト feat. senya,0,0,0,0,0,---,NO PLAY,---,5,0,0,0,---,NO PLAY,---,8,0,0,0,---,NO PLAY,---,10,0,0,0,---,EX HARD CLEAR,---,0,0,0,0,---,NO PLAY,---,2026-09-16 19:26
PENDUAL,夏色DIARY - L.E.D.-G STYLE MIX -,HAPPY SUMMER CORE,猫叉王子 feat.L.E.D.-G,0,0,0,0,0,---,NO PLAY,---,6,0,0,0,---,NO PLAY,---,10,0,0,0,---,NO PLAY,---,12,0,0,0,---,EX HARD CLEAR,---,0,0,0,0,---,NO PLAY,---,2026-09-16 19:26
PENDUAL,妖隠し -あやかしかくし-,DRUM'N'WALTZ,DJ TOTTO feat.3L,0,0,0,0,0,---,NO PLAY,---,6,0,0,0,---,NO PLAY,---,8,0,0,0,---,NO PLAY,---,11,0,0,0,---,EX HARD CLEAR,---,0,0,0,0,---,NO PLAY,---,2026-09-16 19:26
PENDUAL,少年は空を辿る,ムラクモ,Power Of Nature,0,0,0,0,0,---,NO PLAY,---,7,0,0,0,---,NO PLAY,---,10,0,0,0,---,EX HARD CLEAR,---,12,0,0,0,---,HARD CLEAR,---,0,0,0,0,---,NO PLAY,---,2026-09-16 19:26
PENDUAL,恋は白帯、サンシロー,KANA-POP,星野奏子,0,0,0,0,0,---,NO PLAY,---,4,0,0,0,---,NO PLAY,---,6,0,0,0,---,NO PLAY,---,9,0,0,0,---,NO PLAY,---,11,0,0,0,---,EX HARD CLEAR,---,2026-09-16 19:26
PENDUAL,打打打打打打打打打打,JAPANESE TRADITIONAL,ヒゲドライバー join. SELEN,0,0,0,0,0,---,NO PLAY,---,5,0,0,0,---,NO PLAY,---,9,0,0,0,---,HARD CLEAR,---,11,0,0,0,---,EX HARD CLEAR,---,0,0,0,0,---,NO PLAY,---,2026-09-16 19:26
PENDUAL,時空トラベローグ,TIME TRIP JAZZ,SWING HOLIC feat. A～YA,0,0,0,0,0,---,NO PLAY,---,6,0,0,0,---,NO PLAY,---,9,0,0,0,---,NO PLAY,---,11,0,0,0,---,EX HARD CLEAR,---,0,0,0,0,---,NO PLAY,---,2026-09-16 19:26
PENDUAL,紅牡丹,J-CORE,DJ NAGAI feat. a☆ru,0,0,0,0,0,---,NO PLAY,---,6,0,0,0,---,NO PLAY,---,9,0,0,0,---,NO PLAY,---,11,0,0,0,---,EX HARD CLEAR,---,0,0,0,0,---,NO PLAY,---,2026-09-16 19:26
PENDUAL,表裏一体！？怪盗いいんちょの悩み,Hi-FUNK BREAKS,◇◆噂の怪盗少女 ぷらずま★彡Prim◇◆,0,0,0,0,0,---,NO PLAY,---,6,0,0,0,---,NO PLAY,---,10,0,0,0,---,HARD CLEAR,---,12,0,0,0,---,HARD CLEAR,---,12,0,0,0,---,HARD CLEAR,---,2026-09-16 19:26
PENDUAL,超青少年ノ為ノ超多幸ナ超古典的超舞曲,PIECED EUPHORIA,Project B-,0,0,0,0,0,---,NO PLAY,---,6,0,0,0,---,NO PLAY,---,8,0,0,0,---,NO PLAY,---,12,0,0,0,---,EX HARD CLEAR,---,12,0,0,0,---,CLEAR,---,2026-09-16 19:26
PENDUAL,鬼天,ASURA TEK CORE,兎々,0,0,0,0,0,---,NO PLAY,---,6,0,0,0,---,NO PLAY,---,10,0,0,0,---,EX HARD CLEAR,---,12,0,0,0,---,EX HARD CLEAR,---,0,0,0,0,---,NO PLAY,---,2026-09-16 19:26
PENDUAL,Ｘ↑Ｘ↓,新世紀進歩的羽扇子音楽,DJ TECHNORCH,0,0,0,0,0,---,NO PLAY,---,5,0,0,0,---,NO PLAY,---,9,0,0,0,---,NO PLAY,---,12,0,0,0,---,EX HARD CLEAR,---,0,0,0,0,---,NO PLAY,---,2026-09-16 19:26
copula,199024club -Re:BounceKiller-,TECH BREAKBEATS,DJ Mass MAD Izm*,0,0,0,0,0,---,NO PLAY,---,5,0,0,0,---,NO PLAY,---,10,0,0,0,---,EX HARD CLEAR,---,12,0,0,0,---,HARD CLEAR,---,0,0,0,0,---,NO PLAY,---,2026-09-16 19:26
copula,Acid Pumper,HARD DANCE,ni-21,0,0,0,0,0,---,NO PLAY,---,5,0,0,0,---,NO PLAY,---,9,0,0,0,---,NO PLAY,---,11,0,0,0,---,EX HARD CLEAR,---,0,0,0,0,---,NO PLAY,---,2026-09-16 19:26
copula,Angelic Jelly,HAPPY で HARDCORE,t+pazolite,0,0,0,0,0,---,NO PLAY,---,6,0,0,0,---,NO PLAY,---,9,0,0,0,---,NO PLAY,---,11,0,0,0,---,FULLCOMBO CLEAR,---,0,0,0,0,---,NO PLAY,---,2026-09-16 19:26
copula,AO-1,DANCE EXPRESS,電龍,0,0,0,0,0,---,NO PLAY,---,7,0,0,0,---,NO PLAY,---,10,0,0,0,---,EX HARD CLEAR,---,12,0,0,0,---,EX HARD CLEAR,---,0,0,0,0,---,NO PLAY,---,2026-09-16 19:26
copula,Arcana,UPLIFTING TRANCE,Maozon,0,0,0,0,0,---,NO PLAY,---,6,0,0,0,---,NO PLAY,---,8,0,0,0,---,NO PLAY,---,10,0,0,0,---,FULLCOMBO CLEAR,---,0,0,0,0,---,NO PLAY,---,2026-09-16 19:26
copula,Aublia,POST J-TRADITIONAL,onoken feat. ALIAKE,0,0,0,0,0,---,NO PLAY,---,5,0,0,0,---,NO PLAY,---,8,0,0,0,---,NO PLAY,---,11,0,0,0,---,EX HARD CLEAR,---,0,0,0,0,---,NO PLAY,---,2026-09-16 19:26
copula,Battle Train -IIDX Edition-,HARD DANCE,Sota Fujimori,0,0,0,0,0,---,NO PLAY,---,6,0,0,0,---,NO PLAY,---,9,0,0,0,---,NO PLAY,---,12,0,0,0,---,EX HARD CLEAR,---,0,0,0,0,---,NO PLAY,---,2026-09-16 19:26
copula,Blue Spring Express,DREAM CORE,DJ Scratch & Bend,0,0,0,0,0,---,NO PLAY,---,6,0,0,0,---,NO PLAY,---,10,0,0,0,---,EX HARD CLEAR,---,12,0,0,0,---,EX HARD CLEAR,---,0,0,0,0,---,NO PLAY,---,2026-09-16 19:26
copula,Central Station,FUTURE BASS,Recycle,0,0,0,0,0,---,NO PLAY,---,4,0,0,0,---,NO PLAY,---,8,0,0,0,---,NO PLAY,---,10,0,0,0,---,HARD CLEAR,---,0,0,0,0,---,NO PLAY,---,2026-09-16 19:26
copula,chaos eater -IIDX edition-,HARD STEP,猫叉Master+,0,0,0,0,0,---,NO PLAY,---,7,0,0,0,---,NO PLAY,---,9,0,0,0,---,NO PLAY,---,12,0,0,0,---,EX HARD CLEAR,---,0,0,0,0,---,NO PLAY,---,2026-09-16 19:26
copula,CODE:1 [revision1.0.1],TECHNO,HEXA,0,0,0,0,0,---,NO PLAY,---,5,0,0,0,---,NO PLAY,---,9,0,0,0,---,FULLCOMBO CLEAR,---,12,0,0,0,---,HARD CLEAR,---,0,0,0,0,---,NO PLAY,---,2026-09-16 19:26
copula,Daily Lunch Special,ラッキーハードコア,Lucky Vacuum,0,0,0,0,0,---,NO PLAY,---,6,0,0,0,---,NO PLAY,---,9,0,0,0,---,NO PLAY,---,11,0,0,0,---,EX HARD CLEAR,---,0,0,0,0,---,NO PLAY,---,2026-09-16 19:26
copula,Damage Per Second,CYBER DRUMSTEP,Maozon,0,0,0,0,0,---,NO PLAY,---,4,0,0,0,---,NO PLAY,---,7,0,0,0,---,NO PLAY,---,10,0,0,0,---,FULLCOMBO CLEAR,---,11,0,0,0,---,FULLCOMBO CLEAR,---,2026-09-16 19:26
copula,Derelict Star feat. Ryu*,HARD DANCE,Remo-con,0,0,0,0,0,---,NO PLAY,---,6,0,0,0,---,NO PLAY,---,10,0,0,0,---,NO PLAY,---,11,0,0,0,---,EX HARD CLEAR,---,0,0,0,0,---,NO PLAY,---,2026-09-16 19:26
copula,Devil's Gear,MAINSTREAM HARDCORE,DJ Myosuke,0,0,0,0,0,---,NO PLAY,---,6,0,0,0,---,NO PLAY,---,10,0,0,0,---,NO PLAY,---,12,0,0,0,---,EX HARD CLEAR,---,0,0,0,0,---,NO PLAY,---,2026-09-16 19:26
copula,DIAMOND CROSSING,HARD ELECTRIC POP,S-C-U vs L.E.D.,0,0,0,0,0,---,NO PLAY,---,7,0,0,0,---,NO PLAY,---,10,0,0,0,---,EX HARD CLEAR,---,12,0,0,0,---,HARD CLEAR,---,0,0,0,0,---,NO PLAY,---,2026-09-16 19:26
copula,do the thing feat. Kanae Asaba,EDM,MK,0,0,0,0,0,---,NO PLAY,---,3,0,0,0,---,NO PLAY,---,8,0,0,0,---,NO PLAY,---,10,0,0,0,---,EX HARD CLEAR,---,0,0,0,0,---,NO PLAY,---,2026-09-16 19:26
copula,Donkey Donk,DONK,Ryu☆,0,0,0,0,0,---,NO PLAY,---,6,0,0,0,---,NO PLAY,---,9,0,0,0,---,NO PLAY,---,11,0,0,0,---,EX HARD CLEAR,---,0,0,0,0,---,NO PLAY,---,2026-09-16 19:26
copula,Dynamite,HYBRID TWERK,USAO,0,0,0,0,0,---,NO PLAY,---,8,0,0,0,---,NO PLAY,---,10,0,0,0,---,EX HARD CLEAR,---,12,0,0,0,---,HARD CLEAR,---,0,0,0,0,---,NO PLAY,---,2026-09-16 19:26
copula,Everlasting Last,J-DANCE POP,HHH×MM×ST,0,0,0,0,0,---,NO PLAY,---,5,0,0,0,---,NO PLAY,---,8,0,0,0,---,FULLCOMBO CLEAR,---,10,0,0,0,---,EX HARD CLEAR,---,0,0,0,0,---,NO PLAY,---,2026-09-16 19:26
copula,Exchange Place,FUTURE JERSEY,Dirty Androids,0,0,0,0,0,---,NO PLAY,---,4,0,0,0,---,NO PLAY,---,7,0,0,0,---,NO PLAY,---,9,0,0,0,---,FULLCOMBO CLEAR,---,0,0,0,0,---,NO PLAY,---,2026-09-16 19:26
copula,GENERATE feat.綾倉盟,ELECTRONIC DANCE,Masayoshi Minoshima,0,0,0,0,0,---,NO PLAY,---,5,0,0,0,---,NO PLAY,---,8,0,0,0,---,FULLCOMBO CLEAR,---,10,0,0,0,---,FULLCOMBO CLEAR,---,0,0,0,0,---,NO PLAY,---,2026-09-16 19:26
copula,Go Faraway,TRAPSTYLE,DJ Noriken feat. Yukacco,0,0,0,0,0,---,NO PLAY,---,5,0,0,0,---,NO PLAY,---,9,0,0,0,---,NO PLAY,---,11,0,0,0,---,EX HARD CLEAR,---,0,0,0,0,---,NO PLAY,---,2026-09-16 19:26
copula,GOBBLE,CANTERBURY&BEAT,Kimitaka Matsumae,0,0,0,0,0,---,NO PLAY,---,7,0,0,0,---,NO PLAY,---,12,0,0,0,---,CLEAR,---,11,0,0,0,---,EX HARD CLEAR,---,0,0,0,0,---,NO PLAY,---,2026-09-16 19:26
copula,Godspeed,JOINT WORK,dj TAKA xxx 猫叉Master xxx L.E.D.,0,0,0,0,0,---,NO PLAY,---,7,0,0,0,---,NO PLAY,---,10,0,0,0,---,NO PLAY,---,12,0,0,0,---,HARD CLEAR,---,0,0,0,0,---,NO PLAY,---,2026-09-16 19:26
copula,Grand Chariot,HARD ART CORE,xi,0,0,0,0,0,---,NO PLAY,---,7,0,0,0,---,NO PLAY,---,10,0,0,0,---,EX HARD CLEAR,---,12,0,0,0,---,HARD CLEAR,---,0,0,0,0,---,NO PLAY,---,2026-09-16 19:26
copula,Highcharge Divolt,BEMANIZED DIGITAL ROCK,HuΣeR,0,0,0,0,0,---,NO PLAY,---,6,0,0,0,---,NO PLAY,---,10,0,0,0,---,EX HARD CLEAR,---,12,0,0,0,---,EX HARD CLEAR,---,0,0,0,0,---,NO PLAY,---,2026-09-16 19:26
copula,Inner Spirit,HiTECH FULLON,lapix,0,0,0,0,0,---,NO PLAY,---,5,0,0,0,---,NO PLAY,---,8,0,0,0,---,NO PLAY,---,11,0,0,0,---,EX HARD CLEAR,---,0,0,0,0,---,NO PLAY,---,2026-09-16 19:26
copula,Journey,WORLD/ELECTRONICA,猫叉Master,0,0,0,0,0,---,NO PLAY,---,4,0,0,0,---,NO PLAY,---,7,0,0,0,---,NO PLAY,---,9,0,0,0,---,FULLCOMBO CLEAR,---,11,0,0,0,---,EX HARD CLEAR,---,2026-09-16 19:26
copula,Konzert V,JUNGLE CLASSIC,Remo-con vs. dj TAKA,0,0,0,0,0,---,NO PLAY,---,7,0,0,0,---,NO PLAY,---,10,0,0,0,---,HARD CLEAR,---,11,0,0,0,---,EX HARD CLEAR,---,0,0,0,0,---,NO PLAY,---,2026-09-16 19:26
copula,La dolce primavera,PRIMAVERA JAZZ WALTZ,OSTER project,0,0,0,0,0,---,NO PLAY,---,5,0,0,0,---,NO PLAY,---,8,0,0,0,---,NO PLAY,---,11,0,0,0,---,FULLCOMBO CLEAR,---,0,0,0,0,---,NO PLAY,---,2026-09-16 19:26
copula,M4K3 1T B0UNC3,HDM,kors k,0,0,0,0,0,---,NO PLAY,---,7,0,0,0,---,NO PLAY,---,10,0,0,0,---,NO PLAY,---,12,0,0,0,---,EX HARD CLEAR,---,0,0,0,0,---,NO PLAY,---,2026-09-16 19:26
copula,Musik LoverZ,HARDSTYLE,RoughSketch,0,0,0,0,0,---,NO PLAY,---,5,0,0,0,---,NO PLAY,---,7,0,0,0,---,FULLCOMBO CLEAR,---,10,0,0,0,---,EX HARD CLEAR,---,0,0,0,0,---,NO PLAY,---,2026-09-16 19:26
copula,NANAIRO,METAL POPS,LIQU@。,0,0,0,0,0,---,NO PLAY,---,5,0,0,0,---,NO PLAY,---,9,0,0,0,---,NO PLAY,---,10,0,0,0,---,HARD CLEAR,---,0,0,0,0,---,NO PLAY,---,2026-09-16 19:26
copula,Nightmare before oversleep,SORROW STEP,猫叉Master,0,0,0,0,0,---,NO PLAY,---,7,0,0,0,---,NO PLAY,---,10,0,0,0,---,NO PLAY,---,12,0,0,0,---,EX HARD CLEAR,---,0,0,0,0,---,NO PLAY,---,2026-09-16 19:26
copula,NINJA IS DEAD IIDX ver.,SHINOBI SPEED,P*Light,0,0,0,0,0,---,NO PLAY,---,6,0,0,0,---,NO PLAY,---,9,0,0,0,---,NO PLAY,---,12,0,0,0,---,EX HARD CLEAR,---,0,0,0,0,---,NO PLAY,---,2026-09-16 19:26
copula,NO LIMIT -オレ達に限界は無い-,ONLY ONE DANCE MUSIC,SUPER STAR 満-MITSURU- vs. 伝説のダンサー マイク,0,0,0,0,0,---,NO PLAY,---,4,0,0,0,---,NO PLAY,---,6,0,0,0,---,NO PLAY,---,10,0,0,0,---,EX HARD CLEAR,---,0,0,0,0,---,NO PLAY,---,2026-09-16 19:26
copula,Nowhere,ELECTRO TRANCE,Nhato,0,0,0,0,0,---,NO PLAY,---,5,0,0,0,---,NO PLAY,---,9,0,0,0,---,NO PLAY,---,11,0,0,0,---,FULLCOMBO CLEAR,---,0,0,0,0,---,NO PLAY,---,2026-09-16 19:26
copula,NZM,END ROLL,The 4th,0,0,0,0,0,---,NO PLAY,---,6,0,0,0,---,NO PLAY,---,10,0,0,0,---,EX HARD CLEAR,---,12,0,0,0,---,HARD CLEAR,---,0,0,0,0,---,NO PLAY,---,2026-09-16 19:26
copula,On the FM,RADIO SHOWCASE,C-Show,0,0,0,0,0,---,NO PLAY,---,6,0,0,0,---,NO PLAY,---,8,0,0,0,---,NO PLAY,---,11,0,0,0,---,EX HARD CLEAR,---,0,0,0,0,---,NO PLAY,---,2026-09-16 19:26
copula,Outbreak,FRENCHCORE,USAO,0,0,0,0,0,---,NO PLAY,---,6,0,0,0,---,NO PLAY,---,9,0,0,0,---,EX HARD CLEAR,---,11,0,0,0,---,EX HARD CLEAR,---,0,0,0,0,---,NO PLAY,---,2026-09-16 19:26
copula,POSSESSION,PSYCHIC FLASH,TAG underground,0,0,0,0,0,---,NO PLAY,---,7,0,0,0,---,NO PLAY,---,10,0,0,0,---,EX HARD CLEAR,---,12,0,0,0,---,HARD CLEAR,---,0,0,0,0,---,NO PLAY,---,2026-09-16 19:26
copula,quick master (reform version),J-TEKNO,youhei shimizu,0,0,0,0,0,---,NO PLAY,---,1,0,0,0,---,NO PLAY,---,5,0,0,0,---,NO PLAY,---,6,0,0,0,---,FULLCOMBO CLEAR,---,0,0,0,0,---,NO PLAY,---,2026-09-16 19:26
copula,refrain,TRANCE,dj TAKA feat.AiMEE,0,0,0,0,0,---,NO PLAY,---,6,0,0,0,---,NO PLAY,---,10,0,0,0,---,NO PLAY,---,12,0,0,0,---,EX HARD CLEAR,---,0,0,0,0,---,NO PLAY,---,2026-09-16 19:26
copula,Rock It,HARDCORE,Hommarju,0,0,0,0,0,---,NO PLAY,---,5,0,0,0,---,NO PLAY,---,9,0,0,0,---,NO PLAY,---,11,0,0,0,---,EX HARD CLEAR,---,0,0,0,0,---,NO PLAY,---,2026-09-16 19:26
copula,Routing,JAZZY-ELECTRO,かめりあ,0,0,0,0,0,---,NO PLAY,---,7,0,0,0,---,NO PLAY,---,9,0,0,0,---,EX HARD CLEAR,---,11,0,0,0,---,EX HARD CLEAR,---,0,0,0,0,---,NO PLAY,---,2026-09-16 19:26
copula,Sephirot,TRANCE,SHIKI,0,0,0,0,0,---,NO PLAY,---,5,0,0,0,---,NO PLAY,---,8,0,0,0,---,NO PLAY,---,10,0,0,0,---,EX HARD CLEAR,---,0,0,0,0,---,NO PLAY,---,2026-09-16 19:26
copula,Set U Free feat. Kanae Asaba,HARD TRANCE,Y&Co.,0,0,0,0,0,---,NO PLAY,---,4,0,0,0,---,NO PLAY,---,8,0,0,0,---,ASSIST CLEAR,---,11,0,0,0,---,EX HARD CLEAR,---,0,0,0,0,---,NO PLAY,---,2026-09-16 19:26
copula,SHELTER OF THE MIND,ROCKIN' DRUM&BASS,YURiCa/花たん,0,0,0,0,0,---,NO PLAY,---,6,0,0,0,---,NO PLAY,---,9,0,0,0,---,FAILED,---,11,0,0,0,---,EX HARD CLEAR,---,0,0,0,0,---,NO PLAY,---,2026-09-16 19:26
copula,STARLiGHT,DANCE SPEED GOLD,星龍,0,0,0,0,0,---,NO PLAY,---,5,0,0,0,---,NO PLAY,---,9,0,0,0,---,NO PLAY,---,11,0,0,0,---,EX HARD CLEAR,---,0,0,0,0,---,NO PLAY,---,2026-09-16 19:26
copula,STARLIGHT DANCEHALL,HAPPY EMOTION,P*Light,0,0,0,0,0,---,NO PLAY,---,7,0,0,0,---,NO PLAY,---,9,0,0,0,---,NO PLAY,---,11,0,0,0,---,FULLCOMBO CLEAR,---,12,0,0,0,---,HARD CLEAR,---,2026-09-16 19:26
copula,StrayedCatz,FANTASY,削除,0,0,0,0,0,---,NO PLAY,---,6,0,0,0,---,NO PLAY,---,9,0,0,0,---,NO PLAY,---,12,0,0,0,---,HARD CLEAR,---,0,0,0,0,---,NO PLAY,---,2026-09-16 19:26
copula,Super Duper Racers,HARDCORE,kors k & Numb'n'dub,0,0,0,0,0,---,NO PLAY,---,5,0,0,0,---,NO PLAY,---,8,0,0,0,---,NO PLAY,---,10,0,0,0,---,EX HARD CLEAR,---,12,0,0,0,---,EX HARD CLEAR,---,2026-09-16 19:26
copula,SURVIVOR,GRAVITY POP,SOUND HOLIC Vs. ZYTOKINE feat. Nana Takahashi,0,0,0,0,0,---,NO PLAY,---,5,0,0,0,---,NO PLAY,---,7,0,0,0,---,NO PLAY,---,10,0,0,0,---,FULLCOMBO CLEAR,---,0,0,0,0,---,NO PLAY,---,2026-09-16 19:26
copula,Tori-no-kimochi,WORLD/ELECTRONICA,猫叉Master+,0,0,0,0,0,---,NO PLAY,---,3,0,0,0,---,NO PLAY,---,7,0,0,0,---,NO PLAY,---,11,0,0,0,---,FULLCOMBO CLEAR,---,0,0,0,0,---,NO PLAY,---,2026-09-16 19:26
copula,Triple Counter,RISK + VACUUM,DJ YOSHITAKA meets dj TAKA,0,0,0,0,0,---,NO PLAY,---,7,0,0,0,---,NO PLAY,---,10,0,0,0,---,EX HARD CLEAR,---,12,0,0,0,---,HARD CLEAR,---,0,0,0,0,---,NO PLAY,---,2026-09-16 19:26
copula,Uh-Oh,CANDY RAVE,kors k,0,0,0,0,0,---,NO PLAY,---,5,0,0,0,---,NO PLAY,---,8,0,0,0,---,NO PLAY,---,10,0,0,0,---,EX HARD CLEAR,---,0,0,0,0,---,NO PLAY,---,2026-09-16 19:26
copula,Violet Pulse,GLITCH ELECTRO,G.K,0,0,0,0,0,---,NO PLAY,---,2,0,0,0,---,NO PLAY,---,8,0,0,0,---,NO PLAY,---,10,0,0,0,---,EX HARD CLEAR,---,12,0,0,0,---,HARD CLEAR,---,2026-09-16 19:26
copula,Violet Rose,LATIN JAZZ TRIO,OSTER project,0,0,0,0,0,---,NO PLAY,---,7,0,0,0,---,NO PLAY,---,10,0,0,0,---,NO PLAY,---,11,0,0,0,---,EX HARD CLEAR,---,0,0,0,0,---,NO PLAY,---,2026-09-16 19:26
copula,Welcome,HARDCORE,Uraken,0,0,0,0,0,---,NO PLAY,---,7,0,0,0,---,NO PLAY,---,9,0,0,0,---,NO PLAY,---,11,0,0,0,---,EX HARD CLEAR,---,12,0,0,0,---,HARD CLEAR,---,2026-09-16 19:26
copula,X,RENAISSANCE,D.J.Amuro,0,0,0,0,0,---,NO PLAY,---,7,0,0,0,---,NO PLAY,---,10,0,0,0,---,NO PLAY,---,12,0,0,0,---,HARD CLEAR,---,0,0,0,0,---,NO PLAY,---,2026-09-16 19:26
copula,ZEPHYRANTHES,BLOOM CORE,TAG,0,0,0,0,0,---,NO PLAY,---,5,0,0,0,---,NO PLAY,---,9,0,0,0,---,NO PLAY,---,11,0,0,0,---,EX HARD CLEAR,---,12,0,0,0,---,EX HARD CLEAR,---,2026-09-16 19:26
copula,か・し・ま・し☆PUMP UP！,SUMMER WORKOUT,miko,0,0,0,0,0,---,NO PLAY,---,6,0,0,0,---,NO PLAY,---,9,0,0,0,---,NO PLAY,---,11,0,0,0,---,EX HARD CLEAR,---,0,0,0,0,---,NO PLAY,---,2026-09-16 19:26
copula,めいさいアイドル☆あいむちゃん♪,電波デステクノ,DJ SHARPNEL feat. みらい,0,0,0,0,0,---,NO PLAY,---,7,0,0,0,---,NO PLAY,---,10,0,0,0,---,NO PLAY,---,12,0,0,0,---,EX HARD CLEAR,---,0,0,0,0,---,NO PLAY,---,2026-09-16 19:26
copula,オルタネイトβ,HYPER J-POP,Xceon feat. Mayumi Morinaga,0,0,0,0,0,---,NO PLAY,---,4,0,0,0,---,NO PLAY,---,7,0,0,0,---,NO PLAY,---,10,0,0,0,---,FULLCOMBO CLEAR,---,0,0,0,0,---,NO PLAY,---,2026-09-16 19:26
copula,ギョギョっと人魚 爆婚ブライダル,Hi-RESORT電波,海の底からマーメイド Prim by ARM×狐夢想,0,0,0,0,0,---,NO PLAY,---,4,0,0,0,---,NO PLAY,---,8,0,0,0,---,NO PLAY,---,10,0,0,0,---,FULLCOMBO CLEAR,---,0,0,0,0,---,NO PLAY,---,2026-09-16 19:26
copula,シュッパツシンコウ・シサカンコ,KANA-POP,星野奏子,0,0,0,0,0,---,NO PLAY,---,5,0,0,0,---,NO PLAY,---,8,0,0,0,---,NO PLAY,---,10,0,0,0,---,HARD CLEAR,---,0,0,0,0,---,NO PLAY,---,2026-09-16 19:26
copula,セロトニン,ORBITALICTRO,U1 overground,0,0,0,0,0,---,NO PLAY,---,6,0,0,0,---,NO PLAY,---,9,0,0,0,---,FULLCOMBO CLEAR,---,11,0,0,0,---,FULLCOMBO CLEAR,---,0,0,0,0,---,NO PLAY,---,2026-09-16 19:26
copula,少女アリスと箱庭幻想コンチェルト,空想ファンタジーシリーズ,DJ TOTTO,0,0,0,0,0,---,NO PLAY,---,5,0,0,0,---,NO PLAY,---,9,0,0,0,---,NO PLAY,---,11,0,0,0,---,EX HARD CLEAR,---,0,0,0,0,---,NO PLAY,---,2026-09-16 19:26
copula,明鏡止水,禅ジャズ,TOMOSUKE feat. あさき,0,0,0,0,0,---,NO PLAY,---,5,0,0,0,---,NO PLAY,---,9,0,0,0,---,FULLCOMBO CLEAR,---,11,0,0,0,---,EX HARD CLEAR,---,0,0,0,0,---,NO PLAY,---,2026-09-16 19:26
copula,星屑ディスタンシア,GLITCH JAZZ,ARM feat. 普透明度 + Brasscapsule,0,0,0,0,0,---,NO PLAY,---,4,0,0,0,---,NO PLAY,---,6,0,0,0,---,NO PLAY,---,10,0,0,0,---,FULLCOMBO CLEAR,---,0,0,0,0,---,NO PLAY,---,2026-09-16 19:26
copula,朝焼けから始まるボクらの小さな旅,ARTCORE ROCK,cosMo＠暴走P,0,0,0,0,0,---,NO PLAY,---,5,0,0,0,---,NO PLAY,---,9,0,0,0,---,NO PLAY,---,11,0,0,0,---,EX HARD CLEAR,---,0,0,0,0,---,NO PLAY,---,2026-09-16 19:26
copula,灼熱 Pt.2 Long Train Running,BROKEN SAMBA BREAK,DJ Mass MAD Izm*,0,0,0,0,0,---,NO PLAY,---,7,0,0,0,---,NO PLAY,---,11,0,0,0,---,HARD CLEAR,---,12,0,0,0,---,EASY CLEAR,---,0,0,0,0,---,NO PLAY,---,2026-09-16 19:26
copula,真 地獄超特急 -HELL or HELL-,新世紀進歩的羽扇子音楽,DJ TECHNORCH Vs. L.E.D.Light-G,0,0,0,0,0,---,NO PLAY,---,7,0,0,0,---,NO PLAY,---,11,0,0,0,---,EX HARD CLEAR,---,12,0,0,0,---,HARD CLEAR,---,0,0,0,0,---,NO PLAY,---,2026-09-16 19:26
copula,紫陽花 -AZISAI-,ORIENTAL TECHDANCE,Camellia Vs. Expander,0,0,0,0,0,---,NO PLAY,---,7,0,0,0,---,NO PLAY,---,10,0,0,0,---,NO PLAY,---,12,0,0,0,---,EX HARD CLEAR,---,12,0,0,0,---,HARD CLEAR,---,2026-09-16 19:26
copula,追想快晴テーマパーク,FUTURE E-POP,PHQUASE,0,0,0,0,0,---,NO PLAY,---,6,0,0,0,---,NO PLAY,---,10,0,0,0,---,NO PLAY,---,11,0,0,0,---,EX HARD CLEAR,---,0,0,0,0,---,NO PLAY,---,2026-09-16 19:26
copula,量子の海のリントヴルム,エピックプログレ,黒猫ダンジョン,0,0,0,0,0,---,NO PLAY,---,6,0,0,0,---,NO PLAY,---,10,0,0,0,---,EX HARD CLEAR,---,11,0,0,0,---,EX HARD CLEAR,---,0,0,0,0,---,NO PLAY,---,2026-09-16 19:26
copula,駅猫のワルツ,にゃんコア,ミニョンヌ鉄道兄弟,0,0,0,0,0,---,NO PLAY,---,6,0,0,0,---,EX HARD CLEAR,---,10,0,0,0,---,EX HARD CLEAR,---,12,0,0,0,---,HARD CLEAR,---,0,0,0,0,---,NO PLAY,---,2026-09-16 19:26
copula,麗 ～うらら～,WINTER GLOW,SOUND HOLIC feat. Nana Takahashi,0,0,0,0,0,---,NO PLAY,---,6,0,0,0,---,NO PLAY,---,10,0,0,0,---,EX HARD CLEAR,---,11,0,0,0,---,EX HARD CLEAR,---,0,0,0,0,---,NO PLAY,---,2026-09-16 19:26
SINOBUZ,!Viva!,TRIBAL HOUSE,Ryu*,0,0,0,0,0,---,NO PLAY,---,4,0,0,0,---,NO PLAY,---,9,0,0,0,---,NO PLAY,---,11,0,0,0,---,FULLCOMBO CLEAR,---,0,0,0,0,---,NO PLAY,---,2026-09-16 19:26
SINOBUZ,#MAGiCVLGiRL_TRVP_B3VTZ,NEON/TWERKCORE,DJ Noriken,0,0,0,0,0,---,NO PLAY,---,6,0,0,0,---,NO PLAY,---,9,0,0,0,---,NO PLAY,---,11,0,0,0,---,FULLCOMBO CLEAR,---,0,0,0,0,---,NO PLAY,---,2026-09-16 19:26
SINOBUZ,(This Is Not) The Angels,BIG BEAT/BREAKBEATS,Hommarju,0,0,0,0,0,---,NO PLAY,---,5,0,0,0,---,NO PLAY,---,8,0,0,0,---,NO PLAY,---,11,0,0,0,---,EX HARD CLEAR,---,0,0,0,0,---,NO PLAY,---,2026-09-16 19:26
SINOBUZ,Amazing Mirage,HiTECH FULLON,lapix,0,0,0,0,0,---,NO PLAY,---,5,0,0,0,---,NO PLAY,---,9,0,0,0,---,NO PLAY,---,11,0,0,0,---,EX HARD CLEAR,---,12,0,0,0,---,EX HARD CLEAR,---,2026-09-16 19:26
SINOBUZ,AO-∞,DANCE SPEED,青龍,0,0,0,0,0,---,NO PLAY,---,6,0,0,0,---,NO PLAY,---,9,0,0,0,---,NO PLAY,---,10,0,0,0,---,EX HARD CLEAR,---,0,0,0,0,---,NO PLAY,---,2026-09-16 19:26
SINOBUZ,Apocalypse,EPIC D'N'B,Morrigan feat. リリィ,0,0,0,0,0,---,NO PLAY,---,5,0,0,0,---,NO PLAY,---,9,0,0,0,---,NO PLAY,---,12,0,0,0,---,HARD CLEAR,---,0,0,0,0,---,NO PLAY,---,2026-09-16 19:26
SINOBUZ,Around The Galaxy,UPLIFTING TRANCE,NISH,0,0,0,0,0,---,NO PLAY,---,7,0,0,0,---,NO PLAY,---,10,0,0,0,---,NO PLAY,---,11,0,0,0,---,EX HARD CLEAR,---,0,0,0,0,---,NO PLAY,---,2026-09-16 19:26
SINOBUZ,AsiaN distractive,WORLD,猫叉劇団,0,0,0,0,0,---,NO PLAY,---,6,0,0,0,---,NO PLAY,---,9,0,0,0,---,NO PLAY,---,11,0,0,0,---,EX HARD CLEAR,---,0,0,0,0,---,NO PLAY,---,2026-09-16 19:26
SINOBUZ,BabeL ～Grand Story～,SPIRAL STAIRS,Ako Atak,0,0,0,0,0,---,NO PLAY,---,7,0,0,0,---,NO PLAY,---,10,0,0,0,---,EX HARD CLEAR,---,12,0,0,0,---,EX HARD CLEAR,---,0,0,0,0,---,NO PLAY,---,2026-09-16 19:26
SINOBUZ,Be A Star,ALTERNATIVE TECHNO POP,PHQUASE feat.ぁゅ,0,0,0,0,0,---,NO PLAY,---,5,0,0,0,---,NO PLAY,---,8,0,0,0,---,NO PLAY,---,11,0,0,0,---,EX HARD CLEAR,---,0,0,0,0,---,NO PLAY,---,2026-09-16 19:26
SINOBUZ,Beat Juggling Mix,DJ BATTLE,Hommarju,0,0,0,0,0,---,NO PLAY,---,6,0,0,0,---,NO PLAY,---,9,0,0,0,---,NO PLAY,---,11,0,0,0,---,EX HARD CLEAR,---,0,0,0,0,---,NO PLAY,---,2026-09-16 19:26
SINOBUZ,Believe in you,HARDCORE RAVE,DJ Shimamura feat. Renna,0,0,0,0,0,---,NO PLAY,---,6,0,0,0,---,NO PLAY,---,8,0,0,0,---,NO PLAY,---,10,0,0,0,---,HARD CLEAR,---,0,0,0,0,---,NO PLAY,---,2026-09-16 19:26
SINOBUZ,Beyond The Seven,TRANCE,Nhato,0,0,0,0,0,---,NO PLAY,---,4,0,0,0,---,NO PLAY,---,8,0,0,0,---,NO PLAY,---,11,0,0,0,---,EX HARD CLEAR,---,0,0,0,0,---,NO PLAY,---,2026-09-16 19:26
SINOBUZ,BREAK OVER,FESTIVAL SOUND,MASAYOSHI IIMORI,0,0,0,0,0,---,NO PLAY,---,5,0,0,0,---,NO PLAY,---,8,0,0,0,---,NO PLAY,---,11,0,0,0,---,HARD CLEAR,---,0,0,0,0,---,NO PLAY,---,2026-09-16 19:26
SINOBUZ,Breakin' Chain,MOOMBAHCORE,REDALiCE feat. MONICO,0,0,0,0,0,---,NO PLAY,---,5,0,0,0,---,NO PLAY,---,8,0,0,0,---,NO PLAY,---,11,0,0,0,---,EX HARD CLEAR,---,0,0,0,0,---,NO PLAY,---,2026-09-16 19:26
SINOBUZ,BroGamer,SUPER ULTIMATE HYPER CORE,USAO,0,0,0,0,0,---,NO PLAY,---,7,0,0,0,---,NO PLAY,---,9,0,0,0,---,NO PLAY,---,11,0,0,0,---,EX HARD CLEAR,---,12,0,0,0,---,CLEAR,---,2026-09-16 19:26
SINOBUZ,Caterpillar,HARD TRAP,Eagle,0,0,0,0,0,---,NO PLAY,---,6,0,0,0,---,NO PLAY,---,10,0,0,0,---,EX HARD CLEAR,---,12,0,0,0,---,HARD CLEAR,---,0,0,0,0,---,NO PLAY,---,2026-09-16 19:26
SINOBUZ,crew,ANTHEM,beatnation Records,0,0,0,0,0,---,NO PLAY,---,4,0,0,0,---,FULLCOMBO CLEAR,---,9,0,0,0,---,FULLCOMBO CLEAR,---,11,0,0,0,---,EX HARD CLEAR,---,0,0,0,0,---,NO PLAY,---,2026-09-16 19:26
SINOBUZ,Cyber True Color,DREAM COLLABORATION,kors k vs Sota Fujimori,0,0,0,0,0,---,NO PLAY,---,5,0,0,0,---,NO PLAY,---,9,0,0,0,---,NO PLAY,---,11,0,0,0,---,EX HARD CLEAR,---,0,0,0,0,---,NO PLAY,---,2026-09-16 19:26
SINOBUZ,DORNWALD ～Junge～,ARCHAIC TALE EP1,DJ TOTTO,0,0,0,0,0,---,NO PLAY,---,7,0,0,0,---,NO PLAY,---,10,0,0,0,---,FULLCOMBO CLEAR,---,12,0,0,0,---,EX HARD CLEAR,---,0,0,0,0,---,NO PLAY,---,2026-09-16 19:26
SINOBUZ,ECHIDNA,HYBRID BUCHIAGE TRANCE,HuΣeR,0,0,0,0,0,---,NO PLAY,---,7,0,0,0,---,NO PLAY,---,10,0,0,0,---,NO PLAY,---,12,0,0,0,---,HARD CLEAR,---,0,0,0,0,---,NO PLAY,---,2026-09-16 19:26
SINOBUZ,Egret and Willow,FUTURE BEATS,Dirty Androids,0,0,0,0,0,---,NO PLAY,---,6,0,0,0,---,NO PLAY,---,8,0,0,0,---,FULLCOMBO CLEAR,---,11,0,0,0,---,FULLCOMBO CLEAR,---,0,0,0,0,---,NO PLAY,---,2026-09-16 19:26
SINOBUZ,elemental bender feat. Kanae Asaba,EDM,MK,0,0,0,0,0,---,NO PLAY,---,3,0,0,0,---,NO PLAY,---,6,0,0,0,---,NO PLAY,---,8,0,0,0,---,FULLCOMBO CLEAR,---,0,0,0,0,---,NO PLAY,---,2026-09-16 19:26
SINOBUZ,FUZIN RIZIN,HYPER DIGIMETAL,SOUND HOLIC feat. Nana Takahashi & 709sec.,0,0,0,0,0,---,NO PLAY,---,6,0,0,0,---,NO PLAY,---,9,0,0,0,---,FULLCOMBO CLEAR,---,12,0,0,0,---,EX HARD CLEAR,---,0,0,0,0,---,NO PLAY,---,2026-09-16 19:26
SINOBUZ,Go Ahead!!,TRANCE CORE,Ryu☆ Vs. Sota,0,0,0,0,0,---,NO PLAY,---,7,0,0,0,---,NO PLAY,---,10,0,0,0,---,NO PLAY,---,12,0,0,0,---,CLEAR,---,0,0,0,0,---,NO PLAY,---,2026-09-16 19:26
SINOBUZ,GuNGNiR,REQUIEM PSY,Gram,0,0,0,0,0,---,NO PLAY,---,7,0,0,0,---,NO PLAY,---,10,0,0,0,---,EX HARD CLEAR,---,12,0,0,0,---,HARD CLEAR,---,12,0,0,0,---,CLEAR,---,2026-09-16 19:26
SINOBUZ,HADES,HARDSTYLE,Massive New Krew,0,0,0,0,0,---,NO PLAY,---,5,0,0,0,---,NO PLAY,---,9,0,0,0,---,NO PLAY,---,12,0,0,0,---,EX HARD CLEAR,---,0,0,0,0,---,NO PLAY,---,2026-09-16 19:26
SINOBUZ,HAPPY★RUSH,HAPPY,P*Light,0,0,0,0,0,---,NO PLAY,---,5,0,0,0,---,NO PLAY,---,9,0,0,0,---,NO PLAY,---,11,0,0,0,---,EX HARD CLEAR,---,0,0,0,0,---,NO PLAY,---,2026-09-16 19:26
SINOBUZ,Honey Trap,HYPER TRAP,Expander,0,0,0,0,0,---,NO PLAY,---,5,0,0,0,---,NO PLAY,---,8,0,0,0,---,NO PLAY,---,11,0,0,0,---,EX HARD CLEAR,---,0,0,0,0,---,NO PLAY,---,2026-09-16 19:26
SINOBUZ,INVISIBLE STRIX,NEUROFUNK,L.E.D.,0,0,0,0,0,---,NO PLAY,---,7,0,0,0,---,NO PLAY,---,10,0,0,0,---,NO PLAY,---,11,0,0,0,---,EX HARD CLEAR,---,0,0,0,0,---,NO PLAY,---,2026-09-16 19:26
SINOBUZ,Lost wing at.0,DRUM'N'BASS,猫叉Master+,0,0,0,0,0,---,NO PLAY,---,4,0,0,0,---,NO PLAY,---,8,0,0,0,---,NO PLAY,---,11,0,0,0,---,EX HARD CLEAR,---,0,0,0,0,---,NO PLAY,---,2026-09-16 19:26
SINOBUZ,Macuilxochitl,PIANO CONTEMPORARY,TOMOSUKE,0,0,0,0,0,---,NO PLAY,---,7,0,0,0,---,NO PLAY,---,10,0,0,0,---,FULLCOMBO CLEAR,---,11,0,0,0,---,EX HARD CLEAR,---,0,0,0,0,---,NO PLAY,---,2026-09-16 19:26
SINOBUZ,Magical,KAWAII FUTURE BASS,Snail's House,0,0,0,0,0,---,NO PLAY,---,4,0,0,0,---,NO PLAY,---,6,0,0,0,---,NO PLAY,---,10,0,0,0,---,FULLCOMBO CLEAR,---,0,0,0,0,---,NO PLAY,---,2026-09-16 19:26
SINOBUZ,Mare Nectaris,EXPERIMENTAL,神楽,0,0,0,0,0,---,NO PLAY,---,7,0,0,0,---,NO PLAY,---,10,0,0,0,---,EX HARD CLEAR,---,12,0,0,0,---,CLEAR,---,0,0,0,0,---,NO PLAY,---,2026-09-16 19:26
SINOBUZ,Modular Technology,TECHNO,Sota Fujimori,0,0,0,0,0,---,NO PLAY,---,6,0,0,0,---,NO PLAY,---,10,0,0,0,---,NO PLAY,---,11,0,0,0,---,EX HARD CLEAR,---,0,0,0,0,---,NO PLAY,---,2026-09-16 19:26
SINOBUZ,Music is The Answer,TURBOFUNK,C-Show,0,0,0,0,0,---,NO PLAY,---,4,0,0,0,---,NO PLAY,---,8,0,0,0,---,NO PLAY,---,10,0,0,0,---,HARD CLEAR,---,0,0,0,0,---,NO PLAY,---,2026-09-16 19:26
SINOBUZ,nostos,NOSTALGIA,Setaria Virtuoso,0,0,0,0,0,---,NO PLAY,---,5,0,0,0,---,NO PLAY,---,9,0,0,0,---,NO PLAY,---,11,0,0,0,---,EX HARD CLEAR,---,0,0,0,0,---,NO PLAY,---,2026-09-16 19:26
SINOBUZ,OOO,BUBBLEGUM DANCE,Ryu☆ feat.moimoi,0,0,0,0,0,---,NO PLAY,---,3,0,0,0,---,NO PLAY,---,7,0,0,0,---,NO PLAY,---,10,0,0,0,---,EX HARD CLEAR,---,11,0,0,0,---,EX HARD CLEAR,---,2026-09-16 19:26
SINOBUZ,OTENAMI Hurricane,POP BREAKCORE,t+pazolite,0,0,0,0,0,---,NO PLAY,---,6,0,0,0,---,NO PLAY,---,10,0,0,0,---,NO PLAY,---,12,0,0,0,---,HARD CLEAR,---,0,0,0,0,---,NO PLAY,---,2026-09-16 19:26
SINOBUZ,PAPAYAPA BASS,MONDO-GROOVE BASSHOUSE,かめりあ feat. ななひら,0,0,0,0,0,---,NO PLAY,---,5,0,0,0,---,NO PLAY,---,8,0,0,0,---,NO PLAY,---,11,0,0,0,---,FULLCOMBO CLEAR,---,0,0,0,0,---,NO PLAY,---,2026-09-16 19:26
SINOBUZ,Quakes,HARD BREAK BEATS,dj Hellix,0,0,0,0,0,---,NO PLAY,---,7,0,0,0,---,NO PLAY,---,10,0,0,0,---,NO PLAY,---,12,0,0,0,---,HARD CLEAR,---,0,0,0,0,---,NO PLAY,---,2026-09-16 19:26
SINOBUZ,RAIN,TRANCE,dj TAKA,0,0,0,0,0,---,NO PLAY,---,6,0,0,0,---,NO PLAY,---,10,0,0,0,---,NO PLAY,---,12,0,0,0,---,EX HARD CLEAR,---,0,0,0,0,---,NO PLAY,---,2026-09-16 19:26
SINOBUZ,Rave Cannon,SPEED RAVE,kors k,0,0,0,0,0,---,NO PLAY,---,5,0,0,0,---,NO PLAY,---,9,0,0,0,---,NO PLAY,---,12,0,0,0,---,EX HARD CLEAR,---,0,0,0,0,---,NO PLAY,---,2026-09-16 19:26
SINOBUZ,Remedy feat. Kanae Asaba,哀愁EUROBEAT,Y&Co.,0,0,0,0,0,---,NO PLAY,---,5,0,0,0,---,NO PLAY,---,8,0,0,0,---,NO PLAY,---,10,0,0,0,---,EX HARD CLEAR,---,0,0,0,0,---,NO PLAY,---,2026-09-16 19:26
SINOBUZ,ROTTERDAM SHOGUN,RDM,ABDI from ジャカルタファンクブラザーズ,0,0,0,0,0,---,NO PLAY,---,6,0,0,0,---,NO PLAY,---,9,0,0,0,---,NO PLAY,---,11,0,0,0,---,EX HARD CLEAR,---,0,0,0,0,---,NO PLAY,---,2026-09-16 19:26
SINOBUZ,SAMURAI-Scramble,TECH BREAKBEATS,DJ Mass MAD Izm*,0,0,0,0,0,---,NO PLAY,---,6,0,0,0,---,NO PLAY,---,9,0,0,0,---,NO PLAY,---,11,0,0,0,---,HARD CLEAR,---,12,0,0,0,---,EASY CLEAR,---,2026-09-16 19:26
SINOBUZ,Sarutobi Champion is 拙者,PIECED MAKIBISHI,Project B-,0,0,0,0,0,---,NO PLAY,---,6,0,0,0,---,NO PLAY,---,9,0,0,0,---,NO PLAY,---,11,0,0,0,---,EX HARD CLEAR,---,0,0,0,0,---,NO PLAY,---,2026-09-16 19:26
SINOBUZ,SAY BAY,SHINOBI RAVE,P*Light,0,0,0,0,0,---,NO PLAY,---,5,0,0,0,---,NO PLAY,---,9,0,0,0,---,NO PLAY,---,11,0,0,0,---,HARD CLEAR,---,0,0,0,0,---,NO PLAY,---,2026-09-16 19:26
SINOBUZ,Seaside Labyrinth,80's SYNTH FUNK,Dirty Androids,0,0,0,0,0,---,NO PLAY,---,4,0,0,0,---,NO PLAY,---,6,0,0,0,---,NO PLAY,---,9,0,0,0,---,FULLCOMBO CLEAR,---,0,0,0,0,---,NO PLAY,---,2026-09-16 19:26
SINOBUZ,Selfish Sweet,R&B,OSTER project feat. かなたん,0,0,0,0,0,---,NO PLAY,---,3,0,0,0,---,NO PLAY,---,6,0,0,0,---,NO PLAY,---,9,0,0,0,---,ASSIST CLEAR,---,11,0,0,0,---,EX HARD CLEAR,---,2026-09-16 19:26
SINOBUZ,SEQUENCE CAT,TECHNO,SLEDLAKE (SLAKE & L.E.D.),0,0,0,0,0,---,NO PLAY,---,6,0,0,0,---,NO PLAY,---,10,0,0,0,---,EASY CLEAR,---,12,0,0,0,---,HARD CLEAR,---,0,0,0,0,---,NO PLAY,---,2026-09-16 19:26
SINOBUZ,shuriken,CHIPTUNE,ヒゲドライバー,0,0,0,0,0,---,NO PLAY,---,4,0,0,0,---,NO PLAY,---,8,0,0,0,---,NO PLAY,---,11,0,0,0,---,EX HARD CLEAR,---,0,0,0,0,---,NO PLAY,---,2026-09-16 19:26
SINOBUZ,SINOBUZ Fantasy,CANDY ROCK,Noria,0,0,0,0,0,---,NO PLAY,---,6,0,0,0,---,NO PLAY,---,9,0,0,0,---,NO PLAY,---,10,0,0,0,---,EX HARD CLEAR,---,0,0,0,0,---,NO PLAY,---,2026-09-16 19:26
SINOBUZ,Sky High,ANTHEM,Cuvelia,0,0,0,0,0,---,NO PLAY,---,6,0,0,0,---,NO PLAY,---,10,0,0,0,---,EX HARD CLEAR,---,12,0,0,0,---,HARD CLEAR,---,0,0,0,0,---,NO PLAY,---,2026-09-16 19:26
SINOBUZ,Snakey Kung-fu,ASIAN CONTEMPORARY,金獅子 vs 麒麟 feat. 獏,0,0,0,0,0,---,NO PLAY,---,6,0,0,0,---,NO PLAY,---,10,0,0,0,---,NO PLAY,---,12,0,0,0,---,EX HARD CLEAR,---,0,0,0,0,---,NO PLAY,---,2026-09-16 19:26
SINOBUZ,Steel Edge,DRUM&BASS,Maozon,0,0,0,0,0,---,NO PLAY,---,5,0,0,0,---,NO PLAY,---,9,0,0,0,---,FULLCOMBO CLEAR,---,11,0,0,0,---,EX HARD CLEAR,---,0,0,0,0,---,NO PLAY,---,2026-09-16 19:26
SINOBUZ,Summerlights(IIDX Edition),HARDCORE RAVE,DJ Noriken,0,0,0,0,0,---,NO PLAY,---,6,0,0,0,---,NO PLAY,---,9,0,0,0,---,FULLCOMBO CLEAR,---,12,0,0,0,---,EX HARD CLEAR,---,0,0,0,0,---,NO PLAY,---,2026-09-16 19:26
SINOBUZ,Super Rush,HARDTEK,kors k,0,0,0,0,0,---,NO PLAY,---,6,0,0,0,---,NO PLAY,---,9,0,0,0,---,NO PLAY,---,12,0,0,0,---,EX HARD CLEAR,---,0,0,0,0,---,NO PLAY,---,2026-09-16 19:26
SINOBUZ,Surf on the Light,ELECTRO FUSION,Tomoyuki Uchida,0,0,0,0,0,---,NO PLAY,---,4,0,0,0,---,NO PLAY,---,8,0,0,0,---,NO PLAY,---,10,0,0,0,---,EX HARD CLEAR,---,0,0,0,0,---,NO PLAY,---,2026-09-16 19:26
SINOBUZ,The Commanders,HARDSTYLE,USAO,0,0,0,0,0,---,NO PLAY,---,5,0,0,0,---,NO PLAY,---,8,0,0,0,---,NO PLAY,---,11,0,0,0,---,EX HARD CLEAR,---,0,0,0,0,---,NO PLAY,---,2026-09-16 19:26
SINOBUZ,TOGAKUSHI,HARD TRANCE,SETUP,1,0,0,0,0,---,NO PLAY,---,5,0,0,0,---,NO PLAY,---,10,0,0,0,---,EX HARD CLEAR,---,12,0,0,0,---,EX HARD CLEAR,---,12,2762,1194,374,59,HARD CLEAR,AA,2026-09-16 22:02
SINOBUZ,Umbral,UPLIFTING TRANCE,Maozon,0,0,0,0,0,---,NO PLAY,---,3,0,0,0,---,NO PLAY,---,7,0,0,0,---,NO PLAY,---,10,0,0,0,---,HARD CLEAR,---,12,0,0,0,---,EX HARD CLEAR,---,2026-09-16 19:26
SINOBUZ,Venom,JUMP UP/HARDCORE,kors k vs L.E.D.-G,0,0,0,0,0,---,NO PLAY,---,7,0,0,0,---,NO PLAY,---,10,0,0,0,---,NO PLAY,---,11,0,0,0,---,EX HARD CLEAR,---,0,0,0,0,---,NO PLAY,---,2026-09-16 19:26
SINOBUZ,Vermilion,HARD HOUSE,Remo-con,0,0,0,0,0,---,NO PLAY,---,5,0,0,0,---,NO PLAY,---,8,0,0,0,---,NO PLAY,---,10,0,0,0,---,FULLCOMBO CLEAR,---,0,0,0,0,---,NO PLAY,---,2026-09-16 19:26
SINOBUZ,XINOBIKILL,CYBER JAZZSTEP,SOUND HOLIC feat. Nana Takahashi,0,0,0,0,0,---,NO PLAY,---,5,0,0,0,---,NO PLAY,---,9,0,0,0,---,NO PLAY,---,11,0,0,0,---,EX HARD CLEAR,---,0,0,0,0,---,NO PLAY,---,2026-09-16 19:26
SINOBUZ,yamabiko (SINOBUZ Edition),夏の夕暮れと、DUBSTEP。,かめりあ,0,0,0,0,0,---,NO PLAY,---,5,0,0,0,---,NO PLAY,---,8,0,0,0,---,NO PLAY,---,11,0,0,0,---,EX HARD CLEAR,---,0,0,0,0,---,NO PLAY,---,2026-09-16 19:26
SINOBUZ,Yellow Sketch(RX-Ver.S.P.L.),ALTERNATIVE ELECTRO,高田雅史,0,0,0,0,0,---,NO PLAY,---,4,0,0,0,---,NO PLAY,---,9,0,0,0,---,NO PLAY,---,11,0,0,0,---,EX HARD CLEAR,---,0,0,0,0,---,NO PLAY,---,2026-09-16 19:26
SINOBUZ,〆,HiTECH,lapix,0,0,0,0,0,---,NO PLAY,---,6,0,0,0,---,NO PLAY,---,10,0,0,0,---,FULLCOMBO CLEAR,---,12,0,0,0,---,EX HARD CLEAR,---,0,0,0,0,---,NO PLAY,---,2026-09-16 19:26
SINOBUZ,ちらちら・はらはら,ACEDIA,NU-KO,0,0,0,0,0,---,NO PLAY,---,2,0,0,0,---,NO PLAY,---,5,0,0,0,---,NO PLAY,---,7,0,0,0,---,HARD CLEAR,---,0,0,0,0,---,NO PLAY,---,2026-09-16 19:26
SINOBUZ,イザナミノナゲキ,WORLD/ELECTRONICA,猫叉Master,0,0,0,0,0,---,NO PLAY,---,6,0,0,0,---,NO PLAY,---,9,0,0,0,---,NO PLAY,---,12,0,0,0,---,HARD CLEAR,---,0,0,0,0,---,NO PLAY,---,2026-09-16 19:26
SINOBUZ,ディッシュウォッシャー◎彡おいわちゃん,ネオスカ電波,ARM×狐夢想 feat. 山本椛,0,0,0,0,0,---,NO PLAY,---,4,0,0,0,---,NO PLAY,---,7,0,0,0,---,NO PLAY,---,11,0,0,0,---,EX HARD CLEAR,---,0,0,0,0,---,NO PLAY,---,2026-09-16 19:26
SINOBUZ,九尾狐夜行,ORIENTAL FUSION,天狐,0,0,0,0,0,---,NO PLAY,---,5,0,0,0,---,NO PLAY,---,9,0,0,0,---,NO PLAY,---,12,0,0,0,---,EX HARD CLEAR,---,0,0,0,0,---,NO PLAY,---,2026-09-16 19:26
SINOBUZ,冬椿 ft. Kanae Asaba,HYPER ENKA POP,Xceon,0,0,0,0,0,---,NO PLAY,---,5,0,0,0,---,NO PLAY,---,7,0,0,0,---,NO PLAY,---,10,0,0,0,---,HARD CLEAR,---,11,0,0,0,---,EX HARD CLEAR,---,2026-09-16 19:26
SINOBUZ,刃図羅,LAST ARTS,猫叉Master vs HuΣeR,0,0,0,0,0,---,NO PLAY,---,6,0,0,0,---,NO PLAY,---,10,0,0,0,---,EX HARD CLEAR,---,12,0,0,0,---,EX HARD CLEAR,---,0,0,0,0,---,NO PLAY,---,2026-09-16 19:26
SINOBUZ,忍恋花,忍歌,黒脛,0,0,0,0,0,---,NO PLAY,---,5,0,0,0,---,NO PLAY,---,9,0,0,0,---,NO PLAY,---,11,0,0,0,---,EX HARD CLEAR,---,0,0,0,0,---,NO PLAY,---,2026-09-16 19:26
SINOBUZ,恋はどう？モロ◎波動OK☆方程式!!,理系ポップ,あべにゅうぷろじぇくと feat. 佐倉紗織 produced by ave;new,0,0,0,0,0,---,NO PLAY,---,5,0,0,0,---,NO PLAY,---,8,0,0,0,---,NO PLAY,---,10,0,0,0,---,FULLCOMBO CLEAR,---,0,0,0,0,---,NO PLAY,---,2026-09-16 19:26
SINOBUZ,月雪に舞う華のように,FOREST SNOW,猫叉Master,0,0,0,0,0,---,NO PLAY,---,5,0,0,0,---,NO PLAY,---,8,0,0,0,---,NO PLAY,---,10,0,0,0,---,FULLCOMBO CLEAR,---,0,0,0,0,---,NO PLAY,---,2026-09-16 19:26
SINOBUZ,次葉 -turn the page-,POP ROCK,小寺可南子,1,0,0,0,0,---,NO PLAY,---,4,0,0,0,---,NO PLAY,---,8,0,0,0,---,NO PLAY,---,10,0,0,0,---,NO PLAY,---,11,2641,1279,83,9,EX HARD CLEAR,AAA,2026-09-16 21:53
SINOBUZ,津軽雪,MICHINOKU,罠師 VS 安室,0,0,0,0,0,---,NO PLAY,---,7,0,0,0,---,NO PLAY,---,10,0,0,0,---,EX HARD CLEAR,---,12,0,0,0,---,HARD CLEAR,---,0,0,0,0,---,NO PLAY,---,2026-09-16 19:26
SINOBUZ,火影,HIP HOP,RoughSkreamZ feat.楽天斎,0,0,0,0,0,---,NO PLAY,---,6,0,0,0,---,NO PLAY,---,9,0,0,0,---,NO PLAY,---,12,0,0,0,---,HARD CLEAR,---,0,0,0,0,---,NO PLAY,---,2026-09-16 19:26
SINOBUZ,焔極OVERKILL,HARDCORE,RoughSketch Vs. L.E.D.-G,0,0,0,0,0,---,NO PLAY,---,7,0,0,0,---,NO PLAY,---,10,0,0,0,---,EX HARD CLEAR,---,12,0,0,0,---,HARD CLEAR,---,0,0,0,0,---,NO PLAY,---,2026-09-16 19:26
SINOBUZ,獅子霞麗ノ舞,DRAMATIC WALTZ,HuΣeR,0,0,0,0,0,---,NO PLAY,---,3,0,0,0,---,NO PLAY,---,6,0,0,0,---,NO PLAY,---,9,0,0,0,---,EX HARD CLEAR,---,0,0,0,0,---,NO PLAY,---,2026-09-16 19:26
SINOBUZ,禍根,ORBITALIC FUTURE BASS,U1 overground,0,0,0,0,0,---,NO PLAY,---,5,0,0,0,---,NO PLAY,---,9,0,0,0,---,FULLCOMBO CLEAR,---,11,0,0,0,---,FULLCOMBO CLEAR,---,0,0,0,0,---,NO PLAY,---,2026-09-16 19:26
SINOBUZ,童話回廊,空想ファンタジーシリーズ,DJ TOTTO,0,0,0,0,0,---,NO PLAY,---,5,0,0,0,---,NO PLAY,---,9,0,0,0,---,NO PLAY,---,12,0,0,0,---,EX HARD CLEAR,---,0,0,0,0,---,NO PLAY,---,2026-09-16 19:26
SINOBUZ,鴉,CROSSBREED,L.E.D.-G,0,0,0,0,0,---,NO PLAY,---,7,0,0,0,---,NO PLAY,---,10,0,0,0,---,NO PLAY,---,11,0,0,0,---,EX HARD CLEAR,---,0,0,0,0,---,NO PLAY,---,2026-09-16 19:26
CANNON BALLERS,1001 -ESCAPE-,JAZZ ROCK,SOUND HOLIC feat. Nana Takahashi,0,0,0,0,0,---,NO PLAY,---,5,0,0,0,---,NO PLAY,---,8,0,0,0,---,NO PLAY,---,10,0,0,0,---,EX HARD CLEAR,---,0,0,0,0,---,NO PLAY,---,2026-09-16 19:26
CANNON BALLERS,255,HYPER SPEED RAVE,255,0,0,0,0,0,---,NO PLAY,---,6,0,0,0,---,NO PLAY,---,9,0,0,0,---,NO PLAY,---,12,0,0,0,---,EX HARD CLEAR,---,0,0,0,0,---,NO PLAY,---,2026-09-16 19:26
CANNON BALLERS,AA -rebuild-,RENAISSANCE,D.J.Amuro,0,0,0,0,0,---,NO PLAY,---,7,0,0,0,---,NO PLAY,---,10,0,0,0,---,HARD CLEAR,---,12,0,0,0,---,EX HARD CLEAR,---,0,0,0,0,---,NO PLAY,---,2026-09-16 19:26
CANNON BALLERS,Abraxas,DUBSTEP,SYUNN,0,0,0,0,0,---,NO PLAY,---,5,0,0,0,---,NO PLAY,---,9,0,0,0,---,NO PLAY,---,11,0,0,0,---,EX HARD CLEAR,---,0,0,0,0,---,NO PLAY,---,2026-09-16 19:26
CANNON BALLERS,ACCELERATE,SYNTH-TECH,Sota Fujimori,0,0,0,0,0,---,NO PLAY,---,5,0,0,0,---,NO PLAY,---,8,0,0,0,---,NO PLAY,---,10,0,0,0,---,HARD CLEAR,---,0,0,0,0,---,NO PLAY,---,2026-09-16 19:26
CANNON BALLERS,Alpheratz,PIANO TRANCE,Xceon,0,0,0,0,0,---,NO PLAY,---,3,0,0,0,---,NO PLAY,---,5,0,0,0,---,NO PLAY,---,9,0,0,0,---,EX HARD CLEAR,---,11,0,0,0,---,EX HARD CLEAR,---,2026-09-16 19:26
CANNON BALLERS,Amor De Verao,熱帯 THE BASS,かめりあ feat. ななひら,0,0,0,0,0,---,NO PLAY,---,5,0,0,0,---,NO PLAY,---,8,0,0,0,---,NO PLAY,---,11,0,0,0,---,EX HARD CLEAR,---,0,0,0,0,---,NO PLAY,---,2026-09-16 19:26
CANNON BALLERS,ANCHOR,STYLISH CROSSOVER,BEMANI Sound Team "HuΣeR Vs. SYUNN",0,0,0,0,0,---,NO PLAY,---,7,0,0,0,---,NO PLAY,---,10,0,0,0,---,EX HARD CLEAR,---,12,0,0,0,---,EX HARD CLEAR,---,0,0,0,0,---,NO PLAY,---,2026-09-16 19:26
CANNON BALLERS,Antigravity,HARDCORE DANCE SPEED,t+pazolite,0,0,0,0,0,---,NO PLAY,---,6,0,0,0,---,NO PLAY,---,9,0,0,0,---,NO PLAY,---,12,0,0,0,---,EX HARD CLEAR,---,0,0,0,0,---,NO PLAY,---,2026-09-16 19:26
CANNON BALLERS,Arca,GENESIS,BEMANI Sound Team "Akhuta Works",0,0,0,0,0,---,NO PLAY,---,5,0,0,0,---,NO PLAY,---,9,0,0,0,---,NO PLAY,---,12,0,0,0,---,EX HARD CLEAR,---,0,0,0,0,---,NO PLAY,---,2026-09-16 19:26
CANNON BALLERS,Around the Future,CYBERCORE,Maozon vs. C-Show,0,0,0,0,0,---,NO PLAY,---,6,0,0,0,---,NO PLAY,---,9,0,0,0,---,EX HARD CLEAR,---,11,0,0,0,---,EX HARD CLEAR,---,0,0,0,0,---,NO PLAY,---,2026-09-16 19:26
CANNON BALLERS,Back Spin Sweeper,WAGON WHEEL TRANCE,DJ TOTTO,0,0,0,0,0,---,NO PLAY,---,6,0,0,0,---,NO PLAY,---,9,0,0,0,---,NO PLAY,---,11,0,0,0,---,EX HARD CLEAR,---,0,0,0,0,---,NO PLAY,---,2026-09-16 19:26
CANNON BALLERS,Battleground,SCHRANZ,kors k,0,0,0,0,0,---,NO PLAY,---,6,0,0,0,---,NO PLAY,---,9,0,0,0,---,NO PLAY,---,11,0,0,0,---,EX HARD CLEAR,---,0,0,0,0,---,NO PLAY,---,2026-09-16 19:26
CANNON BALLERS,Be a Hero!,DIGITAL THRASH PUNK,中島由貴,0,0,0,0,0,---,NO PLAY,---,5,0,0,0,---,NO PLAY,---,9,0,0,0,---,NO PLAY,---,11,0,0,0,---,EX HARD CLEAR,---,0,0,0,0,---,NO PLAY,---,2026-09-16 19:26
CANNON BALLERS,Best of Me,CYBER LIQUID FUNK,Maozon,0,0,0,0,0,---,NO PLAY,---,4,0,0,0,---,NO PLAY,---,8,0,0,0,---,NO PLAY,---,10,0,0,0,---,FULLCOMBO CLEAR,---,0,0,0,0,---,NO PLAY,---,2026-09-16 19:26
CANNON BALLERS,Boomy and The Boost,NEO JUNGLE,Eagle,0,0,0,0,0,---,NO PLAY,---,6,0,0,0,---,NO PLAY,---,9,0,0,0,---,EX HARD CLEAR,---,12,0,0,0,---,EX HARD CLEAR,---,0,0,0,0,---,NO PLAY,---,2026-09-16 19:26
CANNON BALLERS,Break Stasis,DRUMSTEP/HARDCORE,Hommarju & Akira Complex,0,0,0,0,0,---,NO PLAY,---,6,0,0,0,---,NO PLAY,---,9,0,0,0,---,NO PLAY,---,10,0,0,0,---,EX HARD CLEAR,---,0,0,0,0,---,NO PLAY,---,2026-09-16 19:26
CANNON BALLERS,ChaserXX,CYBERNETICS PIANO HOUSE,HuΣeR,0,0,0,0,0,---,NO PLAY,---,6,0,0,0,---,NO PLAY,---,9,0,0,0,---,NO PLAY,---,11,0,0,0,---,EX HARD CLEAR,---,12,0,0,0,---,HARD CLEAR,---,2026-09-16 19:26
CANNON BALLERS,Chemical Cookie,FUTURE BASS,YUC'e,0,0,0,0,0,---,NO PLAY,---,5,0,0,0,---,NO PLAY,---,8,0,0,0,---,NO PLAY,---,11,0,0,0,---,EX HARD CLEAR,---,0,0,0,0,---,NO PLAY,---,2026-09-16 19:26
CANNON BALLERS,City Never Sleeps (IIDX Edition),DRUM&BASS,Dirty Androids,0,0,0,0,0,---,NO PLAY,---,7,0,0,0,---,NO PLAY,---,9,0,0,0,---,NO PLAY,---,11,0,0,0,---,EX HARD CLEAR,---,0,0,0,0,---,NO PLAY,---,2026-09-16 19:26
CANNON BALLERS,COSMIC☆WONDER☆REVOLUTION,COSMIC POP,猫叉Master+,0,0,0,0,0,---,NO PLAY,---,5,0,0,0,---,NO PLAY,---,7,0,0,0,---,NO PLAY,---,9,0,0,0,---,FULLCOMBO CLEAR,---,0,0,0,0,---,NO PLAY,---,2026-09-16 19:26
CANNON BALLERS,DEADHEAT,HARDCORE,DJ Myosuke,0,0,0,0,0,---,NO PLAY,---,7,0,0,0,---,NO PLAY,---,10,0,0,0,---,NO PLAY,---,12,0,0,0,---,HARD CLEAR,---,0,0,0,0,---,NO PLAY,---,2026-09-16 19:26
CANNON BALLERS,DEATH†ZIGOQ ～怒りの高速爆走野郎～,世紀末コア,L.E.D.ALiCE(DJ NAGAI Vs. BEMANI Sound Team "L.E.D.-G"),0,0,0,0,0,---,NO PLAY,---,7,0,0,0,---,NO PLAY,---,10,0,0,0,---,NO PLAY,---,12,0,0,0,---,HARD CLEAR,---,12,0,0,0,---,CLEAR,---,2026-09-16 19:26
CANNON BALLERS,DropZ-Line-,PUMPCORE,Getty vs. DJ DiA,0,0,0,0,0,---,NO PLAY,---,7,0,0,0,---,NO PLAY,---,10,0,0,0,---,NO PLAY,---,12,0,0,0,---,HARD CLEAR,---,0,0,0,0,---,NO PLAY,---,2026-09-16 19:26
CANNON BALLERS,Eine Haube ～聖地の果てにあるもの～,VELLUM,AIKO OI,0,0,0,0,0,---,NO PLAY,---,5,0,0,0,---,NO PLAY,---,9,0,0,0,---,NO PLAY,---,12,0,0,0,---,EX HARD CLEAR,---,0,0,0,0,---,NO PLAY,---,2026-09-16 19:26
CANNON BALLERS,EMERALDAS,IRREGULAR DJENT STEP,BEMANI Sound Team "HuΣeR vs dj Hellix",0,0,0,0,0,---,NO PLAY,---,7,0,0,0,---,NO PLAY,---,11,0,0,0,---,EX HARD CLEAR,---,12,0,0,0,---,CLEAR,---,0,0,0,0,---,NO PLAY,---,2026-09-16 19:26
CANNON BALLERS,encounter,DRUM'N'BASS,猫叉Master+,0,0,0,0,0,---,NO PLAY,---,5,0,0,0,---,NO PLAY,---,9,0,0,0,---,NO PLAY,---,12,0,0,0,---,EX HARD CLEAR,---,0,0,0,0,---,NO PLAY,---,2026-09-16 19:26
CANNON BALLERS,Exhaust Hype,HARD BASS HOUSE,DJ Noriken,0,0,0,0,0,---,NO PLAY,---,5,0,0,0,---,NO PLAY,---,9,0,0,0,---,NO PLAY,---,11,0,0,0,---,FULLCOMBO CLEAR,---,0,0,0,0,---,NO PLAY,---,2026-09-16 19:26
CANNON BALLERS,Fervidex,ARTCORE,Feryquitous,0,0,0,0,0,---,NO PLAY,---,5,0,0,0,---,NO PLAY,---,9,0,0,0,---,FULLCOMBO CLEAR,---,11,0,0,0,---,EX HARD CLEAR,---,0,0,0,0,---,NO PLAY,---,2026-09-16 19:26
CANNON BALLERS,FREEDOM,HYPER DUBSTEP,USAO,0,0,0,0,0,---,NO PLAY,---,5,0,0,0,---,NO PLAY,---,8,0,0,0,---,NO PLAY,---,11,0,0,0,---,EX HARD CLEAR,---,0,0,0,0,---,NO PLAY,---,2026-09-16 19:26
CANNON BALLERS,From Time To Time,TECH HOUSE,sanodg,0,0,0,0,0,---,NO PLAY,---,4,0,0,0,---,NO PLAY,---,10,0,0,0,---,NO PLAY,---,11,0,0,0,---,FULLCOMBO CLEAR,---,0,0,0,0,---,NO PLAY,---,2026-09-16 19:26
CANNON BALLERS,FUTURE is Dead,HOLIC,C-Show,0,0,0,0,0,---,NO PLAY,---,5,0,0,0,---,NO PLAY,---,8,0,0,0,---,EASY CLEAR,---,11,0,0,0,---,HARD CLEAR,---,0,0,0,0,---,NO PLAY,---,2026-09-16 19:26
CANNON BALLERS,Get Up! feat. Kanae Asaba,TROPICAL HOUSE,MK,0,0,0,0,0,---,NO PLAY,---,4,0,0,0,---,NO PLAY,---,7,0,0,0,---,NO PLAY,---,9,0,0,0,---,FULLCOMBO CLEAR,---,0,0,0,0,---,NO PLAY,---,2026-09-16 19:26
CANNON BALLERS,HAT TRICK,HANDZ STYLE,P*Light,0,0,0,0,0,---,NO PLAY,---,5,0,0,0,---,NO PLAY,---,8,0,0,0,---,NO PLAY,---,10,0,0,0,---,FULLCOMBO CLEAR,---,0,0,0,0,---,NO PLAY,---,2026-09-16 19:26
CANNON BALLERS,Hella Deep,FREESTYLE,MASAYOSHI IIMORI,0,0,0,0,0,---,NO PLAY,---,4,0,0,0,---,NO PLAY,---,8,0,0,0,---,NO PLAY,---,10,0,0,0,---,EASY CLEAR,---,0,0,0,0,---,NO PLAY,---,2026-09-16 19:26
CANNON BALLERS,HYPE THE CORE,GABBA,DJ CHUCKY,0,0,0,0,0,---,NO PLAY,---,7,0,0,0,---,NO PLAY,---,10,0,0,0,---,NO PLAY,---,12,0,0,0,---,CLEAR,---,0,0,0,0,---,NO PLAY,---,2026-09-16 19:26
CANNON BALLERS,I Love You,EURO TRANCE,O/iviA,0,0,0,0,0,---,NO PLAY,---,5,0,0,0,---,FULLCOMBO CLEAR,---,9,0,0,0,---,ASSIST CLEAR,---,11,0,0,0,---,EX HARD CLEAR,---,0,0,0,0,---,NO PLAY,---,2026-09-16 19:26
CANNON BALLERS,Illusionary Waterlily,EMOTIONAL RAVE EUPHORIA,DJ Noriken,0,0,0,0,0,---,NO PLAY,---,6,0,0,0,---,NO PLAY,---,10,0,0,0,---,NO PLAY,---,12,0,0,0,---,EX HARD CLEAR,---,0,0,0,0,---,NO PLAY,---,2026-09-16 19:26
CANNON BALLERS,Initiation,00's TECHNO,BEMANI Sound Team "謎の勢力",0,0,0,0,0,---,NO PLAY,---,7,0,0,0,---,NO PLAY,---,10,0,0,0,---,NO PLAY,---,12,0,0,0,---,HARD CLEAR,---,0,0,0,0,---,NO PLAY,---,2026-09-16 19:26
CANNON BALLERS,Life Is A Game ft.DD"ナカタ"Metal,UPTEMPO HARDCORE,RoughSketch,0,0,0,0,0,---,NO PLAY,---,7,0,0,0,---,NO PLAY,---,10,0,0,0,---,EX HARD CLEAR,---,12,0,0,0,---,HARD CLEAR,---,0,0,0,0,---,NO PLAY,---,2026-09-16 19:26
CANNON BALLERS,LUV DRIVE,POPCORE,RoughSketch feat.Aikapin,0,0,0,0,0,---,NO PLAY,---,5,0,0,0,---,NO PLAY,---,7,0,0,0,---,NO PLAY,---,10,0,0,0,---,FULLCOMBO CLEAR,---,0,0,0,0,---,NO PLAY,---,2026-09-16 19:26
CANNON BALLERS,MAXIVCORD,ADMIRABLE,BEMANI Sound Team "dj TAKA",0,0,0,0,0,---,NO PLAY,---,5,0,0,0,---,NO PLAY,---,9,0,0,0,---,NO PLAY,---,11,0,0,0,---,FULLCOMBO CLEAR,---,0,0,0,0,---,NO PLAY,---,2026-09-16 19:26
CANNON BALLERS,Midnight Lady,NU 80's DISCO FUNK,Dirty Androids,0,0,0,0,0,---,NO PLAY,---,4,0,0,0,---,NO PLAY,---,6,0,0,0,---,NO PLAY,---,9,0,0,0,---,HARD CLEAR,---,0,0,0,0,---,NO PLAY,---,2026-09-16 19:26
CANNON BALLERS,n'pa pa BBQ,FUTURE TERROR,YUC'e,0,0,0,0,0,---,NO PLAY,---,5,0,0,0,---,NO PLAY,---,8,0,0,0,---,NO PLAY,---,11,0,0,0,---,EX HARD CLEAR,---,0,0,0,0,---,NO PLAY,---,2026-09-16 19:26
CANNON BALLERS,NITROUS CANNON,MACHINEGUN PSYSTYLE,かめりあ,0,0,0,0,0,---,NO PLAY,---,7,0,0,0,---,NO PLAY,---,10,0,0,0,---,NO PLAY,---,12,0,0,0,---,HARD CLEAR,---,0,0,0,0,---,NO PLAY,---,2026-09-16 19:26
CANNON BALLERS,No Limit 2 dAnce feat. 大山愛未,HYPER TECHNO,Y&Co.,0,0,0,0,0,---,NO PLAY,---,5,0,0,0,---,NO PLAY,---,8,0,0,0,---,NO PLAY,---,11,0,0,0,---,EX HARD CLEAR,---,0,0,0,0,---,NO PLAY,---,2026-09-16 19:26
CANNON BALLERS,Nothing but Theory,ULTRA JAZZFUNKTION,lapix,0,0,0,0,0,---,NO PLAY,---,6,0,0,0,---,NO PLAY,---,9,0,0,0,---,NO PLAY,---,11,0,0,0,---,EX HARD CLEAR,---,0,0,0,0,---,NO PLAY,---,2026-09-16 19:26
CANNON BALLERS,O/D*20,TECHNO,Ryu*,0,0,0,0,0,---,NO PLAY,---,6,0,0,0,---,NO PLAY,---,10,0,0,0,---,NO PLAY,---,11,0,0,0,---,EX HARD CLEAR,---,12,0,0,0,---,HARD CLEAR,---,2026-09-16 19:26
CANNON BALLERS,Papilio ulysses,DRUMSTEP,BEMANI Sound Team "SYUNN",0,0,0,0,0,---,NO PLAY,---,7,0,0,0,---,NO PLAY,---,10,0,0,0,---,NO PLAY,---,12,0,0,0,---,EX HARD CLEAR,---,0,0,0,0,---,NO PLAY,---,2026-09-16 19:26
CANNON BALLERS,Persephone,HARDSTYLE,Massive New Krew,0,0,0,0,0,---,NO PLAY,---,6,0,0,0,---,NO PLAY,---,10,0,0,0,---,NO PLAY,---,12,0,0,0,---,EX HARD CLEAR,---,0,0,0,0,---,NO PLAY,---,2026-09-16 19:26
CANNON BALLERS,Rampage,HARDCORE,USAO,0,0,0,0,0,---,NO PLAY,---,7,0,0,0,---,NO PLAY,---,10,0,0,0,---,FULLCOMBO CLEAR,---,12,0,0,0,---,EX HARD CLEAR,---,0,0,0,0,---,NO PLAY,---,2026-09-16 19:26
CANNON BALLERS,Raspberry Railgun,PANIC FUSION,OSTER project,0,0,0,0,0,---,NO PLAY,---,7,0,0,0,---,NO PLAY,---,10,0,0,0,---,EX HARD CLEAR,---,12,0,0,0,---,EX HARD CLEAR,---,0,0,0,0,---,NO PLAY,---,2026-09-16 19:26
CANNON BALLERS,REVOLVER,Hi-TECHDANCE,sky_delta,0,0,0,0,0,---,NO PLAY,---,5,0,0,0,---,NO PLAY,---,8,0,0,0,---,NO PLAY,---,11,0,0,0,---,EX HARD CLEAR,---,12,0,0,0,---,HARD CLEAR,---,2026-09-16 19:26
CANNON BALLERS,Sleepless days,THE WORLD EVOLVE,猫叉Master feat.Mayumi Morinaga,0,0,0,0,0,---,NO PLAY,---,4,0,0,0,---,NO PLAY,---,6,0,0,0,---,NO PLAY,---,9,0,0,0,---,FULLCOMBO CLEAR,---,0,0,0,0,---,NO PLAY,---,2026-09-16 19:26
CANNON BALLERS,Slipstream,FUTURE CORE,lapix,0,0,0,0,0,---,NO PLAY,---,5,0,0,0,---,NO PLAY,---,9,0,0,0,---,NO PLAY,---,12,0,0,0,---,EX HARD CLEAR,---,0,0,0,0,---,NO PLAY,---,2026-09-16 19:26
CANNON BALLERS,SPEED DEMON,HARDTEK,GUHROOVY feat. NO+CHIN,0,0,0,0,0,---,NO PLAY,---,5,0,0,0,---,NO PLAY,---,8,0,0,0,---,NO PLAY,---,11,0,0,0,---,EX HARD CLEAR,---,0,0,0,0,---,NO PLAY,---,2026-09-16 19:26
CANNON BALLERS,STARLIGHT JUNCTION,HEAV'NLY TRANCE,SOUND HOLIC feat. Nana Takahashi,0,0,0,0,0,---,NO PLAY,---,4,0,0,0,---,NO PLAY,---,8,0,0,0,---,NO PLAY,---,10,0,0,0,---,NO PLAY,---,11,0,0,0,---,EX HARD CLEAR,---,2026-09-16 19:26
CANNON BALLERS,Static State,ELECTRO TRANCE,Nhato,0,0,0,0,0,---,NO PLAY,---,6,0,0,0,---,NO PLAY,---,9,0,0,0,---,ASSIST CLEAR,---,10,0,0,0,---,EX HARD CLEAR,---,0,0,0,0,---,NO PLAY,---,2026-09-16 19:26
CANNON BALLERS,Temple of Anubis,PSYSTYLE,Massive New Krew,0,0,0,0,0,---,NO PLAY,---,5,0,0,0,---,NO PLAY,---,8,0,0,0,---,NO PLAY,---,11,0,0,0,---,EX HARD CLEAR,---,0,0,0,0,---,NO PLAY,---,2026-09-16 19:26
CANNON BALLERS,THE CANNONBALLER,EUROBEAT,L.E.D. feat. YURiCa/花たん,0,0,0,0,0,---,NO PLAY,---,6,0,0,0,---,NO PLAY,---,10,0,0,0,---,NO PLAY,---,11,0,0,0,---,EX HARD CLEAR,---,0,0,0,0,---,NO PLAY,---,2026-09-16 19:26
CANNON BALLERS,The Chase,TECH BREAKS,DJ Mass MAD Izm*,0,0,0,0,0,---,NO PLAY,---,5,0,0,0,---,NO PLAY,---,10,0,0,0,---,NO PLAY,---,12,0,0,0,---,HARD CLEAR,---,0,0,0,0,---,NO PLAY,---,2026-09-16 19:26
CANNON BALLERS,UMMU,OSHARave,t+pazolite,0,0,0,0,0,---,NO PLAY,---,7,0,0,0,---,NO PLAY,---,10,0,0,0,---,EX HARD CLEAR,---,11,0,0,0,---,EX HARD CLEAR,---,0,0,0,0,---,NO PLAY,---,2026-09-16 19:26
CANNON BALLERS,Usual Days-remix,DANCE POP,ota2,0,0,0,0,0,---,NO PLAY,---,7,0,0,0,---,NO PLAY,---,10,0,0,0,---,NO PLAY,---,12,0,0,0,---,HARD CLEAR,---,0,0,0,0,---,NO PLAY,---,2026-09-16 19:26
CANNON BALLERS,Xperanza,HYBRID HARDCORE,aran,0,0,0,0,0,---,NO PLAY,---,7,0,0,0,---,NO PLAY,---,10,0,0,0,---,NO PLAY,---,12,0,0,0,---,HARD CLEAR,---,0,0,0,0,---,NO PLAY,---,2026-09-16 19:26
CANNON BALLERS,うさ☆かめ 大戦争！,プログレッシブ徒競走,ARM×狐夢想 feat. I've : 柚子乃 & RINA,0,0,0,0,0,---,NO PLAY,---,6,0,0,0,---,NO PLAY,---,8,0,0,0,---,NO PLAY,---,11,0,0,0,---,FULLCOMBO CLEAR,---,0,0,0,0,---,NO PLAY,---,2026-09-16 19:26
CANNON BALLERS,エディブルフラワーの独白,HARD FRENCH,OSTER project feat. 常盤ゆう,0,0,0,0,0,---,NO PLAY,---,4,0,0,0,---,NO PLAY,---,8,0,0,0,---,NO PLAY,---,10,0,0,0,---,EX HARD CLEAR,---,0,0,0,0,---,NO PLAY,---,2026-09-16 19:26
CANNON BALLERS,シムルグの目醒め,NATURE,BEMANI Sound Team "DJ TOTTO" feat.rionos,0,0,0,0,0,---,NO PLAY,---,7,0,0,0,---,NO PLAY,---,10,0,0,0,---,EX HARD CLEAR,---,12,0,0,0,---,HARD CLEAR,---,0,0,0,0,---,NO PLAY,---,2026-09-16 19:26
CANNON BALLERS,ナイトシティー・アヴァンチュール,歌謡ニューウェーブ,森永真由美,0,0,0,0,0,---,NO PLAY,---,5,0,0,0,---,NO PLAY,---,7,0,0,0,---,NO PLAY,---,9,0,0,0,---,EX HARD CLEAR,---,0,0,0,0,---,NO PLAY,---,2026-09-16 19:26
CANNON BALLERS,ハイ*ビスカス ft. Kanae Asaba,YANKEE CAR J TRANCE,Xceon,0,0,0,0,0,---,NO PLAY,---,5,0,0,0,---,NO PLAY,---,8,0,0,0,---,NO PLAY,---,10,0,0,0,---,EX HARD CLEAR,---,0,0,0,0,---,NO PLAY,---,2026-09-16 19:26
CANNON BALLERS,バ→ビ→ブ→Bomb!,電波ソング,ヒゲドライバー join. 新菜まこ & 松平なな,0,0,0,0,0,---,NO PLAY,---,5,0,0,0,---,NO PLAY,---,8,0,0,0,---,NO PLAY,---,11,0,0,0,---,EX HARD CLEAR,---,0,0,0,0,---,NO PLAY,---,2026-09-16 19:26
CANNON BALLERS,バスルーム ロマンス,CLASSIC MOTIF,BEMANI Sound Team "Saori Watanabe",0,0,0,0,0,---,NO PLAY,---,5,0,0,0,---,NO PLAY,---,8,0,0,0,---,NO PLAY,---,10,0,0,0,---,EX HARD CLEAR,---,0,0,0,0,---,NO PLAY,---,2026-09-16 19:26
CANNON BALLERS,パラドキシカル・タイムリープトライアル(Short Ver.),AKIBA-POP,MOSAIC.WAV,0,0,0,0,0,---,NO PLAY,---,5,0,0,0,---,NO PLAY,---,9,0,0,0,---,NO PLAY,---,11,0,0,0,---,EX HARD CLEAR,---,0,0,0,0,---,NO PLAY,---,2026-09-16 19:26
CANNON BALLERS,ラストセンチュリーメランコリック,FUTURE J-POP,DJ Taku aka ☆Taku Takahashi (m-flo),0,0,0,0,0,---,NO PLAY,---,5,0,0,0,---,NO PLAY,---,8,0,0,0,---,NO PLAY,---,11,0,0,0,---,EX HARD CLEAR,---,0,0,0,0,---,NO PLAY,---,2026-09-16 19:26
CANNON BALLERS,共犯ヘヴンズコード,ELEGANT SWING,D-Evoke（与那嶺雅人/小日向翔）,0,0,0,0,0,---,NO PLAY,---,3,0,0,0,---,NO PLAY,---,7,0,0,0,---,NO PLAY,---,10,0,0,0,---,FULLCOMBO CLEAR,---,0,0,0,0,---,NO PLAY,---,2026-09-16 19:26
CANNON BALLERS,命の標本,STRANGE WORLD MUSIC,志方あきこ,0,0,0,0,0,---,NO PLAY,---,4,0,0,0,---,NO PLAY,---,8,0,0,0,---,NO PLAY,---,11,0,0,0,---,EX HARD CLEAR,---,0,0,0,0,---,NO PLAY,---,2026-09-16 19:26
CANNON BALLERS,東京神話,ORBITALIC GABBER STEP,DJ TECHNORCH feat.宇宙★海月 vs BEMANI Sound Team "U1-ASAMi",0,0,0,0,0,---,NO PLAY,---,6,0,0,0,---,NO PLAY,---,9,0,0,0,---,NO PLAY,---,12,0,0,0,---,HARD CLEAR,---,0,0,0,0,---,NO PLAY,---,2026-09-16 19:26
CANNON BALLERS,神謳 -RESONANCE-,Hi-MYTH,SOUND HOLIC feat. Nana Takahashi Vs.GOD PHOENIX Prim,0,0,0,0,0,---,NO PLAY,---,7,0,0,0,---,NO PLAY,---,10,0,0,0,---,NO PLAY,---,12,0,0,0,---,EX HARD CLEAR,---,0,0,0,0,---,NO PLAY,---,2026-09-16 19:26
CANNON BALLERS,純真可憐デザイア,EMOTIONAL ROCK,BEMANI Sound Team "HuΣeR" feat.Fernweh,1,0,0,0,0,---,NO PLAY,---,4,0,0,0,---,NO PLAY,---,8,0,0,0,---,NO PLAY,---,10,2196,1074,48,3,FULLCOMBO CLEAR,AAA,11,0,0,0,---,EX HARD CLEAR,---,2026-10-03 15:08
CANNON BALLERS,草原の王女-軌跡を辿って-,JOURNEY SCENE,劇団レコード,0,0,0,0,0,---,NO PLAY,---,4,0,0,0,---,NO PLAY,---,8,0,0,0,---,NO PLAY,---,10,0,0,0,---,HARD CLEAR,---,0,0,0,0,---,NO PLAY,---,2026-09-16 19:26
Rootage,& Intelligence,MEGA MIX,lapix,0,0,0,0,0,---,NO PLAY,---,5,0,0,0,---,NO PLAY,---,9,0,0,0,---,NO PLAY,---,11,0,0,0,---,EX HARD CLEAR,---,0,0,0,0,---,NO PLAY,---,2026-09-16 19:26
Rootage,50th Memorial Songs -Beginning Story-,ANNIVERSARY,BEMANI Sound Team,0,0,0,0,0,---,NO PLAY,---,4,0,0,0,---,NO PLAY,---,8,0,0,0,---,NO PLAY,---,11,0,0,0,---,EX HARD CLEAR,---,0,0,0,0,---,NO PLAY,---,2026-09-16 19:26
Rootage,50th Memorial Songs -The BEMANI History-,ANNIVERSARY,BEMANI Sound Team,0,0,0,0,0,---,NO PLAY,---,6,0,0,0,---,NO PLAY,---,9,0,0,0,---,NO PLAY,---,11,0,0,0,---,EX HARD CLEAR,---,0,0,0,0,---,NO PLAY,---,2026-09-16 19:26
Rootage,50th Memorial Songs -二人の時 ～under the cherry blossoms～-,ANNIVERSARY,BEMANI Sound Team,0,0,0,0,0,---,NO PLAY,---,5,0,0,0,---,NO PLAY,---,8,0,0,0,---,EX HARD CLEAR,---,10,0,0,0,---,NO PLAY,---,0,0,0,0,---,NO PLAY,---,2026-09-16 19:26
Rootage,Afterimage d'automne,ASYMMETRY ART,BEMANI Sound Team "猫叉劇団",0,0,0,0,0,---,NO PLAY,---,6,0,0,0,---,NO PLAY,---,9,0,0,0,---,NO PLAY,---,12,0,0,0,---,EX HARD CLEAR,---,0,0,0,0,---,NO PLAY,---,2026-09-16 19:26
Rootage,BLACK JACKAL,DANCE MUSIC,Akira Complex,0,0,0,0,0,---,NO PLAY,---,5,0,0,0,---,NO PLAY,---,8,0,0,0,---,NO PLAY,---,10,0,0,0,---,EX HARD CLEAR,---,0,0,0,0,---,NO PLAY,---,2026-09-16 19:26
Rootage,BLOSSOM,BLOOM TRANCE,BEMANI Sound Team "TAG",0,0,0,0,0,---,NO PLAY,---,5,0,0,0,---,NO PLAY,---,8,0,0,0,---,NO PLAY,---,10,0,0,0,---,EX HARD CLEAR,---,0,0,0,0,---,NO PLAY,---,2026-09-16 19:26
Rootage,Carmina,SYMPHONIC TRANCECORE,CANVAS feat. Quimar,0,0,0,0,0,---,NO PLAY,---,6,0,0,0,---,NO PLAY,---,10,0,0,0,---,FULLCOMBO CLEAR,---,12,0,0,0,---,HARD CLEAR,---,0,0,0,0,---,NO PLAY,---,2026-09-16 19:26
Rootage,Carry Me Away,FUTURE CORE,lapix,0,0,0,0,0,---,NO PLAY,---,6,0,0,0,---,NO PLAY,---,9,0,0,0,---,NO PLAY,---,12,0,0,0,---,EX HARD CLEAR,---,0,0,0,0,---,NO PLAY,---,2026-09-16 19:26
Rootage,Catch Our Fire!,MARVELOUS CHEER,中島由貴,0,0,0,0,0,---,NO PLAY,---,6,0,0,0,---,NO PLAY,---,10,0,0,0,---,NO PLAY,---,12,0,0,0,---,HARD CLEAR,---,0,0,0,0,---,NO PLAY,---,2026-09-16 19:26
Rootage,CODE:0,BIG BEAT,BEMANI Sound Team "HEXA",0,0,0,0,0,---,NO PLAY,---,6,0,0,0,---,NO PLAY,---,10,0,0,0,---,FULLCOMBO CLEAR,---,11,0,0,0,---,EX HARD CLEAR,---,12,0,0,0,---,HARD CLEAR,---,2026-09-16 19:26
Rootage,CoMAAAAAAA,UPLIFTING ETHNIC,Ryu☆,0,0,0,0,0,---,NO PLAY,---,6,0,0,0,---,NO PLAY,---,10,0,0,0,---,NO PLAY,---,10,0,0,0,---,EX HARD CLEAR,---,12,0,0,0,---,HARD CLEAR,---,2026-09-16 19:26
Rootage,COSMIC CYBER,BIGCORE,BEMANI Sound Team "Captain Sonic",0,0,0,0,0,---,NO PLAY,---,6,0,0,0,---,NO PLAY,---,9,0,0,0,---,FULLCOMBO CLEAR,---,11,0,0,0,---,EX HARD CLEAR,---,0,0,0,0,---,NO PLAY,---,2026-09-16 19:26
Rootage,Cranberry City ft. Luschel,GARAGE,lapix,0,0,0,0,0,---,NO PLAY,---,5,0,0,0,---,NO PLAY,---,8,0,0,0,---,NO PLAY,---,10,0,0,0,---,EX HARD CLEAR,---,0,0,0,0,---,NO PLAY,---,2026-09-16 19:26
Rootage,dAuntl3ss,HARDER DANCE MUSIC,DJ Noriken,0,0,0,0,0,---,NO PLAY,---,6,0,0,0,---,NO PLAY,---,10,0,0,0,---,NO PLAY,---,12,0,0,0,---,EX HARD CLEAR,---,0,0,0,0,---,NO PLAY,---,2026-09-16 19:26
Rootage,Dr. Chemical & Killing Machine,INDUSTRIAL TECHNO,Hommarju,0,0,0,0,0,---,NO PLAY,---,5,0,0,0,---,NO PLAY,---,9,0,0,0,---,NO PLAY,---,12,0,0,0,---,EX HARD CLEAR,---,0,0,0,0,---,NO PLAY,---,2026-09-16 19:26
Rootage,Drastic Dramatic,8BARS,KING & Princess,0,0,0,0,0,---,NO PLAY,---,7,0,0,0,---,NO PLAY,---,10,0,0,0,---,FAILED,---,12,0,0,0,---,EX HARD CLEAR,---,0,0,0,0,---,NO PLAY,---,2026-09-16 19:26
Rootage,DRUNK MONKY,MINIMAL,DJ ODDBALL,0,0,0,0,0,---,NO PLAY,---,7,0,0,0,---,NO PLAY,---,9,0,0,0,---,NO PLAY,---,11,0,0,0,---,EX HARD CLEAR,---,0,0,0,0,---,NO PLAY,---,2026-09-16 19:26
Rootage,Ember Lights,FUSION TRANCE,Nhato,0,0,0,0,0,---,NO PLAY,---,5,0,0,0,---,NO PLAY,---,9,0,0,0,---,NO PLAY,---,11,0,0,0,---,EX HARD CLEAR,---,12,0,0,0,---,HARD CLEAR,---,2026-09-16 19:26
Rootage,EVANESCENT,PROGRESSIVE ROCK,SOUND HOLIC feat. Nana Takahashi,0,0,0,0,0,---,NO PLAY,---,6,0,0,0,---,NO PLAY,---,10,0,0,0,---,FULLCOMBO CLEAR,---,12,0,0,0,---,EX HARD CLEAR,---,0,0,0,0,---,NO PLAY,---,2026-09-16 19:26
Rootage,Garuda,JUKE/FOOTWORK,kors k,0,0,0,0,0,---,NO PLAY,---,6,0,0,0,---,NO PLAY,---,9,0,0,0,---,NO PLAY,---,11,0,0,0,---,EX HARD CLEAR,---,0,0,0,0,---,NO PLAY,---,2026-09-16 19:26
Rootage,Geirskogul,CYBER DRUMSTEP,Maozon,0,0,0,0,0,---,NO PLAY,---,5,0,0,0,---,NO PLAY,---,8,0,0,0,---,NO PLAY,---,10,0,0,0,---,EX HARD CLEAR,---,0,0,0,0,---,NO PLAY,---,2026-09-16 19:26
Rootage,GENE,TECHNO GRAFFITI,VINCENT GANATCH,0,0,0,0,0,---,NO PLAY,---,7,0,0,0,---,FULLCOMBO CLEAR,---,9,0,0,0,---,FULLCOMBO CLEAR,---,12,0,0,0,---,EX HARD CLEAR,---,12,0,0,0,---,HARD CLEAR,---,2026-09-16 19:26
Rootage,GIGA THRASH,DUBSTEP,Blacklolita,0,0,0,0,0,---,NO PLAY,---,7,0,0,0,---,NO PLAY,---,9,0,0,0,---,NO PLAY,---,12,0,0,0,---,EX HARD CLEAR,---,0,0,0,0,---,NO PLAY,---,2026-09-16 19:26
Rootage,Glory,EDM,kradness,0,0,0,0,0,---,NO PLAY,---,4,0,0,0,---,NO PLAY,---,7,0,0,0,---,NO PLAY,---,10,0,0,0,---,EX HARD CLEAR,---,0,0,0,0,---,NO PLAY,---,2026-09-16 19:26
Rootage,GO OVER WITH GLARE -ROOTAGE 26-,HARDSTYLE,BEMANI Sound Team "L.E.D.-G",0,0,0,0,0,---,NO PLAY,---,6,0,0,0,---,NO PLAY,---,10,0,0,0,---,NO PLAY,---,12,0,0,0,---,EX HARD CLEAR,---,0,0,0,0,---,NO PLAY,---,2026-09-16 19:26
Rootage,HARD BRAIN,HARD TECHNO,AJURIKA,0,0,0,0,0,---,NO PLAY,---,6,0,0,0,---,NO PLAY,---,9,0,0,0,---,NO PLAY,---,12,0,0,0,---,EX HARD CLEAR,---,0,0,0,0,---,NO PLAY,---,2026-09-16 19:26
Rootage,HEISEI,ELECTRONIC RHAPSODY,BEMANI Sound Team "dj TAKA",0,0,0,0,0,---,NO PLAY,---,6,0,0,0,---,NO PLAY,---,10,0,0,0,---,NO PLAY,---,11,0,0,0,---,EX HARD CLEAR,---,0,0,0,0,---,NO PLAY,---,2026-09-16 19:26
Rootage,IDC feat.REVERBEE (Mo'Cuts Ver),TECH-BREAKS,DJ Mass MAD Izm*,0,0,0,0,0,---,NO PLAY,---,7,0,0,0,---,NO PLAY,---,10,0,0,0,---,HARD CLEAR,---,11,0,0,0,---,EX HARD CLEAR,---,0,0,0,0,---,NO PLAY,---,2026-09-16 19:26
Rootage,IDOL syndrome.,PSYCHEDELIC ROCK,RINA,0,0,0,0,0,---,NO PLAY,---,4,0,0,0,---,NO PLAY,---,7,0,0,0,---,NO PLAY,---,10,0,0,0,---,EX HARD CLEAR,---,11,0,0,0,---,FULLCOMBO CLEAR,---,2026-09-16 19:26
Rootage,KILL EACH OTHER,PSYSTYLE,BEMANI Sound Team "L.E.D. VS. L.E.D.-G",0,0,0,0,0,---,NO PLAY,---,7,0,0,0,---,NO PLAY,---,10,0,0,0,---,NO PLAY,---,12,0,0,0,---,EX HARD CLEAR,---,0,0,0,0,---,NO PLAY,---,2026-09-16 19:26
Rootage,L.F.O,UK HARDCORE,aran,0,0,0,0,0,---,NO PLAY,---,5,0,0,0,---,NO PLAY,---,9,0,0,0,---,NO PLAY,---,12,0,0,0,---,EX HARD CLEAR,---,0,0,0,0,---,NO PLAY,---,2026-09-16 19:26
Rootage,LADYBIRD,GLITCH HOP,YUC'e,0,0,0,0,0,---,NO PLAY,---,7,0,0,0,---,NO PLAY,---,9,0,0,0,---,NO PLAY,---,11,0,0,0,---,EX HARD CLEAR,---,0,0,0,0,---,NO PLAY,---,2026-09-16 19:26
Rootage,Let me be your cure,ELECTRIC DANCE ROCK,Pizuya's Cell,0,0,0,0,0,---,NO PLAY,---,5,0,0,0,---,NO PLAY,---,8,0,0,0,---,NO PLAY,---,10,0,0,0,---,EX HARD CLEAR,---,0,0,0,0,---,NO PLAY,---,2026-09-16 19:26
Rootage,Lethal Weapon,RECKLESS HARDCORE,BEMANI Sound Team "HuΣeR",0,0,0,0,0,---,NO PLAY,---,6,0,0,0,---,NO PLAY,---,9,0,0,0,---,NO PLAY,---,12,0,0,0,---,HARD CLEAR,---,0,0,0,0,---,NO PLAY,---,2026-09-16 19:26
Rootage,Level One,Drumstep / DnB,Yamato,0,0,0,0,0,---,NO PLAY,---,7,0,0,0,---,NO PLAY,---,10,0,0,0,---,HARD CLEAR,---,12,0,0,0,---,HARD CLEAR,---,0,0,0,0,---,NO PLAY,---,2026-09-16 19:26
Rootage,Lift Us High,MELODIC TRANCE,BEMANI Sound Team "Sota Fujimori",0,0,0,0,0,---,NO PLAY,---,5,0,0,0,---,NO PLAY,---,8,0,0,0,---,NO PLAY,---,10,0,0,0,---,FULLCOMBO CLEAR,---,0,0,0,0,---,NO PLAY,---,2026-09-16 19:26
Rootage,LOST TECHNOLOGIE,TECHNO,かめりあ,0,0,0,0,0,---,NO PLAY,---,5,0,0,0,---,NO PLAY,---,9,0,0,0,---,NO PLAY,---,12,0,0,0,---,HARD CLEAR,---,0,0,0,0,---,NO PLAY,---,2026-09-16 19:26
Rootage,Macho Monky,JUNGLE TERROR,kors k,0,0,0,0,0,---,NO PLAY,---,6,0,0,0,---,NO PLAY,---,10,0,0,0,---,FAILED,---,12,0,0,0,---,EX HARD CLEAR,---,0,0,0,0,---,NO PLAY,---,2026-09-16 19:26
Rootage,Necroxis Girl,GLITCH DUBSTEP,BEMANI Sound Team "HuΣeR",0,0,0,0,0,---,NO PLAY,---,6,0,0,0,---,NO PLAY,---,9,0,0,0,---,NO PLAY,---,12,0,0,0,---,EX HARD CLEAR,---,0,0,0,0,---,NO PLAY,---,2026-09-16 19:26
Rootage,Next Tales 2 Oath (IIDX 20th Anniv "Ring" Theme),THEME SONG,Hommarju,0,0,0,0,0,---,NO PLAY,---,5,0,0,0,---,NO PLAY,---,8,0,0,0,---,NO PLAY,---,11,0,0,0,---,EX HARD CLEAR,---,0,0,0,0,---,NO PLAY,---,2026-09-16 19:26
Rootage,Night! Night! Night!,EURO DYNAMITE,MM,0,0,0,0,0,---,NO PLAY,---,6,0,0,0,---,NO PLAY,---,9,0,0,0,---,NO PLAY,---,12,0,0,0,---,EX HARD CLEAR,---,0,0,0,0,---,NO PLAY,---,2026-09-16 19:26
Rootage,ONIGOROSHI,TOKYO STYLE SPEEDCORE,m1dy,0,0,0,0,0,---,NO PLAY,---,6,0,0,0,---,NO PLAY,---,10,0,0,0,---,EX HARD CLEAR,---,12,0,0,0,---,EX HARD CLEAR,---,0,0,0,0,---,NO PLAY,---,2026-09-16 19:26
Rootage,OVER TIME,ELECTRO POP,空中分解feat.アンテナガール,0,0,0,0,0,---,NO PLAY,---,3,0,0,0,---,NO PLAY,---,6,0,0,0,---,NO PLAY,---,9,0,0,0,---,EX HARD CLEAR,---,10,0,0,0,---,EX HARD CLEAR,---,2026-09-16 19:26
Rootage,Painful Fate,DRUM'N'BASS,BEMANI Sound Team "猫叉Master",0,0,0,0,0,---,NO PLAY,---,7,0,0,0,---,NO PLAY,---,10,0,0,0,---,EX HARD CLEAR,---,12,0,0,0,---,EX HARD CLEAR,---,0,0,0,0,---,NO PLAY,---,2026-09-16 19:26
Rootage,Playing With Fire,SPEED RAVE,kors k,0,0,0,0,0,---,NO PLAY,---,6,0,0,0,---,NO PLAY,---,9,0,0,0,---,NO PLAY,---,11,0,0,0,---,EX HARD CLEAR,---,0,0,0,0,---,NO PLAY,---,2026-09-16 19:26
Rootage,Psycho Sheep Riddim,RIDDIM DUBSTEP,BEMANI Sound Team "SYUNN",0,0,0,0,0,---,NO PLAY,---,3,0,0,0,---,NO PLAY,---,7,0,0,0,---,NO PLAY,---,9,0,0,0,---,FULLCOMBO CLEAR,---,11,0,0,0,---,EX HARD CLEAR,---,2026-09-16 19:26
Rootage,Red. by Jack Trance,TECH-BREAKS,DJ Mass MAD Izm*,0,0,0,0,0,---,NO PLAY,---,7,0,0,0,---,NO PLAY,---,10,0,0,0,---,ASSIST CLEAR,---,12,0,0,0,---,HARD CLEAR,---,0,0,0,0,---,NO PLAY,---,2026-09-16 19:26
Rootage,REPLAY,TECHNO,SLAKE,0,0,0,0,0,---,NO PLAY,---,6,0,0,0,---,NO PLAY,---,9,0,0,0,---,NO PLAY,---,11,0,0,0,---,EX HARD CLEAR,---,0,0,0,0,---,NO PLAY,---,2026-09-16 19:26
Rootage,ROCK女 feat. 大山愛未， Ken,TRANCE,Y&Co.,0,0,0,0,0,---,NO PLAY,---,7,0,0,0,---,NO PLAY,---,9,0,0,0,---,FULLCOMBO CLEAR,---,11,0,0,0,---,EX HARD CLEAR,---,0,0,0,0,---,NO PLAY,---,2026-09-16 19:26
Rootage,ruin of opals,IRIDESCENCE JAZZ ETUDE,上ノ瀬つかさ,0,0,0,0,0,---,NO PLAY,---,6,0,0,0,---,NO PLAY,---,10,0,0,0,---,FULLCOMBO CLEAR,---,12,0,0,0,---,EX HARD CLEAR,---,0,0,0,0,---,NO PLAY,---,2026-09-16 19:26
Rootage,R∞tAge,NEO J-TEKNO,BEMANI Sound Team "HuΣeR+",0,0,0,0,0,---,NO PLAY,---,5,0,0,0,---,NO PLAY,---,8,0,0,0,---,ASSIST CLEAR,---,11,0,0,0,---,EX HARD CLEAR,---,0,0,0,0,---,NO PLAY,---,2026-09-16 19:26
Rootage,SPEED ROCKER,PSYCHEDELIC TRANCE,AJURIKA,0,0,0,0,0,---,NO PLAY,---,4,0,0,0,---,NO PLAY,---,9,0,0,0,---,NO PLAY,---,10,0,0,0,---,EX HARD CLEAR,---,0,0,0,0,---,NO PLAY,---,2026-09-16 19:26
Rootage,The Best of Both Worlds,EUROTRAPBEAT,☆Taku Takahashi (m-flo， block.fm),0,0,0,0,0,---,NO PLAY,---,3,0,0,0,---,NO PLAY,---,8,0,0,0,---,NO PLAY,---,10,0,0,0,---,EX HARD CLEAR,---,0,0,0,0,---,NO PLAY,---,2026-09-16 19:26
Rootage,THE DAY OF JUBILATIONS,HARD ELECTRIC POP,BEMANI Sound Team "S-C-U vs L.E.D.",0,0,0,0,0,---,NO PLAY,---,7,0,0,0,---,NO PLAY,---,10,0,0,0,---,NO PLAY,---,12,0,0,0,---,HARD CLEAR,---,0,0,0,0,---,NO PLAY,---,2026-09-16 19:26
Rootage,The Rebellion of Sequencer,DJENTCORE,DJ Myosuke,0,0,0,0,0,---,NO PLAY,---,7,0,0,0,---,NO PLAY,---,10,0,0,0,---,NO PLAY,---,12,0,0,0,---,HARD CLEAR,---,0,0,0,0,---,NO PLAY,---,2026-09-16 19:26
Rootage,toy boxer,BOXINGCORE,BEMANI Sound Team "S-C-U & SYUNN",0,0,0,0,0,---,NO PLAY,---,4,0,0,0,---,NO PLAY,---,8,0,0,0,---,NO PLAY,---,10,0,0,0,---,FULLCOMBO CLEAR,---,0,0,0,0,---,NO PLAY,---,2026-09-16 19:26
Rootage,ToyCube Pf.(RX-Ver.S.P.L.),NEW AGE,高田雅史,0,0,0,0,0,---,NO PLAY,---,7,0,0,0,---,NO PLAY,---,9,0,0,0,---,FULLCOMBO CLEAR,---,11,0,0,0,---,FULLCOMBO CLEAR,---,0,0,0,0,---,NO PLAY,---,2026-09-16 19:26
Rootage,Trill auf G,MUSIC GAMES HARDCORE,BEMANI Sound Team "dj TAKA",0,0,0,0,0,---,NO PLAY,---,6,0,0,0,---,NO PLAY,---,10,0,0,0,---,NO PLAY,---,12,0,0,0,---,HARD CLEAR,---,0,0,0,0,---,NO PLAY,---,2026-09-16 19:26
Rootage,Twilight Warp,CYBER DANCE MUSIC,Maozon feat. Kyte,0,0,0,0,0,---,NO PLAY,---,4,0,0,0,---,NO PLAY,---,7,0,0,0,---,NO PLAY,---,9,0,0,0,---,EX HARD CLEAR,---,0,0,0,0,---,NO PLAY,---,2026-09-16 19:26
Rootage,Unbelief,METAL,BEMANI Sound Team "Anonymous",0,0,0,0,0,---,NO PLAY,---,6,0,0,0,---,NO PLAY,---,10,0,0,0,---,NO PLAY,---,12,0,0,0,---,HARD CLEAR,---,0,0,0,0,---,NO PLAY,---,2026-09-16 19:26
Rootage,UNDERWORLD HOLOGRAPHY,DRUM & BASS,BEMANI Sound Team "L.E.D." feat. KOTOKO,0,0,0,0,0,---,NO PLAY,---,5,0,0,0,---,NO PLAY,---,9,0,0,0,---,NO PLAY,---,11,0,0,0,---,EX HARD CLEAR,---,0,0,0,0,---,NO PLAY,---,2026-09-16 19:26
Rootage,Urban Constellations,JAZZY FOOTWORK JUNGLE,Dirty Androids,0,0,0,0,0,---,NO PLAY,---,4,0,0,0,---,NO PLAY,---,8,0,0,0,---,NO PLAY,---,11,0,0,0,---,EX HARD CLEAR,---,12,0,0,0,---,HARD CLEAR,---,2026-09-16 19:26
Rootage,Visterhv,REBIRTH OUT,Feryquitous,0,0,0,0,0,---,NO PLAY,---,6,0,0,0,---,NO PLAY,---,10,0,0,0,---,EX HARD CLEAR,---,12,0,0,0,---,EX HARD CLEAR,---,0,0,0,0,---,NO PLAY,---,2026-09-16 19:26
Rootage,voltississimo,VVV,BEMANI Sound Team "PHQUASE",0,0,0,0,0,---,NO PLAY,---,6,0,0,0,---,NO PLAY,---,10,0,0,0,---,NO PLAY,---,12,0,0,0,---,HARD CLEAR,---,0,0,0,0,---,NO PLAY,---,2026-09-16 19:26
Rootage,Wing of Hearts,HYPER HANDS UP,USAO & DJ Nanashi,0,0,0,0,0,---,NO PLAY,---,5,0,0,0,---,NO PLAY,---,8,0,0,0,---,NO PLAY,---,11,0,0,0,---,EX HARD CLEAR,---,0,0,0,0,---,NO PLAY,---,2026-09-16 19:26
Rootage,Wolf 1061,PIANO TRANCE,Xceon,0,0,0,0,0,---,NO PLAY,---,5,0,0,0,---,NO PLAY,---,9,0,0,0,---,NO PLAY,---,11,0,0,0,---,EX HARD CLEAR,---,0,0,0,0,---,NO PLAY,---,2026-09-16 19:26
Rootage,Wonderland,CANDY RAVE GABBER,kors k,0,0,0,0,0,---,NO PLAY,---,5,0,0,0,---,NO PLAY,---,9,0,0,0,---,NO PLAY,---,11,0,0,0,---,EX HARD CLEAR,---,0,0,0,0,---,NO PLAY,---,2026-09-16 19:26
Rootage,X-DEN,ULTIΣATE COLLABORATION,T.Σ.Generation,0,0,0,0,0,---,NO PLAY,---,8,0,0,0,---,NO PLAY,---,11,0,0,0,---,EX HARD CLEAR,---,12,0,0,0,---,CLEAR,---,0,0,0,0,---,NO PLAY,---,2026-09-16 19:26
Rootage,XENON II ～TOMOYUKIの野望～,ELECTRO SHOCK,Mr.T,0,0,0,0,0,---,NO PLAY,---,6,0,0,0,---,NO PLAY,---,9,0,0,0,---,FULLCOMBO CLEAR,---,11,0,0,0,---,EX HARD CLEAR,---,0,0,0,0,---,NO PLAY,---,2026-09-16 19:26
Rootage,Xlo,NEUTRONIKA,sasakure.UK,0,0,0,0,0,---,NO PLAY,---,7,0,0,0,---,NO PLAY,---,10,0,0,0,---,FULLCOMBO CLEAR,---,12,0,0,0,---,HARD CLEAR,---,0,0,0,0,---,NO PLAY,---,2026-09-16 19:26
Rootage,Yum Yum Jelly,FUTURE BASS,YUC'e,1,0,0,0,0,---,NO PLAY,---,5,0,0,0,---,NO PLAY,---,9,0,0,0,---,NO PLAY,---,11,2298,1083,132,5,FULLCOMBO CLEAR,AAA,0,0,0,0,---,NO PLAY,---,2026-09-16 19:34
Rootage,ZENDEGI DANCE,ORBITALIC ORIENTAL ELECTRO,ARM × BEMANI Sound Team "U1 overground",0,0,0,0,0,---,NO PLAY,---,6,0,0,0,---,NO PLAY,---,9,0,0,0,---,NO PLAY,---,11,0,0,0,---,EX HARD CLEAR,---,0,0,0,0,---,NO PLAY,---,2026-09-16 19:26
Rootage,おーまい！らぶりー！すうぃーてぃ！だーりん！,LOVELY YOUTH,BEMANI Sound Team "PON" feat.NU-KO,0,0,0,0,0,---,NO PLAY,---,6,0,0,0,---,NO PLAY,---,9,0,0,0,---,HARD CLEAR,---,11,0,0,0,---,EX HARD CLEAR,---,0,0,0,0,---,NO PLAY,---,2026-09-16 19:26
Rootage,お菓子の王国,SPEED CANDY,Snail's House,0,0,0,0,0,---,NO PLAY,---,7,0,0,0,---,NO PLAY,---,10,0,0,0,---,EX HARD CLEAR,---,12,0,0,0,---,HARD CLEAR,---,0,0,0,0,---,NO PLAY,---,2026-09-16 19:26
Rootage,グラナダの風,SPANISH GUITAR,BEMANI Sound Team "劇団レコード",0,0,0,0,0,---,NO PLAY,---,5,0,0,0,---,NO PLAY,---,7,0,0,0,---,FULLCOMBO CLEAR,---,10,0,0,0,---,FULLCOMBO CLEAR,---,0,0,0,0,---,NO PLAY,---,2026-09-16 19:26
Rootage,セカンドピアス,GIRLS ROCK,OSTER project feat. echo,0,0,0,0,0,---,NO PLAY,---,3,0,0,0,---,NO PLAY,---,6,0,0,0,---,NO PLAY,---,9,0,0,0,---,FULLCOMBO CLEAR,---,0,0,0,0,---,NO PLAY,---,2026-09-16 19:26
Rootage,ハードベース・フェスタ,A-STYLE RUSSIAN HARDBASS,かめりあ feat. ななひら,0,0,0,0,0,---,NO PLAY,---,6,0,0,0,---,NO PLAY,---,9,0,0,0,---,NO PLAY,---,11,0,0,0,---,EX HARD CLEAR,---,0,0,0,0,---,NO PLAY,---,2026-09-16 19:26
Rootage,ミストレス・アンに花束を,ELECTRONICA,soejima takuma feat.BEMANI Sound Team "猫叉Master",0,0,0,0,0,---,NO PLAY,---,3,0,0,0,---,NO PLAY,---,6,0,0,0,---,NO PLAY,---,8,0,0,0,---,FULLCOMBO CLEAR,---,0,0,0,0,---,NO PLAY,---,2026-09-16 19:26
Rootage,ミッドナイト☆WAR,BEMANIZED ROCKCORE,いちか,0,0,0,0,0,---,NO PLAY,---,5,0,0,0,---,NO PLAY,---,9,0,0,0,---,NO PLAY,---,11,0,0,0,---,EX HARD CLEAR,---,0,0,0,0,---,NO PLAY,---,2026-09-16 19:26
Rootage,夏の匂い。キミの残像。 ft. Kanae Asaba,Re 90's J-DANCE POP,Xceon,0,0,0,0,0,---,NO PLAY,---,4,0,0,0,---,NO PLAY,---,8,0,0,0,---,CLEAR,---,10,0,0,0,---,FULLCOMBO CLEAR,---,0,0,0,0,---,NO PLAY,---,2026-09-16 19:26
Rootage,抱きしめてモナムール,Hi-歌謡コア,冬色AMOUR☆Prim,0,0,0,0,0,---,NO PLAY,---,6,0,0,0,---,NO PLAY,---,10,0,0,0,---,EX HARD CLEAR,---,12,0,0,0,---,EX HARD CLEAR,---,0,0,0,0,---,NO PLAY,---,2026-09-16 19:26
Rootage,最小三倍完全数,ピタゴラス的不完全性破壊衝動音律(ハンマーによる),DJ TECHNORCH,0,0,0,0,0,---,NO PLAY,---,5,0,0,0,---,NO PLAY,---,10,0,0,0,---,NO PLAY,---,12,0,0,0,---,HARD CLEAR,---,0,0,0,0,---,NO PLAY,---,2026-09-16 19:26
Rootage,泰東ノ翠霞,JAPANESE POPS,bermei.inazawa/feat.霜月はるか,0,0,0,0,0,---,NO PLAY,---,3,0,0,0,---,NO PLAY,---,6,0,0,0,---,EASY CLEAR,---,12,0,0,0,---,HARD CLEAR,---,0,0,0,0,---,NO PLAY,---,2026-09-16 19:26
Rootage,深愛のリグレット,PIANO J TRANCE POP,Xceon feat.Mayumi Morinaga,0,0,0,0,0,---,NO PLAY,---,4,0,0,0,---,NO PLAY,---,7,0,0,0,---,NO PLAY,---,9,0,0,0,---,FULLCOMBO CLEAR,---,0,0,0,0,---,NO PLAY,---,2026-09-16 19:26
Rootage,爆ゼニ☆がってんワーカー,勤労☆電波,ARM×狐夢想 feat. ななひら,0,0,0,0,0,---,NO PLAY,---,6,0,0,0,---,NO PLAY,---,9,0,0,0,---,NO PLAY,---,11,0,0,0,---,EX HARD CLEAR,---,0,0,0,0,---,NO PLAY,---,2026-09-16 19:26
Rootage,花冠 feat.Aikapin,SOCA,RoughSkreamZ,0,0,0,0,0,---,NO PLAY,---,6,0,0,0,---,NO PLAY,---,9,0,0,0,---,NO PLAY,---,11,0,0,0,---,HARD CLEAR,---,0,0,0,0,---,NO PLAY,---,2026-09-16 19:26
Rootage,金野火織の金色提言,音ゲー賛美歌,DJ TECHNORCH feat. 宇宙★海月,0,0,0,0,0,---,NO PLAY,---,6,0,0,0,---,NO PLAY,---,10,0,0,0,---,EX HARD CLEAR,---,12,0,0,0,---,EX HARD CLEAR,---,0,0,0,0,---,NO PLAY,---,2026-09-16 19:26
Rootage,龍王の霊廟(Mausoleum Of The Primal Dragon),RETROSPECTIVE EPIC MUSIC,BEMANI Sound Team "黒猫ダンジョン",0,0,0,0,0,---,NO PLAY,---,5,0,0,0,---,NO PLAY,---,10,0,0,0,---,EX HARD CLEAR,---,11,0,0,0,---,EX HARD CLEAR,---,12,0,0,0,---,HARD CLEAR,---,2026-09-16 19:26
HEROIC VERSE,27th style,HIP HOP,三代目 "dj TAKA & DAYBREAKERS",1,0,0,0,0,---,NO PLAY,---,5,0,0,0,---,NO PLAY,---,8,0,0,0,---,NO PLAY,---,11,0,0,0,---,EX HARD CLEAR,---,12,2511,1017,477,---,FAILED,A,2026-10-03 14:49
HEROIC VERSE,Advent Infamous,NEO DIGITAL FUTURE,Blacklolita,0,0,0,0,0,---,NO PLAY,---,5,0,0,0,---,FULLCOMBO CLEAR,---,8,0,0,0,---,NO PLAY,---,11,0,0,0,---,EX HARD CLEAR,---,0,0,0,0,---,NO PLAY,---,2026-09-16 19:26
HEROIC VERSE,AKASHIC BREAK,LAPLACE CORE,BEMANI Sound Team "TAG",0,0,0,0,0,---,NO PLAY,---,7,0,0,0,---,NO PLAY,---,10,0,0,0,---,EX HARD CLEAR,---,12,0,0,0,---,EX HARD CLEAR,---,0,0,0,0,---,NO PLAY,---,2026-09-16 19:26
HEROIC VERSE,And-RoiD,J-POP,Fujishiro feat.KNA,0,0,0,0,0,---,NO PLAY,---,4,0,0,0,---,NO PLAY,---,7,0,0,0,---,NO PLAY,---,9,0,0,0,---,CLEAR,---,0,0,0,0,---,NO PLAY,---,2026-09-16 19:26
HEROIC VERSE,Artist,MYSTICAL HARD DANCE,CANVAS feat. Quimar,0,0,0,0,0,---,NO PLAY,---,7,0,0,0,---,NO PLAY,---,10,0,0,0,---,FULLCOMBO CLEAR,---,12,0,0,0,---,HARD CLEAR,---,0,0,0,0,---,NO PLAY,---,2026-09-16 19:26
HEROIC VERSE,Backyard Stars,FUTURE BASS,TAKU INOUE,0,0,0,0,0,---,NO PLAY,---,6,0,0,0,---,NO PLAY,---,9,0,0,0,---,EX HARD CLEAR,---,11,0,0,0,---,EX HARD CLEAR,---,0,0,0,0,---,NO PLAY,---,2026-09-16 19:26
HEROIC VERSE,BEAT PRISONER,PRIME BIG BEAT,AJURIKA,0,0,0,0,0,---,NO PLAY,---,7,0,0,0,---,NO PLAY,---,9,0,0,0,---,NO PLAY,---,12,0,0,0,---,HARD CLEAR,---,0,0,0,0,---,NO PLAY,---,2026-09-16 19:26
HEROIC VERSE,beatAffection,BEAT MUSIC,ビートまりお,0,0,0,0,0,---,NO PLAY,---,5,0,0,0,---,NO PLAY,---,8,0,0,0,---,NO PLAY,---,10,0,0,0,---,FULLCOMBO CLEAR,---,0,0,0,0,---,NO PLAY,---,2026-09-16 19:26
HEROIC VERSE,Beautiful Harmony (IIDX Mix),PROGRESSIVE TRANCE,Ryu☆,0,0,0,0,0,---,NO PLAY,---,5,0,0,0,---,NO PLAY,---,8,0,0,0,---,NO PLAY,---,11,0,0,0,---,EX HARD CLEAR,---,0,0,0,0,---,NO PLAY,---,2026-09-16 19:26
HEROIC VERSE,Bow shock!!,JAZZ PIANO TRANCE,Xceon,0,0,0,0,0,---,NO PLAY,---,4,0,0,0,---,NO PLAY,---,9,0,0,0,---,NO PLAY,---,11,0,0,0,---,FULLCOMBO CLEAR,---,12,0,0,0,---,HARD CLEAR,---,2026-09-16 19:26
HEROIC VERSE,Calvados Queen,JAZZ ROCK,OSTER project feat. かなたん,4,0,0,0,0,---,NO PLAY,---,5,0,0,0,---,NO PLAY,---,8,0,0,0,---,NO PLAY,---,10,0,0,0,---,FULLCOMBO CLEAR,---,12,3053,1425,203,21,EX HARD CLEAR,AAA,2026-09-16 22:09
HEROIC VERSE,Change Yourself,TRANCE,ARM × kradness,0,0,0,0,0,---,NO PLAY,---,5,0,0,0,---,NO PLAY,---,9,0,0,0,---,NO PLAY,---,11,0,0,0,---,EX HARD CLEAR,---,0,0,0,0,---,NO PLAY,---,2026-09-16 19:26
HEROIC VERSE,Crank It,BASS HOUSE,Crayvxn,0,0,0,0,0,---,NO PLAY,---,4,0,0,0,---,NO PLAY,---,7,0,0,0,---,NO PLAY,---,9,0,0,0,---,FULLCOMBO CLEAR,---,0,0,0,0,---,NO PLAY,---,2026-09-16 19:26
HEROIC VERSE,Dans la nuit de l'eternite,POLONAISE,BEMANI Sound Team "レ・度胸兄弟",0,0,0,0,0,---,NO PLAY,---,7,0,0,0,---,NO PLAY,---,10,0,0,0,---,FULLCOMBO CLEAR,---,12,0,0,0,---,EX HARD CLEAR,---,0,0,0,0,---,NO PLAY,---,2026-09-16 19:26
HEROIC VERSE,Do What You Want,FUTURE BASS,BEMANI Sound Team "SYUNN",0,0,0,0,0,---,NO PLAY,---,4,0,0,0,---,NO PLAY,---,7,0,0,0,---,NO PLAY,---,10,0,0,0,---,EX HARD CLEAR,---,0,0,0,0,---,NO PLAY,---,2026-09-16 19:26
HEROIC VERSE,Double Dribble,FUNKY GABBER,lapix,0,0,0,0,0,---,NO PLAY,---,6,0,0,0,---,NO PLAY,---,10,0,0,0,---,HARD CLEAR,---,12,0,0,0,---,EX HARD CLEAR,---,0,0,0,0,---,NO PLAY,---,2026-09-16 19:26
HEROIC VERSE,EROICA,VERSE,BEMANI Sound Team "HERO",0,0,0,0,0,---,NO PLAY,---,7,0,0,0,---,NO PLAY,---,10,0,0,0,---,EX HARD CLEAR,---,12,0,0,0,---,CLEAR,---,0,0,0,0,---,NO PLAY,---,2026-09-16 19:26
HEROIC VERSE,Everlasting Message,EPIC ORCHESTRA,ぺのれり,0,0,0,0,0,---,NO PLAY,---,7,0,0,0,---,NO PLAY,---,11,0,0,0,---,EX HARD CLEAR,---,12,0,0,0,---,HARD CLEAR,---,0,0,0,0,---,NO PLAY,---,2026-09-16 19:26
HEROIC VERSE,fairy cocktail,エレクトロニック/エレクトロニカ/ポップ,Tomggg,0,0,0,0,0,---,NO PLAY,---,3,0,0,0,---,NO PLAY,---,6,0,0,0,---,NO PLAY,---,8,0,0,0,---,EX HARD CLEAR,---,0,0,0,0,---,NO PLAY,---,2026-09-16 19:26
HEROIC VERSE,Forgetting Machine,DRUM'N'BASS,TAKU INOUE,0,0,0,0,0,---,NO PLAY,---,5,0,0,0,---,NO PLAY,---,8,0,0,0,---,NO PLAY,---,10,0,0,0,---,FULLCOMBO CLEAR,---,0,0,0,0,---,NO PLAY,---,2026-09-16 19:26
HEROIC VERSE,Friction[!]Function,PROGRES BEAT,Feryquitous,0,0,0,0,0,---,NO PLAY,---,6,0,0,0,---,NO PLAY,---,9,0,0,0,---,EX HARD CLEAR,---,12,0,0,0,---,EX HARD CLEAR,---,0,0,0,0,---,NO PLAY,---,2026-09-16 19:26
HEROIC VERSE,GIGA VIOLATE,EDM-DUBSTYLE,Blacklolita,0,0,0,0,0,---,NO PLAY,---,6,0,0,0,---,NO PLAY,---,8,0,0,0,---,NO PLAY,---,11,0,0,0,---,EX HARD CLEAR,---,0,0,0,0,---,NO PLAY,---,2026-09-16 19:26
HEROIC VERSE,Hold My Hand,MELODIC DANCE MUSIC,BEMANI Sound Team "Sota Fujimori",0,0,0,0,0,---,NO PLAY,---,5,0,0,0,---,NO PLAY,---,8,0,0,0,---,NO PLAY,---,10,0,0,0,---,EX HARD CLEAR,---,0,0,0,0,---,NO PLAY,---,2026-09-16 19:26
HEROIC VERSE,Hyper Drive feat. ぷにぷに電機,DANCE POP,パソコン音楽クラブ,0,0,0,0,0,---,NO PLAY,---,3,0,0,0,---,NO PLAY,---,7,0,0,0,---,NO PLAY,---,9,0,0,0,---,EX HARD CLEAR,---,0,0,0,0,---,NO PLAY,---,2026-09-16 19:26
HEROIC VERSE,If,FUTURE BASS,Pa's Lam System,0,0,0,0,0,---,NO PLAY,---,5,0,0,0,---,NO PLAY,---,8,0,0,0,---,NO PLAY,---,10,0,0,0,---,FULLCOMBO CLEAR,---,0,0,0,0,---,NO PLAY,---,2026-09-16 19:26
HEROIC VERSE,Inferno of Fomalhaut,DJENT STEP,fallen shepherd ft. ricono,0,0,0,0,0,---,NO PLAY,---,6,0,0,0,---,NO PLAY,---,9,0,0,0,---,EX HARD CLEAR,---,12,0,0,0,---,HARD CLEAR,---,0,0,0,0,---,NO PLAY,---,2026-09-16 19:26
HEROIC VERSE,Infinity Mirror,NEO 90's CINEMATIC TECHNO,Dirty Androids,0,0,0,0,0,---,NO PLAY,---,5,0,0,0,---,NO PLAY,---,8,0,0,0,---,NO PLAY,---,10,0,0,0,---,EX HARD CLEAR,---,0,0,0,0,---,NO PLAY,---,2026-09-16 19:26
HEROIC VERSE,Into The Madness,SPOOKY,Yuta Imai,0,0,0,0,0,---,NO PLAY,---,6,0,0,0,---,NO PLAY,---,9,0,0,0,---,NO PLAY,---,11,0,0,0,---,EX HARD CLEAR,---,0,0,0,0,---,NO PLAY,---,2026-09-16 19:26
HEROIC VERSE,LASER CRUSTER (IGNITE REMIX),DRUM & BASS / HYBRID TRAP,Remixed by BEMANI Sound Team "HuΣeR",0,0,0,0,0,---,NO PLAY,---,5,0,0,0,---,NO PLAY,---,8,0,0,0,---,NO PLAY,---,12,0,0,0,---,EX HARD CLEAR,---,0,0,0,0,---,NO PLAY,---,2026-09-16 19:26
HEROIC VERSE,Level 2,BIGBEAT / DUBSTEP,Yamato,0,0,0,0,0,---,NO PLAY,---,5,0,0,0,---,NO PLAY,---,10,0,0,0,---,EX HARD CLEAR,---,12,0,0,0,---,HARD CLEAR,---,0,0,0,0,---,NO PLAY,---,2026-09-16 19:26
HEROIC VERSE,LIGHTNING STRIKES,Hi-GAIN ENERGY,BEMANI Sound Team "HuΣeR",0,0,0,0,0,---,NO PLAY,---,5,0,0,0,---,NO PLAY,---,9,0,0,0,---,NO PLAY,---,12,0,0,0,---,EX HARD CLEAR,---,12,0,0,0,---,HARD CLEAR,---,2026-09-16 19:26
HEROIC VERSE,Like+it!,EUROBEAT,Ryu☆,0,0,0,0,0,---,NO PLAY,---,6,0,0,0,---,NO PLAY,---,9,0,0,0,---,NO PLAY,---,11,0,0,0,---,EX HARD CLEAR,---,0,0,0,0,---,NO PLAY,---,2026-09-16 19:26
HEROIC VERSE,Lords Of The Roundtable,PIANO BEAT MUSIC,DJ Mass MAD Izm* feat.REO,0,0,0,0,0,---,NO PLAY,---,6,0,0,0,---,NO PLAY,---,10,0,0,0,---,NO PLAY,---,12,0,0,0,---,HARD CLEAR,---,0,0,0,0,---,NO PLAY,---,2026-09-16 19:26
HEROIC VERSE,Lost Souls,DARKSTEP,BEMANI Sound Team "SYUNN",0,0,0,0,0,---,NO PLAY,---,4,0,0,0,---,NO PLAY,---,9,0,0,0,---,NO PLAY,---,11,0,0,0,---,EX HARD CLEAR,---,12,0,0,0,---,HARD CLEAR,---,2026-09-16 19:26
HEROIC VERSE,Matt Silver,TECHSTYLE,Remo-con,0,0,0,0,0,---,NO PLAY,---,6,0,0,0,---,NO PLAY,---,9,0,0,0,---,NO PLAY,---,12,0,0,0,---,EX HARD CLEAR,---,0,0,0,0,---,NO PLAY,---,2026-09-16 19:26
HEROIC VERSE,Megalara Garuda,DRUMSTEP,SYUNN,0,0,0,0,0,---,NO PLAY,---,7,0,0,0,---,NO PLAY,---,10,0,0,0,---,NO PLAY,---,12,0,0,0,---,EX HARD CLEAR,---,0,0,0,0,---,NO PLAY,---,2026-09-16 19:26
HEROIC VERSE,Mel,DRUM'N'BASS,Applekid,0,0,0,0,0,---,NO PLAY,---,4,0,0,0,---,NO PLAY,---,7,0,0,0,---,NO PLAY,---,9,0,0,0,---,FULLCOMBO CLEAR,---,0,0,0,0,---,NO PLAY,---,2026-09-16 19:26
HEROIC VERSE,Moving on,PSYCHEDELIC TRANCE,AJURIKA feat.矢吹真央,0,0,0,0,0,---,NO PLAY,---,5,0,0,0,---,NO PLAY,---,8,0,0,0,---,NO PLAY,---,11,0,0,0,---,EX HARD CLEAR,---,0,0,0,0,---,NO PLAY,---,2026-09-16 19:26
HEROIC VERSE,Nasty Techniques,Hi-TECH FULL ON,kors k,0,0,0,0,0,---,NO PLAY,---,5,0,0,0,---,NO PLAY,---,9,0,0,0,---,NO PLAY,---,11,0,0,0,---,FULLCOMBO CLEAR,---,0,0,0,0,---,NO PLAY,---,2026-09-16 19:26
HEROIC VERSE,ORCA,CETACEA HDM,かめりあ,0,0,0,0,0,---,NO PLAY,---,7,0,0,0,---,NO PLAY,---,10,0,0,0,---,FULLCOMBO CLEAR,---,12,0,0,0,---,HARD CLEAR,---,0,0,0,0,---,NO PLAY,---,2026-09-16 19:26
HEROIC VERSE,OUTER PLANETS,EPIC STORY,BEMANI Sound Team "劇団レコード",0,0,0,0,0,---,NO PLAY,---,4,0,0,0,---,NO PLAY,---,7,0,0,0,---,NO PLAY,---,10,0,0,0,---,EX HARD CLEAR,---,0,0,0,0,---,NO PLAY,---,2026-09-16 19:26
HEROIC VERSE,Override,EUPHORIC HARDCORE,Nhato,0,0,0,0,0,---,NO PLAY,---,5,0,0,0,---,NO PLAY,---,8,0,0,0,---,NO PLAY,---,11,0,0,0,---,EX HARD CLEAR,---,12,0,0,0,---,HARD CLEAR,---,2026-09-16 19:26
HEROIC VERSE,PHASE SHIFT MANEUVER,PSYSTYLE,BEMANI Sound Team "L.E.D.",0,0,0,0,0,---,NO PLAY,---,6,0,0,0,---,NO PLAY,---,9,0,0,0,---,NO PLAY,---,11,0,0,0,---,EX HARD CLEAR,---,0,0,0,0,---,NO PLAY,---,2026-09-16 19:26
HEROIC VERSE,Primitive Vibes,TRIBAL FRONTIER,lapix,0,0,0,0,0,---,NO PLAY,---,6,0,0,0,---,NO PLAY,---,9,0,0,0,---,NO PLAY,---,12,0,0,0,---,FULLCOMBO CLEAR,---,0,0,0,0,---,NO PLAY,---,2026-09-16 19:26
HEROIC VERSE,Queen Kaguya,ORBITALIC MOON MIXTURE,BEMANI Sound Team "U1 overground",0,0,0,0,0,---,NO PLAY,---,6,0,0,0,---,NO PLAY,---,9,0,0,0,---,NO PLAY,---,11,0,0,0,---,EX HARD CLEAR,---,0,0,0,0,---,NO PLAY,---,2026-09-16 19:26
HEROIC VERSE,Rainstorm,UPLIFTING TRANCE,Maozon feat. Chica,0,0,0,0,0,---,NO PLAY,---,5,0,0,0,---,NO PLAY,---,8,0,0,0,---,NO PLAY,---,10,0,0,0,---,FULLCOMBO CLEAR,---,0,0,0,0,---,NO PLAY,---,2026-09-16 19:26
HEROIC VERSE,Rave Patroller,FUTURE SKOOL BREAKBEATS HARDCORE,Eagle,0,0,0,0,0,---,NO PLAY,---,7,0,0,0,---,NO PLAY,---,10,0,0,0,---,NO PLAY,---,12,0,0,0,---,EX HARD CLEAR,---,0,0,0,0,---,NO PLAY,---,2026-09-16 19:26
HEROIC VERSE,rough percussionythm,HARD D&B,BEMANI Sound Team "setup VS 謎の勢力",0,0,0,0,0,---,NO PLAY,---,6,0,0,0,---,NO PLAY,---,9,0,0,0,---,NO PLAY,---,11,0,0,0,---,EX HARD CLEAR,---,0,0,0,0,---,NO PLAY,---,2026-09-16 19:26
HEROIC VERSE,S!ck (Nhato Remix),HARDCORE,Remixed by Nhato,0,0,0,0,0,---,NO PLAY,---,6,0,0,0,---,NO PLAY,---,9,0,0,0,---,NO PLAY,---,11,0,0,0,---,EX HARD CLEAR,---,0,0,0,0,---,NO PLAY,---,2026-09-16 19:26
HEROIC VERSE,SCREW // owo // SCREW,TWERKCORE // uwu // BEATJUGGLE,かめりあ,0,0,0,0,0,---,NO PLAY,---,6,0,0,0,---,NO PLAY,---,9,0,0,0,---,EX HARD CLEAR,---,12,0,0,0,---,HARD CLEAR,---,0,0,0,0,---,NO PLAY,---,2026-09-16 19:26
HEROIC VERSE,Shiva,HARD PSY,Relect,0,0,0,0,0,---,NO PLAY,---,4,0,0,0,---,NO PLAY,---,8,0,0,0,---,NO PLAY,---,11,0,0,0,---,EX HARD CLEAR,---,0,0,0,0,---,NO PLAY,---,2026-09-16 19:26
HEROIC VERSE,Silly Love,ELECTRO NU DISCO,DE DE MOUSE,0,0,0,0,0,---,NO PLAY,---,4,0,0,0,---,NO PLAY,---,8,0,0,0,---,NO PLAY,---,10,0,0,0,---,EX HARD CLEAR,---,0,0,0,0,---,NO PLAY,---,2026-09-16 19:26
HEROIC VERSE,Ska-sh All Neurons!!,A-STYLE NEURO+"スカ"+FUNK DRUMSTEP,かめりあ feat. ななひら,0,0,0,0,0,---,NO PLAY,---,4,0,0,0,---,NO PLAY,---,7,0,0,0,---,NO PLAY,---,10,0,0,0,---,FULLCOMBO CLEAR,---,0,0,0,0,---,NO PLAY,---,2026-09-16 19:26
HEROIC VERSE,Smashing Wedge,HARDCORE,nora2r,0,0,0,0,0,---,NO PLAY,---,5,0,0,0,---,NO PLAY,---,10,0,0,0,---,NO PLAY,---,12,0,0,0,---,HARD CLEAR,---,0,0,0,0,---,NO PLAY,---,2026-09-16 19:26
HEROIC VERSE,Sparkle Smilin',TWINKLE POP,BEMANI Sound Team "Qrispy Joybox" feat.いちか,0,0,0,0,0,---,NO PLAY,---,4,0,0,0,---,NO PLAY,---,8,0,0,0,---,NO PLAY,---,11,0,0,0,---,EX HARD CLEAR,---,0,0,0,0,---,NO PLAY,---,2026-09-16 19:26
HEROIC VERSE,STOIC HYPOTHESIS,RIDDIM CORE,BEMANI Sound Team "Expander",0,0,0,0,0,---,NO PLAY,---,6,0,0,0,---,NO PLAY,---,9,0,0,0,---,NO PLAY,---,11,0,0,0,---,EX HARD CLEAR,---,0,0,0,0,---,NO PLAY,---,2026-09-16 19:26
HEROIC VERSE,Sugar Drippin',GARAGE,kors k,0,0,0,0,0,---,NO PLAY,---,4,0,0,0,---,NO PLAY,---,7,0,0,0,---,FULLCOMBO CLEAR,---,10,0,0,0,---,FULLCOMBO CLEAR,---,0,0,0,0,---,NO PLAY,---,2026-09-16 19:26
HEROIC VERSE,T-REX vs Velociraptor (In the Far east euphoria),RAVECORE,RoughSketch & TARACHINE,0,0,0,0,0,---,NO PLAY,---,7,0,0,0,---,NO PLAY,---,9,0,0,0,---,FULLCOMBO CLEAR,---,12,0,0,0,---,EX HARD CLEAR,---,0,0,0,0,---,NO PLAY,---,2026-09-16 19:26
HEROIC VERSE,take me higher,FUTURE JERSEY,KOTONOHOUSE,0,0,0,0,0,---,NO PLAY,---,4,0,0,0,---,NO PLAY,---,8,0,0,0,---,NO PLAY,---,10,0,0,0,---,EX HARD CLEAR,---,0,0,0,0,---,NO PLAY,---,2026-09-16 19:26
HEROIC VERSE,TECHNO Style Essentials,TECHNO,BEMANI Sound Team "SETUP from Berlin",0,0,0,0,0,---,NO PLAY,---,6,0,0,0,---,NO PLAY,---,9,0,0,0,---,NO PLAY,---,12,0,0,0,---,EX HARD CLEAR,---,0,0,0,0,---,NO PLAY,---,2026-09-16 19:26
HEROIC VERSE,THE BRAVE MUST DIE,HARDCORE,BEMANI Sound Team "L.E.D.-G",0,0,0,0,0,---,NO PLAY,---,6,0,0,0,---,NO PLAY,---,10,0,0,0,---,NO PLAY,---,12,0,0,0,---,HARD CLEAR,---,0,0,0,0,---,NO PLAY,---,2026-09-16 19:26
HEROIC VERSE,THE F∀UST,PIERROT CORE,Masqed Pierrot,0,0,0,0,0,---,NO PLAY,---,7,0,0,0,---,NO PLAY,---,10,0,0,0,---,NO PLAY,---,12,0,0,0,---,HARD CLEAR,---,0,0,0,0,---,NO PLAY,---,2026-09-16 19:26
HEROIC VERSE,The Sky of Sadness,WORLD/CONTEMPORARY,猫叉Master,0,0,0,0,0,---,NO PLAY,---,5,0,0,0,---,NO PLAY,---,8,0,0,0,---,NO PLAY,---,11,0,0,0,---,EX HARD CLEAR,---,0,0,0,0,---,NO PLAY,---,2026-09-16 19:26
HEROIC VERSE,Theory,TRAP,YUTO,0,0,0,0,0,---,NO PLAY,---,5,0,0,0,---,NO PLAY,---,8,0,0,0,---,NO PLAY,---,11,0,0,0,---,HARD CLEAR,---,0,0,0,0,---,NO PLAY,---,2026-09-16 19:26
HEROIC VERSE,TRIUMPH,UK HARDCORE,AJURIKA,0,0,0,0,0,---,NO PLAY,---,6,0,0,0,---,NO PLAY,---,9,0,0,0,---,EX HARD CLEAR,---,12,0,0,0,---,EX HARD CLEAR,---,0,0,0,0,---,NO PLAY,---,2026-09-16 19:26
HEROIC VERSE,UNITE THE HEART,DANCE POP DUET,BEMANI Sound Team "T.Kakuta" feat. 709sec. / 花たん,0,0,0,0,0,---,NO PLAY,---,7,0,0,0,---,NO PLAY,---,10,0,0,0,---,EX HARD CLEAR,---,11,0,0,0,---,FULLCOMBO CLEAR,---,0,0,0,0,---,NO PLAY,---,2026-09-16 19:26
HEROIC VERSE,VALKYRIAS -英雄誕生-,HEROIC VALHALLA ROCK,BEMANI Sound Team "HuΣeR" feat.Fernweh,0,0,0,0,0,---,NO PLAY,---,6,0,0,0,---,NO PLAY,---,9,0,0,0,---,FULLCOMBO CLEAR,---,11,0,0,0,---,EX HARD CLEAR,---,0,0,0,0,---,NO PLAY,---,2026-09-16 19:26
HEROIC VERSE,VIBRΛ,EMO STEP,Nhato Vs. MK,0,0,0,0,0,---,NO PLAY,---,5,0,0,0,---,NO PLAY,---,8,0,0,0,---,NO PLAY,---,10,0,0,0,---,EX HARD CLEAR,---,0,0,0,0,---,NO PLAY,---,2026-09-16 19:26
HEROIC VERSE,Vinculum stellarum,ANTHEM TRANCE,iconoclasm,0,0,0,0,0,---,NO PLAY,---,5,0,0,0,---,NO PLAY,---,10,0,0,0,---,NO PLAY,---,12,0,0,0,---,EX HARD CLEAR,---,0,0,0,0,---,NO PLAY,---,2026-09-16 19:26
HEROIC VERSE,Virus Funk,PROGRESSIVE DISCO,Nhato,0,0,0,0,0,---,NO PLAY,---,5,0,0,0,---,NO PLAY,---,7,0,0,0,---,NO PLAY,---,10,0,0,0,---,EX HARD CLEAR,---,0,0,0,0,---,NO PLAY,---,2026-09-16 19:26
HEROIC VERSE,Volcanic Dragon,HARDCORE RAVE,DJ Shimamura,0,0,0,0,0,---,NO PLAY,---,6,0,0,0,---,NO PLAY,---,8,0,0,0,---,NO PLAY,---,11,0,0,0,---,EX HARD CLEAR,---,0,0,0,0,---,NO PLAY,---,2026-09-16 19:26
HEROIC VERSE,Voo Doo Bamboleo,TRIBAL DANCE,SOUND HOLIC Vs. ZYTOKINE feat. CALEN,0,0,0,0,0,---,NO PLAY,---,5,0,0,0,---,NO PLAY,---,7,0,0,0,---,NO PLAY,---,10,0,0,0,---,EX HARD CLEAR,---,0,0,0,0,---,NO PLAY,---,2026-09-16 19:26
HEROIC VERSE,Ypsilon,HARD STACC,BEMANI Sound Team "setup",0,0,0,0,0,---,NO PLAY,---,6,0,0,0,---,NO PLAY,---,9,0,0,0,---,NO PLAY,---,11,0,0,0,---,EX HARD CLEAR,---,12,0,0,0,---,EX HARD CLEAR,---,2026-09-16 19:26
HEROIC VERSE,がっつり陰キャ!? 怪盗いいんちょの億劫^^;,Hi-メランコリックコア,噂の怪盗少女ぷらずま★彡Prim@休業中～( _ _ ).。,0,0,0,0,0,---,NO PLAY,---,7,0,0,0,---,NO PLAY,---,10,0,0,0,---,EX HARD CLEAR,---,12,0,0,0,---,HARD CLEAR,---,0,0,0,0,---,NO PLAY,---,2026-09-16 19:26
HEROIC VERSE,シャムシールの舞,バトルダンス,Zektbach,0,0,0,0,0,---,NO PLAY,---,4,0,0,0,---,NO PLAY,---,8,0,0,0,---,NO PLAY,---,11,0,0,0,---,EX HARD CLEAR,---,0,0,0,0,---,NO PLAY,---,2026-09-16 19:26
HEROIC VERSE,セピアの軌跡 ft. 天宮みや(少女フラクタル),MS J TRANCE POP,Xceon,0,0,0,0,0,---,NO PLAY,---,4,0,0,0,---,NO PLAY,---,7,0,0,0,---,NO PLAY,---,10,0,0,0,---,EX HARD CLEAR,---,0,0,0,0,---,NO PLAY,---,2026-09-16 19:26
HEROIC VERSE,バッドエンド・シンドローム,PIANO CHRONICLE,アリスシャッハと魔法の楽団,0,0,0,0,0,---,NO PLAY,---,5,0,0,0,---,NO PLAY,---,9,0,0,0,---,NO PLAY,---,11,0,0,0,---,EX HARD CLEAR,---,0,0,0,0,---,NO PLAY,---,2026-09-16 19:26
HEROIC VERSE,ピアノ協奏曲第1番”蠍火” (BlackY Remix),PDM,Remixed by BlackY,0,0,0,0,0,---,NO PLAY,---,6,0,0,0,---,NO PLAY,---,10,0,0,0,---,FULLCOMBO CLEAR,---,12,0,0,0,---,HARD CLEAR,---,0,0,0,0,---,NO PLAY,---,2026-09-16 19:26
HEROIC VERSE,ラブキラ☆スプラッシュ,HYPER POP,BEMANI Sound Team "Sota F." feat.いちか,0,0,0,0,0,---,NO PLAY,---,5,0,0,0,---,NO PLAY,---,8,0,0,0,---,NO PLAY,---,10,0,0,0,---,FULLCOMBO CLEAR,---,0,0,0,0,---,NO PLAY,---,2026-09-16 19:26
HEROIC VERSE,ランカーキラーガール,KILLER PUNK,中島由貴 × いちか,0,0,0,0,0,---,NO PLAY,---,6,0,0,0,---,NO PLAY,---,9,0,0,0,---,FULLCOMBO CLEAR,---,11,0,0,0,---,EX HARD CLEAR,---,0,0,0,0,---,NO PLAY,---,2026-09-16 19:26
HEROIC VERSE,曼荼羅恋々,GOTHIC CORE,BEMANI Sound Team "Akhuta Works" feat. Nana Takahashi,0,0,0,0,0,---,NO PLAY,---,6,0,0,0,---,NO PLAY,---,9,0,0,0,---,NO PLAY,---,11,0,0,0,---,EX HARD CLEAR,---,0,0,0,0,---,NO PLAY,---,2026-09-16 19:26
HEROIC VERSE,深淵に捧ぐレクイエム,CYBER REQUIEM,OSTER project,0,0,0,0,0,---,NO PLAY,---,5,0,0,0,---,NO PLAY,---,9,0,0,0,---,NO PLAY,---,12,0,0,0,---,EX HARD CLEAR,---,0,0,0,0,---,NO PLAY,---,2026-09-16 19:26
HEROIC VERSE,灼熱Beach Side Bunny (Masayoshi Iimori Remix),NRG,Remixed by Masayoshi Iimori,0,0,0,0,0,---,NO PLAY,---,4,0,0,0,---,NO PLAY,---,7,0,0,0,---,ASSIST CLEAR,---,10,0,0,0,---,EX HARD CLEAR,---,0,0,0,0,---,NO PLAY,---,2026-09-16 19:26
HEROIC VERSE,狂水一華,STYLISH CROSSOVER,BEMANI Sound Team "HuΣeR Vs. SYUNN" feat.いちか,0,0,0,0,0,---,NO PLAY,---,5,0,0,0,---,NO PLAY,---,9,0,0,0,---,FULLCOMBO CLEAR,---,11,0,0,0,---,EX HARD CLEAR,---,0,0,0,0,---,NO PLAY,---,2026-09-16 19:26
HEROIC VERSE,眠りの国のステラ,空想ファンタジーシリーズ,BEMANI Sound Team "DJ TOTTO",0,0,0,0,0,---,NO PLAY,---,6,0,0,0,---,NO PLAY,---,9,0,0,0,---,NO PLAY,---,11,0,0,0,---,EX HARD CLEAR,---,0,0,0,0,---,NO PLAY,---,2026-09-16 19:26
HEROIC VERSE,華麗なる大犬円舞曲,CINEMATIC VALSE,Wiktoria,0,0,0,0,0,---,NO PLAY,---,7,0,0,0,---,NO PLAY,---,10,0,0,0,---,EX HARD CLEAR,---,12,0,0,0,---,EX HARD CLEAR,---,0,0,0,0,---,NO PLAY,---,2026-09-16 19:26
HEROIC VERSE,錬成人間トリコロイダー,特撮ハードコア,DJ SHARPNEL feat. ￥Ｃｕスタ平,0,0,0,0,0,---,NO PLAY,---,5,0,0,0,---,NO PLAY,---,8,0,0,0,---,NO PLAY,---,11,0,0,0,---,EX HARD CLEAR,---,0,0,0,0,---,NO PLAY,---,2026-09-16 19:26
HEROIC VERSE,開きたまえ！Next stAge！,CHARACTER SONG,librarians of Rootage (Ripnte， Stampa and Cleep),0,0,0,0,0,---,NO PLAY,---,5,0,0,0,---,NO PLAY,---,10,0,0,0,---,NO PLAY,---,11,0,0,0,---,HARD CLEAR,---,0,0,0,0,---,NO PLAY,---,2026-09-16 19:26
HEROIC VERSE,魅惑のYUMMYスイーツ,TWINKLE POP,BEMANI Sound Team "TATSUYA",0,0,0,0,0,---,NO PLAY,---,5,0,0,0,---,NO PLAY,---,9,0,0,0,---,EX HARD CLEAR,---,12,0,0,0,---,HARD CLEAR,---,0,0,0,0,---,NO PLAY,---,2026-09-16 19:26
BISTROVER,-65℃,WHITE OUT,BEMANI Sound Team "D.J.Amuro",0,0,0,0,0,---,NO PLAY,---,7,0,0,0,---,NO PLAY,---,10,0,0,0,---,NO PLAY,---,12,0,0,0,---,HARD CLEAR,---,0,0,0,0,---,NO PLAY,---,2026-09-16 19:26
BISTROVER,ABSOLUTE (kors k Remix),IIDX ANTHEM REVIVAL,Remixed by kors k,0,0,0,0,0,---,NO PLAY,---,5,0,0,0,---,NO PLAY,---,8,0,0,0,---,NO PLAY,---,11,0,0,0,---,EX HARD CLEAR,---,0,0,0,0,---,NO PLAY,---,2026-09-16 19:26
BISTROVER,Ah Hah Yeah,UPTEMPO RAW,Masayoshi Iimori,0,0,0,0,0,---,NO PLAY,---,4,0,0,0,---,NO PLAY,---,8,0,0,0,---,NO PLAY,---,11,0,0,0,---,EX HARD CLEAR,---,0,0,0,0,---,NO PLAY,---,2026-09-16 19:26
BISTROVER,AMRITA -不滅ノ花-,ORIENTAL TRANCE,SOUND HOLIC feat. Nana Takahashi,0,0,0,0,0,---,NO PLAY,---,4,0,0,0,---,NO PLAY,---,8,0,0,0,---,FULLCOMBO CLEAR,---,11,0,0,0,---,EX HARD CLEAR,---,0,0,0,0,---,NO PLAY,---,2026-09-16 19:26
BISTROVER,apo:llioth,HARDCORE,Juggernaut.,0,0,0,0,0,---,NO PLAY,---,5,0,0,0,---,NO PLAY,---,9,0,0,0,---,FULLCOMBO CLEAR,---,11,0,0,0,---,EX HARD CLEAR,---,0,0,0,0,---,NO PLAY,---,2026-09-16 19:26
BISTROVER,As You Want,CYBER LIQUID FUNK,Maozon,0,0,0,0,0,---,NO PLAY,---,4,0,0,0,---,NO PLAY,---,8,0,0,0,---,NO PLAY,---,10,0,0,0,---,FULLCOMBO CLEAR,---,0,0,0,0,---,NO PLAY,---,2026-09-16 19:26
BISTROVER,ASIAN VIRTUAL REALITIES (MELTING TOGETHER IN DAZZLING DARKNESS),BIG BEAT,かめりあ,0,0,0,0,0,---,NO PLAY,---,5,0,0,0,---,NO PLAY,---,9,0,0,0,---,NO PLAY,---,12,0,0,0,---,EX HARD CLEAR,---,0,0,0,0,---,NO PLAY,---,2026-09-16 19:26
BISTROVER,BEMANI PRO LEAGUE Theme,BPL EDM,BEMANI Sound Team "Sota F.",0,0,0,0,0,---,NO PLAY,---,5,0,0,0,---,NO PLAY,---,7,0,0,0,---,NO PLAY,---,9,0,0,0,---,EX HARD CLEAR,---,0,0,0,0,---,NO PLAY,---,2026-09-16 19:26
BISTROVER,BIGソムタム,DRUM STEP,AJURIKA,0,0,0,0,0,---,NO PLAY,---,7,0,0,0,---,EX HARD CLEAR,---,10,0,0,0,---,EX HARD CLEAR,---,12,0,0,0,---,EX HARD CLEAR,---,0,0,0,0,---,NO PLAY,---,2026-09-16 19:26
BISTROVER,BLACK or WHITE?,SYMPHONIC SPEED SCHRANZ,BlackYooh vs. siromaru,0,0,0,0,0,---,NO PLAY,---,7,0,0,0,---,NO PLAY,---,10,0,0,0,---,FULLCOMBO CLEAR,---,12,0,0,0,---,HARD CLEAR,---,0,0,0,0,---,NO PLAY,---,2026-09-16 19:26
BISTROVER,Burning Flame,HYPER TECHNO,AJURIKA feat.SAK.,0,0,0,0,0,---,NO PLAY,---,6,0,0,0,---,NO PLAY,---,9,0,0,0,---,NO PLAY,---,11,0,0,0,---,EX HARD CLEAR,---,12,0,0,0,---,HARD CLEAR,---,2026-09-16 19:26
BISTROVER,Chewingood!!!,CHIP RAVE,TORIENA,0,0,0,0,0,---,NO PLAY,---,4,0,0,0,---,NO PLAY,---,7,0,0,0,---,NO PLAY,---,10,0,0,0,---,FULLCOMBO CLEAR,---,0,0,0,0,---,NO PLAY,---,2026-09-16 19:26
BISTROVER,COSMIC RAY,BIGCORE,BEMANI Sound Team "Captain Sonic",0,0,0,0,0,---,NO PLAY,---,7,0,0,0,---,NO PLAY,---,10,0,0,0,---,NO PLAY,---,12,0,0,0,---,HARD CLEAR,---,0,0,0,0,---,NO PLAY,---,2026-09-16 19:26
BISTROVER,Crazy Jackpot,UK HARDCORE,Hommarju,0,0,0,0,0,---,NO PLAY,---,5,0,0,0,---,NO PLAY,---,9,0,0,0,---,NO PLAY,---,11,0,0,0,---,EX HARD CLEAR,---,0,0,0,0,---,NO PLAY,---,2026-09-16 19:26
BISTROVER,Danza Aestas,CONTEMPORARY SALSA,Feryquitous,0,0,0,0,0,---,NO PLAY,---,5,0,0,0,---,NO PLAY,---,8,0,0,0,---,NO PLAY,---,11,0,0,0,---,FULLCOMBO CLEAR,---,0,0,0,0,---,NO PLAY,---,2026-09-16 19:26
BISTROVER,Dawn Saga,CELTIC TRANCE STEP,Nhato,0,0,0,0,0,---,NO PLAY,---,5,0,0,0,---,NO PLAY,---,9,0,0,0,---,EX HARD CLEAR,---,12,0,0,0,---,EX HARD CLEAR,---,0,0,0,0,---,NO PLAY,---,2026-09-16 19:26
BISTROVER,DENIM,TECHNO,SLAKE,0,0,0,0,0,---,NO PLAY,---,4,0,0,0,---,NO PLAY,---,10,0,0,0,---,NO PLAY,---,11,0,0,0,---,FULLCOMBO CLEAR,---,0,0,0,0,---,NO PLAY,---,2026-09-16 19:26
BISTROVER,Don't Stop The Music feat. Kanae Asaba,ELECTRO FUNK,Nhato,0,0,0,0,0,---,NO PLAY,---,3,0,0,0,---,NO PLAY,---,6,0,0,0,---,NO PLAY,---,9,0,0,0,---,EX HARD CLEAR,---,0,0,0,0,---,NO PLAY,---,2026-09-16 19:26
BISTROVER,DUAL STRIKER,IIDX SOUNDS,Mayumi Morinaga，Fernweh by BEMANI Sound Team "L.E.D. & HuΣeR",0,0,0,0,0,---,NO PLAY,---,6,0,0,0,---,NO PLAY,---,10,0,0,0,---,EX HARD CLEAR,---,12,0,0,0,---,HARD CLEAR,---,0,0,0,0,---,NO PLAY,---,2026-09-16 19:26
BISTROVER,Empire of Fury,JUNGLE TERROR,kors k,0,0,0,0,0,---,NO PLAY,---,7,0,0,0,---,NO PLAY,---,10,0,0,0,---,EX HARD CLEAR,---,12,0,0,0,---,EX HARD CLEAR,---,0,0,0,0,---,NO PLAY,---,2026-09-16 19:26
BISTROVER,Euphoric Lagoon,J-DANCE FUSION,BEMANI Sound Team "TAG",0,0,0,0,0,---,NO PLAY,---,5,0,0,0,---,NO PLAY,---,8,0,0,0,---,NO PLAY,---,10,0,0,0,---,EX HARD CLEAR,---,0,0,0,0,---,NO PLAY,---,2026-09-16 19:26
BISTROVER,Explorer feat. ぷにぷに電機,DANCE POP,パソコン音楽クラブ,0,0,0,0,0,---,NO PLAY,---,5,0,0,0,---,NO PLAY,---,7,0,0,0,---,NO PLAY,---,10,0,0,0,---,EX HARD CLEAR,---,11,0,0,0,---,FULLCOMBO CLEAR,---,2026-09-16 19:26
BISTROVER,Farewell to Marrakech,MOROCCAN CROSSOVER,Dirty Androids,0,0,0,0,0,---,NO PLAY,---,5,0,0,0,---,NO PLAY,---,8,0,0,0,---,NO PLAY,---,11,0,0,0,---,EX HARD CLEAR,---,0,0,0,0,---,NO PLAY,---,2026-09-16 19:26
BISTROVER,Fire Beat,EXPERIMENTAL EUROBEAT,kors k,0,0,0,0,0,---,NO PLAY,---,6,0,0,0,---,NO PLAY,---,10,0,0,0,---,NO PLAY,---,12,0,0,0,---,EX HARD CLEAR,---,0,0,0,0,---,NO PLAY,---,2026-09-16 19:26
BISTROVER,Frisk And Squeak,MAKINA,nora2r,0,0,0,0,0,---,NO PLAY,---,4,0,0,0,---,NO PLAY,---,8,0,0,0,---,NO PLAY,---,10,0,0,0,---,EX HARD CLEAR,---,0,0,0,0,---,NO PLAY,---,2026-09-16 19:26
BISTROVER,GIGA RAID,NEO RUSSIAN FUTURE,Blacklolita,0,0,0,0,0,---,NO PLAY,---,5,0,0,0,---,NO PLAY,---,9,0,0,0,---,NO PLAY,---,11,0,0,0,---,EX HARD CLEAR,---,0,0,0,0,---,NO PLAY,---,2026-09-16 19:26
BISTROVER,Globe Glitter,RAVE STEP,Sana，ATSUMI UEDA by BEMANI Sound Team "PON",0,0,0,0,0,---,NO PLAY,---,5,0,0,0,---,NO PLAY,---,8,0,0,0,---,NO PLAY,---,11,0,0,0,---,EX HARD CLEAR,---,0,0,0,0,---,NO PLAY,---,2026-09-16 19:26
BISTROVER,Here We Are,J-CORE,The 4th feat.ここなつ,0,0,0,0,0,---,NO PLAY,---,5,0,0,0,---,NO PLAY,---,8,0,0,0,---,NO PLAY,---,10,0,0,0,---,EX HARD CLEAR,---,0,0,0,0,---,NO PLAY,---,2026-09-16 19:26
BISTROVER,HIGH VOLTAGE,HARDSTYLE,Yuta Imai,0,0,0,0,0,---,NO PLAY,---,4,0,0,0,---,NO PLAY,---,7,0,0,0,---,NO PLAY,---,10,0,0,0,---,EX HARD CLEAR,---,0,0,0,0,---,NO PLAY,---,2026-09-16 19:26
BISTROVER,Ignis†Irae,X,BEMANI Sound Team "神",0,0,0,0,0,---,NO PLAY,---,6,0,0,0,---,NO PLAY,---,10,0,0,0,---,NO PLAY,---,12,0,0,0,---,HARD CLEAR,---,0,0,0,0,---,NO PLAY,---,2026-09-16 19:26
BISTROVER,IIDX RED Ending (Ryu☆Remix),CAPTIVATE,Remixed by Ryu☆,0,0,0,0,0,---,NO PLAY,---,4,0,0,0,---,NO PLAY,---,8,0,0,0,---,NO PLAY,---,10,0,0,0,---,EX HARD CLEAR,---,0,0,0,0,---,NO PLAY,---,2026-09-16 19:26
BISTROVER,innocent revolver,BIGBAND JAZZ,OSTER project,0,0,0,0,0,---,NO PLAY,---,6,0,0,0,---,NO PLAY,---,10,0,0,0,---,NO PLAY,---,12,0,0,0,---,EX HARD CLEAR,---,0,0,0,0,---,NO PLAY,---,2026-09-16 19:26
BISTROVER,Jungle Eater,DRUMSTEP / RAGGATEK,Hommarju,0,0,0,0,0,---,NO PLAY,---,5,0,0,0,---,NO PLAY,---,9,0,0,0,---,NO PLAY,---,11,0,0,0,---,EX HARD CLEAR,---,0,0,0,0,---,NO PLAY,---,2026-09-16 19:26
BISTROVER,LAST DAY,PSYCHEDELIC TRANCE,AJURIKA,0,0,0,0,0,---,NO PLAY,---,6,0,0,0,---,NO PLAY,---,9,0,0,0,---,NO PLAY,---,11,0,0,0,---,EX HARD CLEAR,---,0,0,0,0,---,NO PLAY,---,2026-09-16 19:26
BISTROVER,Level 3,DRUMSTEP / DnB,Yamato,0,0,0,0,0,---,NO PLAY,---,6,0,0,0,---,NO PLAY,---,10,0,0,0,---,NO PLAY,---,12,0,0,0,---,HARD CLEAR,---,0,0,0,0,---,NO PLAY,---,2026-09-16 19:26
BISTROVER,LOCUS OF THE TRAVEL,HAPPY BISTRO CORE,CANVAS feat. Quimar & BEMANI Sound Team "L.E.D.-G",0,0,0,0,0,---,NO PLAY,---,6,0,0,0,---,NO PLAY,---,10,0,0,0,---,HARD CLEAR,---,12,0,0,0,---,HARD CLEAR,---,0,0,0,0,---,NO PLAY,---,2026-09-16 19:26
BISTROVER,Lovely Howdy Cowboy!!,HAPPY COUNTRY CORE,まろん feat. キャサリン,0,0,0,0,0,---,NO PLAY,---,6,0,0,0,---,NO PLAY,---,9,0,0,0,---,NO PLAY,---,11,0,0,0,---,EX HARD CLEAR,---,0,0,0,0,---,NO PLAY,---,2026-09-16 19:26
BISTROVER,MA・TSU・RI,JAPANESQUE,かなたん，アマギセーラ，ぁゅ by BEMANI Sound Team "藤森崇多",0,0,0,0,0,---,NO PLAY,---,5,0,0,0,---,NO PLAY,---,9,0,0,0,---,NO PLAY,---,11,0,0,0,---,EX HARD CLEAR,---,0,0,0,0,---,NO PLAY,---,2026-09-16 19:26
BISTROVER,MEGAERA,BULGARIAN CORE,fallen shepherd × cotowari ft. nayuta,0,0,0,0,0,---,NO PLAY,---,7,0,0,0,---,NO PLAY,---,10,0,0,0,---,NO PLAY,---,12,0,0,0,---,HARD CLEAR,---,0,0,0,0,---,NO PLAY,---,2026-09-16 19:26
BISTROVER,Midnight Drive,HIP HOP,らっぷびと Prod. by uno,0,0,0,0,0,---,NO PLAY,---,3,0,0,0,---,NO PLAY,---,8,0,0,0,---,NO PLAY,---,10,0,0,0,---,EX HARD CLEAR,---,0,0,0,0,---,NO PLAY,---,2026-09-16 19:26
BISTROVER,Neo Heritage,HDM,kors k vs MAD CHILD,0,0,0,0,0,---,NO PLAY,---,5,0,0,0,---,NO PLAY,---,9,0,0,0,---,FULLCOMBO CLEAR,---,11,0,0,0,---,EX HARD CLEAR,---,0,0,0,0,---,NO PLAY,---,2026-09-16 19:26
BISTROVER,Ocean Blue feat. Luschel,HiTECH FUSION,lapix,0,0,0,0,0,---,NO PLAY,---,4,0,0,0,---,NO PLAY,---,7,0,0,0,---,NO PLAY,---,10,0,0,0,---,FULLCOMBO CLEAR,---,0,0,0,0,---,NO PLAY,---,2026-09-16 19:26
BISTROVER,of the first magnitude,TRANCE,BEMANI Sound Team "Trance Liquid",0,0,0,0,0,---,NO PLAY,---,5,0,0,0,---,NO PLAY,---,9,0,0,0,---,NO PLAY,---,11,0,0,0,---,EX HARD CLEAR,---,0,0,0,0,---,NO PLAY,---,2026-09-16 19:26
BISTROVER,OTOKOZAKA,OLD FASHIONED,BEMANI Sound Team "Trance Liquid",0,0,0,0,0,---,NO PLAY,---,5,0,0,0,---,NO PLAY,---,9,0,0,0,---,NO PLAY,---,12,0,0,0,---,EX HARD CLEAR,---,0,0,0,0,---,NO PLAY,---,2026-09-16 19:26
BISTROVER,Overslept,DRUM'N'BASS,PARKGOLF,0,0,0,0,0,---,NO PLAY,---,6,0,0,0,---,NO PLAY,---,9,0,0,0,---,NO PLAY,---,11,0,0,0,---,FULLCOMBO CLEAR,---,0,0,0,0,---,NO PLAY,---,2026-09-16 19:26
BISTROVER,Para siempre,MEXICAN DRUMSTEP,削除 feat. 削除,0,0,0,0,0,---,NO PLAY,---,5,0,0,0,---,NO PLAY,---,8,0,0,0,---,NO PLAY,---,11,0,0,0,---,EX HARD CLEAR,---,0,0,0,0,---,NO PLAY,---,2026-09-16 19:26
BISTROVER,Parvati,ORBITALIC WORLD MUSIC,BEMANI Sound Team "U1 overground",0,0,0,0,0,---,NO PLAY,---,5,0,0,0,---,NO PLAY,---,9,0,0,0,---,NO PLAY,---,12,0,0,0,---,EX HARD CLEAR,---,0,0,0,0,---,NO PLAY,---,2026-09-16 19:26
BISTROVER,POLKAMANIA,ポルカ2020,かめりあ feat. ななひら,0,0,0,0,0,---,NO PLAY,---,6,0,0,0,---,NO PLAY,---,9,0,0,0,---,NO PLAY,---,11,0,0,0,---,EX HARD CLEAR,---,12,0,0,0,---,EX HARD CLEAR,---,2026-09-16 19:26
BISTROVER,Rejection Girl,STYLISH FUTURE,BEMANI Sound Team "HuΣeR",0,0,0,0,0,---,NO PLAY,---,5,0,0,0,---,NO PLAY,---,9,0,0,0,---,NO PLAY,---,11,0,0,0,---,EX HARD CLEAR,---,0,0,0,0,---,NO PLAY,---,2026-09-16 19:26
BISTROVER,Ritual of Anubis,ARABIC HARD RITUAL,KO3 & Relect,0,0,0,0,0,---,NO PLAY,---,6,0,0,0,---,NO PLAY,---,9,0,0,0,---,NO PLAY,---,11,0,0,0,---,FULLCOMBO CLEAR,---,0,0,0,0,---,NO PLAY,---,2026-09-16 19:26
BISTROVER,Romanticが止まらない,IIDX EDITION,Remixed by BEMANI Sound Team "L.E.D." & IOSYS,0,0,0,0,0,---,NO PLAY,---,5,0,0,0,---,NO PLAY,---,8,0,0,0,---,NO PLAY,---,11,0,0,0,---,EX HARD CLEAR,---,0,0,0,0,---,NO PLAY,---,2026-09-16 19:26
BISTROVER,rommmo,BREAKCORE,callasoiled,0,0,0,0,0,---,NO PLAY,---,6,0,0,0,---,NO PLAY,---,9,0,0,0,---,NO PLAY,---,11,0,0,0,---,EX HARD CLEAR,---,0,0,0,0,---,NO PLAY,---,2026-09-16 19:26
BISTROVER,Rosa azuL,HARD LATIN,lapix,0,0,0,0,0,---,NO PLAY,---,5,0,0,0,---,NO PLAY,---,9,0,0,0,---,NO PLAY,---,11,0,0,0,---,EX HARD CLEAR,---,0,0,0,0,---,NO PLAY,---,2026-09-16 19:26
BISTROVER,Rowdy,DUBSTEP,Dazsta,0,0,0,0,0,---,NO PLAY,---,5,0,0,0,---,NO PLAY,---,8,0,0,0,---,NO PLAY,---,11,0,0,0,---,FULLCOMBO CLEAR,---,0,0,0,0,---,NO PLAY,---,2026-09-16 19:26
BISTROVER,Rubrum Piano,ACID LATIN JAZZ,Xceon,0,0,0,0,0,---,NO PLAY,---,5,0,0,0,---,NO PLAY,---,9,0,0,0,---,NO PLAY,---,12,0,0,0,---,EX HARD CLEAR,---,0,0,0,0,---,NO PLAY,---,2026-09-16 19:26
BISTROVER,S-Bahn,DARK TECHNO,BEMANI Sound Team "DARK TRAIN",0,0,0,0,0,---,NO PLAY,---,5,0,0,0,---,NO PLAY,---,7,0,0,0,---,NO PLAY,---,9,0,0,0,---,EX HARD CLEAR,---,0,0,0,0,---,NO PLAY,---,2026-09-16 19:26
BISTROVER,Sinus Iridum,KAMIKURA,神楽改,0,0,0,0,0,---,NO PLAY,---,7,0,0,0,---,NO PLAY,---,11,0,0,0,---,EX HARD CLEAR,---,12,0,0,0,---,CLEAR,---,0,0,0,0,---,NO PLAY,---,2026-09-16 19:26
BISTROVER,smooooch・∀・ (Snail's House Remix),CANDY RAVE BASS,Remixed by Snail's House,0,0,0,0,0,---,NO PLAY,---,5,0,0,0,---,NO PLAY,---,8,0,0,0,---,NO PLAY,---,10,0,0,0,---,FULLCOMBO CLEAR,---,0,0,0,0,---,NO PLAY,---,2026-09-16 19:26
BISTROVER,SOLID STATE SQUAD -RISEN RELIC REMIX-,LIFE STREAM,Remixed by xi,0,0,0,0,0,---,NO PLAY,---,6,0,0,0,---,NO PLAY,---,10,0,0,0,---,NO PLAY,---,12,0,0,0,---,HARD CLEAR,---,0,0,0,0,---,NO PLAY,---,2026-09-16 19:26
BISTROVER,Sugarplum,MOE CORE,KOTONOHOUSE,0,0,0,0,0,---,NO PLAY,---,5,0,0,0,---,NO PLAY,---,8,0,0,0,---,NO PLAY,---,10,0,0,0,---,EX HARD CLEAR,---,0,0,0,0,---,NO PLAY,---,2026-09-16 19:26
BISTROVER,Swarm Of Scarabs,HOLIC,C-Show,0,0,0,0,0,---,NO PLAY,---,6,0,0,0,---,NO PLAY,---,8,0,0,0,---,NO PLAY,---,11,0,0,0,---,FULLCOMBO CLEAR,---,0,0,0,0,---,NO PLAY,---,2026-09-16 19:26
BISTROVER,Tell me what you wish feat.らっぷびと,ROCK,Pizuya's Cell,0,0,0,0,0,---,NO PLAY,---,5,0,0,0,---,NO PLAY,---,8,0,0,0,---,NO PLAY,---,11,0,0,0,---,EX HARD CLEAR,---,0,0,0,0,---,NO PLAY,---,2026-09-16 19:26
BISTROVER,That Feeling,SPEED HOUSE,Crayvxn,0,0,0,0,0,---,NO PLAY,---,4,0,0,0,---,NO PLAY,---,8,0,0,0,---,NO PLAY,---,10,0,0,0,---,HARD CLEAR,---,0,0,0,0,---,NO PLAY,---,2026-09-16 19:26
BISTROVER,THE PEERLESS UNDER HEAVEN,HARD MIXTURE,Yuta Imai Vs. BEMANI Sound Team "L.E.D.-G",0,0,0,0,0,---,NO PLAY,---,6,0,0,0,---,NO PLAY,---,10,0,0,0,---,EX HARD CLEAR,---,12,0,0,0,---,HARD CLEAR,---,0,0,0,0,---,NO PLAY,---,2026-09-16 19:26
BISTROVER,The Wind of China Express(The 4th Mashup),THE 4TH,The 4th,0,0,0,0,0,---,NO PLAY,---,5,0,0,0,---,NO PLAY,---,8,0,0,0,---,NO PLAY,---,10,0,0,0,---,EX HARD CLEAR,---,0,0,0,0,---,NO PLAY,---,2026-09-16 19:26
BISTROVER,Tiempo Loco,Hi-TECH / PSY CORE,kors k feat.Hboy,0,0,0,0,0,---,NO PLAY,---,5,0,0,0,---,NO PLAY,---,10,0,0,0,---,NO PLAY,---,12,0,0,0,---,EX HARD CLEAR,---,0,0,0,0,---,NO PLAY,---,2026-09-16 19:26
BISTROVER,Viridian,NU-NRG,REMO-CON,0,0,0,0,0,---,NO PLAY,---,5,0,0,0,---,NO PLAY,---,10,0,0,0,---,NO PLAY,---,12,0,0,0,---,EX HARD CLEAR,---,0,0,0,0,---,NO PLAY,---,2026-09-16 19:26
BISTROVER,Vitrum,PROGRESSIVE METAL,BEMANI Sound Team "Yvya",0,0,0,0,0,---,NO PLAY,---,6,0,0,0,---,NO PLAY,---,9,0,0,0,---,NO PLAY,---,12,0,0,0,---,EX HARD CLEAR,---,0,0,0,0,---,NO PLAY,---,2026-09-16 19:26
BISTROVER,WAKE UP NOW,TROPICAL ELECTRO HOUSE,Maozon feat. Chica,0,0,0,0,0,---,NO PLAY,---,5,0,0,0,---,NO PLAY,---,7,0,0,0,---,NO PLAY,---,10,0,0,0,---,FULLCOMBO CLEAR,---,11,0,0,0,---,EX HARD CLEAR,---,2026-09-16 19:26
BISTROVER,When I Met U,HYBRID BASSLINE,LADY'S ONLY,0,0,0,0,0,---,NO PLAY,---,4,0,0,0,---,NO PLAY,---,7,0,0,0,---,NO PLAY,---,10,0,0,0,---,EX HARD CLEAR,---,0,0,0,0,---,NO PLAY,---,2026-09-16 19:26
BISTROVER,Winner's Proof ft. KANASA from bless4,THEME SONG,BEMANI Sound Team "HuΣeR" & kors k,0,0,0,0,0,---,NO PLAY,---,4,0,0,0,---,NO PLAY,---,7,0,0,0,---,NO PLAY,---,10,0,0,0,---,EX HARD CLEAR,---,0,0,0,0,---,NO PLAY,---,2026-09-16 19:26
BISTROVER,X-ray binary,TRANCE,BEMANI Sound Team "Trance Liquid",0,0,0,0,0,---,NO PLAY,---,5,0,0,0,---,NO PLAY,---,9,0,0,0,---,NO PLAY,---,11,0,0,0,---,EX HARD CLEAR,---,0,0,0,0,---,NO PLAY,---,2026-09-16 19:26
BISTROVER,Zenith,PLUS ONE,Snail's House,0,0,0,0,0,---,NO PLAY,---,5,0,0,0,---,NO PLAY,---,9,0,0,0,---,FULLCOMBO CLEAR,---,11,0,0,0,---,EX HARD CLEAR,---,0,0,0,0,---,NO PLAY,---,2026-09-16 19:26
BISTROVER,∀,RENAISSANCE,BEMANI Sound Team "HuΣeR" respect for D.J.Amuro,0,0,0,0,0,---,NO PLAY,---,7,0,0,0,---,NO PLAY,---,10,0,0,0,---,FULLCOMBO CLEAR,---,12,0,0,0,---,HARD CLEAR,---,0,0,0,0,---,NO PLAY,---,2026-09-16 19:26
BISTROVER,ここからよろしく大作戦143,ROCK,BEMANI Sound Team "あさき隊",0,0,0,0,0,---,NO PLAY,---,4,0,0,0,---,NO PLAY,---,8,0,0,0,---,NO PLAY,---,10,0,0,0,---,EX HARD CLEAR,---,11,0,0,0,---,EX HARD CLEAR,---,2026-09-16 19:26
BISTROVER,スーパー戦湯ババンバーン,オンセンヒーロー,すわひでお，秋成，かぼちゃ，藍月なくる，NU-KO by BEMANI Sound Team "八戸亀生羅",0,0,0,0,0,---,NO PLAY,---,6,0,0,0,---,NO PLAY,---,10,0,0,0,---,NO PLAY,---,12,0,0,0,---,EX HARD CLEAR,---,0,0,0,0,---,NO PLAY,---,2026-09-16 19:26
BISTROVER,ディスコルディア,CROSSOVER,ぺのれり vs. BEMANI Sound Team "HuΣeR",0,0,0,0,0,---,NO PLAY,---,7,0,0,0,---,NO PLAY,---,10,0,0,0,---,EX HARD CLEAR,---,12,0,0,0,---,HARD CLEAR,---,0,0,0,0,---,NO PLAY,---,2026-09-16 19:26
BISTROVER,バッド・スイーツ、バッド・ドリーム,.+:☆ BAD FUTURE ☆:+.,かめりあ feat. ななひら,0,0,0,0,0,---,NO PLAY,---,5,0,0,0,---,NO PLAY,---,9,0,0,0,---,EX HARD CLEAR,---,12,0,0,0,---,EX HARD CLEAR,---,0,0,0,0,---,NO PLAY,---,2026-09-16 19:26
BISTROVER,世界の果てに約束の凱歌を -ReUnion-,BRAVE ANTHEM,OSTER project feat. かなたん,0,0,0,0,0,---,NO PLAY,---,6,0,0,0,---,NO PLAY,---,9,0,0,0,---,NO PLAY,---,12,0,0,0,---,HARD CLEAR,---,0,0,0,0,---,NO PLAY,---,2026-09-16 19:26
BISTROVER,乱膳の舞姫,BALKANIC ROCK,BEMANI Sound Team "Akhuta Works" feat. mami,0,0,0,0,0,---,NO PLAY,---,6,0,0,0,---,NO PLAY,---,9,0,0,0,---,NO PLAY,---,11,0,0,0,---,EX HARD CLEAR,---,0,0,0,0,---,NO PLAY,---,2026-09-16 19:26
BISTROVER,二人ノ廃城幽踊宴,SPUKWALZER,上ノ瀬つかさ,0,0,0,0,0,---,NO PLAY,---,7,0,0,0,---,NO PLAY,---,10,0,0,0,---,FULLCOMBO CLEAR,---,12,0,0,0,---,HARD CLEAR,---,0,0,0,0,---,NO PLAY,---,2026-09-16 19:26
BISTROVER,伐折羅-vajra-,KUDOS CORE,DJ TOTTO VS 兎々,0,0,0,0,0,---,NO PLAY,---,6,0,0,0,---,NO PLAY,---,10,0,0,0,---,NO PLAY,---,12,0,0,0,---,HARD CLEAR,---,0,0,0,0,---,NO PLAY,---,2026-09-16 19:26
BISTROVER,儚き恋の華,BLOOM ROCK,BEMANI Sound Team "TAG" feat. 猫体質,0,0,0,0,0,---,NO PLAY,---,5,0,0,0,---,NO PLAY,---,9,0,0,0,---,NO PLAY,---,11,0,0,0,---,EX HARD CLEAR,---,0,0,0,0,---,NO PLAY,---,2026-09-16 19:26
BISTROVER,新宝島,IIDX EDITION,Remixed by BEMANI Sound Team "TAG feat. PON",0,0,0,0,0,---,NO PLAY,---,5,0,0,0,---,NO PLAY,---,7,0,0,0,---,NO PLAY,---,10,0,0,0,---,EX HARD CLEAR,---,12,0,0,0,---,EX HARD CLEAR,---,2026-09-16 19:26
BISTROVER,水無月の雫 ft. 小林まな,-和- EURO TRANCE,Xceon,0,0,0,0,0,---,NO PLAY,---,6,0,0,0,---,ASSIST CLEAR,---,9,0,0,0,---,NO PLAY,---,11,0,0,0,---,EX HARD CLEAR,---,0,0,0,0,---,NO PLAY,---,2026-09-16 19:26
BISTROVER,水鏡の異界,JAPANESE TECH BREAKS,BEMANI Sound Team "Coyaan",0,0,0,0,0,---,NO PLAY,---,5,0,0,0,---,NO PLAY,---,9,0,0,0,---,NO PLAY,---,12,0,0,0,---,EX HARD CLEAR,---,0,0,0,0,---,NO PLAY,---,2026-09-16 19:26
BISTROVER,涙のテ・エストラーニョ・ムーチョ,Hi-歌謡タンゴ,LA BAILARINA☆Prim,0,0,0,0,0,---,NO PLAY,---,6,0,0,0,---,NO PLAY,---,9,0,0,0,---,NO PLAY,---,11,0,0,0,---,EX HARD CLEAR,---,0,0,0,0,---,NO PLAY,---,2026-09-16 19:26
BISTROVER,無意識のフィロソフィア,HARD TRANCE,BEMANI Sound Team "TAG",0,0,0,0,0,---,NO PLAY,---,5,0,0,0,---,NO PLAY,---,9,0,0,0,---,NO PLAY,---,11,0,0,0,---,EX HARD CLEAR,---,0,0,0,0,---,NO PLAY,---,2026-09-16 19:26
BISTROVER,犬に雨傘,FRENCH POP,OSTER project feat. そらこ,0,0,0,0,0,---,NO PLAY,---,4,0,0,0,---,NO PLAY,---,7,0,0,0,---,NO PLAY,---,9,0,0,0,---,FULLCOMBO CLEAR,---,0,0,0,0,---,NO PLAY,---,2026-09-16 19:26
BISTROVER,閠槞彁の願い,DARKSTEP,DJ TECHNORCH & RoughSketch,0,0,0,0,0,---,NO PLAY,---,6,0,0,0,---,NO PLAY,---,10,0,0,0,---,FULLCOMBO CLEAR,---,12,0,0,0,---,HARD CLEAR,---,0,0,0,0,---,NO PLAY,---,2026-09-16 19:26
BISTROVER,霧幻メモリア,LAST FRONTIER,BEMANI Sound Team "劇団レコード" feat.Risa Yuzuki,0,0,0,0,0,---,NO PLAY,---,5,0,0,0,---,NO PLAY,---,7,0,0,0,---,HARD CLEAR,---,10,0,0,0,---,EX HARD CLEAR,---,0,0,0,0,---,NO PLAY,---,2026-09-16 19:26
BISTROVER,魔法のかくれんぼ,FANTASY TOYPOP,Snail's House,0,0,0,0,0,---,NO PLAY,---,5,0,0,0,---,NO PLAY,---,8,0,0,0,---,EX HARD CLEAR,---,12,0,0,0,---,HARD CLEAR,---,0,0,0,0,---,NO PLAY,---,2026-09-16 19:26
CastHour,10000 MILES AWAY,DRUMSTEP,AJURIKA,0,0,0,0,0,---,NO PLAY,---,5,0,0,0,---,NO PLAY,---,9,0,0,0,---,NO PLAY,---,11,0,0,0,---,EX HARD CLEAR,---,0,0,0,0,---,NO PLAY,---,2026-09-16 19:26
CastHour,2 Beasts Unchained,HARDCORE,kors k vs Yooh,0,0,0,0,0,---,NO PLAY,---,7,0,0,0,---,NO PLAY,---,10,0,0,0,---,NO PLAY,---,12,0,0,0,---,HARD CLEAR,---,0,0,0,0,---,NO PLAY,---,2026-09-16 19:26
CastHour,808monkey,JUNGLE TERROR,AJURIKA,0,0,0,0,0,---,NO PLAY,---,4,0,0,0,---,NO PLAY,---,7,0,0,0,---,NO PLAY,---,9,0,0,0,---,FULLCOMBO CLEAR,---,0,0,0,0,---,NO PLAY,---,2026-09-16 19:26
CastHour,ABSOLUTE EVIL,EUPHORIC FRENCHCORE,Yuta Imai,0,0,0,0,0,---,NO PLAY,---,6,0,0,0,---,NO PLAY,---,10,0,0,0,---,EX HARD CLEAR,---,12,0,0,0,---,HARD CLEAR,---,0,0,0,0,---,NO PLAY,---,2026-09-16 19:26
CastHour,Aftermath,ROCK,BEMANI Sound Team "猫叉Master & あさき & Yvya",0,0,0,0,0,---,NO PLAY,---,6,0,0,0,---,NO PLAY,---,10,0,0,0,---,EX HARD CLEAR,---,12,0,0,0,---,EX HARD CLEAR,---,0,0,0,0,---,NO PLAY,---,2026-09-16 19:26
CastHour,ALTERNATOR,IRREGULAR OMNIBUS HARDCORE,BEMANI Sound Team "dj Hellix",0,0,0,0,0,---,NO PLAY,---,7,0,0,0,---,NO PLAY,---,10,0,0,0,---,EX HARD CLEAR,---,12,0,0,0,---,EX HARD CLEAR,---,0,0,0,0,---,NO PLAY,---,2026-09-16 19:26
CastHour,AMICABLE,FUTURE POP,BEMANI Sound Team "Sota F.",0,0,0,0,0,---,NO PLAY,---,5,0,0,0,---,NO PLAY,---,8,0,0,0,---,NO PLAY,---,10,0,0,0,---,NO PLAY,---,0,0,0,0,---,NO PLAY,---,2026-09-16 19:26
CastHour,ANEMONE,EMOTIONAL J-POP,BEMANI Sound Team "HuΣeR × Yvya" feat.紫村 花澄,0,0,0,0,0,---,NO PLAY,---,4,0,0,0,---,NO PLAY,---,7,0,0,0,---,NO PLAY,---,10,0,0,0,---,FULLCOMBO CLEAR,---,0,0,0,0,---,NO PLAY,---,2026-09-16 19:26
CastHour,Angel's Ladder,PIANO TECH,xi,0,0,0,0,0,---,NO PLAY,---,6,0,0,0,---,NO PLAY,---,10,0,0,0,---,EX HARD CLEAR,---,12,0,0,0,---,HARD CLEAR,---,0,0,0,0,---,NO PLAY,---,2026-09-16 19:26
CastHour,Ariah,UNSUNG REQUIEM,satella feat.藍月なくる,0,0,0,0,0,---,NO PLAY,---,4,0,0,0,---,NO PLAY,---,7,0,0,0,---,NO PLAY,---,10,0,0,0,---,FULLCOMBO CLEAR,---,0,0,0,0,---,NO PLAY,---,2026-09-16 19:26
CastHour,Arkadia,FREEFORM HARDCORE,Hommarju ft. Mayumi Morinaga,0,0,0,0,0,---,NO PLAY,---,5,0,0,0,---,NO PLAY,---,9,0,0,0,---,NO PLAY,---,12,0,0,0,---,HARD CLEAR,---,0,0,0,0,---,NO PLAY,---,2026-09-16 19:26
CastHour,Banger Banger Banger Banger,EARLY RAVE,nora2r,0,0,0,0,0,---,NO PLAY,---,6,0,0,0,---,NO PLAY,---,9,0,0,0,---,NO PLAY,---,11,0,0,0,---,EX HARD CLEAR,---,0,0,0,0,---,NO PLAY,---,2026-09-16 19:26
CastHour,Binary Black Hole,BLACK OUT,BEMANI Sound Team "D.J.Amuro",0,0,0,0,0,---,NO PLAY,---,6,0,0,0,---,NO PLAY,---,10,0,0,0,---,NO PLAY,---,12,0,0,0,---,HARD CLEAR,---,0,0,0,0,---,NO PLAY,---,2026-09-16 19:26
CastHour,Blue Bird feat. Kanae Asaba,LATIN FUSION POP,Nhato,0,0,0,0,0,---,NO PLAY,---,4,0,0,0,---,NO PLAY,---,6,0,0,0,---,NO PLAY,---,8,0,0,0,---,FULLCOMBO CLEAR,---,0,0,0,0,---,NO PLAY,---,2026-09-16 19:26
CastHour,Brave Spirits,MELODIC RIDDIM,MK,0,0,0,0,0,---,NO PLAY,---,4,0,0,0,---,NO PLAY,---,8,0,0,0,---,NO PLAY,---,10,0,0,0,---,FULLCOMBO CLEAR,---,0,0,0,0,---,NO PLAY,---,2026-09-16 19:26
CastHour,DISPARATE,CYBERPUNK,BEMANI Sound Team "Captain Sonic",0,0,0,0,0,---,NO PLAY,---,5,0,0,0,---,NO PLAY,---,9,0,0,0,---,NO PLAY,---,11,0,0,0,---,EX HARD CLEAR,---,0,0,0,0,---,NO PLAY,---,2026-09-16 19:26
CastHour,Divine Heaven,BIG ANTHEM,Absolute The 4th,0,0,0,0,0,---,NO PLAY,---,5,0,0,0,---,NO PLAY,---,9,0,0,0,---,NO PLAY,---,11,0,0,0,---,EX HARD CLEAR,---,0,0,0,0,---,NO PLAY,---,2026-09-16 19:26
CastHour,Don't believe the hype,MIXTURE,DJ Mass MAD Izm* feat.H14(LEONAIR),0,0,0,0,0,---,NO PLAY,---,6,0,0,0,---,FULLCOMBO CLEAR,---,10,0,0,0,---,NO PLAY,---,12,0,0,0,---,HARD CLEAR,---,0,0,0,0,---,NO PLAY,---,2026-09-16 19:26
CastHour,DREAM OF SPACE UFO ABDUCTION,ABDUCTION BEAT,BEMANI Sound Team "謎の宇宙人スペースX",0,0,0,0,0,---,NO PLAY,---,5,0,0,0,---,NO PLAY,---,8,0,0,0,---,NO PLAY,---,11,0,0,0,---,EX HARD CLEAR,---,0,0,0,0,---,NO PLAY,---,2026-09-16 19:26
CastHour,Emera,EDM STYLE,PON,0,0,0,0,0,---,NO PLAY,---,5,0,0,0,---,NO PLAY,---,8,0,0,0,---,EX HARD CLEAR,---,11,0,0,0,---,EX HARD CLEAR,---,0,0,0,0,---,NO PLAY,---,2026-09-16 19:26
CastHour,EMOTiON TRiPPER,ELECTRIC POP,sky_delta,0,0,0,0,0,---,NO PLAY,---,5,0,0,0,---,NO PLAY,---,8,0,0,0,---,NO PLAY,---,10,0,0,0,---,FULLCOMBO CLEAR,---,0,0,0,0,---,NO PLAY,---,2026-09-16 19:26
CastHour,Ergosphere,亜空間ジャズ,TOMOSUKE,0,0,0,0,0,---,NO PLAY,---,5,0,0,0,---,NO PLAY,---,9,0,0,0,---,NO PLAY,---,11,0,0,0,---,EX HARD CLEAR,---,0,0,0,0,---,NO PLAY,---,2026-09-16 19:26
CastHour,Fantastic Merry-Go-Round,DIGITAL POP,SOUND HOLIC feat. Nana Takahashi,0,0,0,0,0,---,NO PLAY,---,4,0,0,0,---,NO PLAY,---,7,0,0,0,---,NO PLAY,---,9,0,0,0,---,EX HARD CLEAR,---,0,0,0,0,---,NO PLAY,---,2026-09-16 19:26
CastHour,Fegrix,EURO BEAT,Xceon vs DJ Command (Eurobeat Union),0,0,0,0,0,---,NO PLAY,---,6,0,0,0,---,NO PLAY,---,10,0,0,0,---,EX HARD CLEAR,---,12,0,0,0,---,EX HARD CLEAR,---,0,0,0,0,---,NO PLAY,---,2026-09-16 19:26
CastHour,FINALLY BLAZE,ENERGETIC HARDCORE,BlackY,0,0,0,0,0,---,NO PLAY,---,5,0,0,0,---,NO PLAY,---,9,0,0,0,---,NO PLAY,---,11,0,0,0,---,EX HARD CLEAR,---,0,0,0,0,---,NO PLAY,---,2026-09-16 19:26
CastHour,Flying Castle,COLOUR CORE,lapix,0,0,0,0,0,---,NO PLAY,---,6,0,0,0,---,NO PLAY,---,10,0,0,0,---,NO PLAY,---,12,0,0,0,---,EX HARD CLEAR,---,0,0,0,0,---,NO PLAY,---,2026-09-16 19:26
CastHour,Game Changers,HARD MIXTURE,Yuta Imai,0,0,0,0,0,---,NO PLAY,---,4,0,0,0,---,NO PLAY,---,8,0,0,0,---,NO PLAY,---,11,0,0,0,---,HARD CLEAR,---,0,0,0,0,---,NO PLAY,---,2026-09-16 19:26
CastHour,Get set， Go! feat.Kanae Asaba,FUTURE BOUNCE,MK,0,0,0,0,0,---,NO PLAY,---,4,0,0,0,---,NO PLAY,---,7,0,0,0,---,NO PLAY,---,10,0,0,0,---,EX HARD CLEAR,---,0,0,0,0,---,NO PLAY,---,2026-09-16 19:26
CastHour,GiGaGaHell,EXTRATONE,m1dy， RoughSketch,0,0,0,0,0,---,NO PLAY,---,7,0,0,0,---,NO PLAY,---,10,0,0,0,---,EX HARD CLEAR,---,12,0,0,0,---,HARD CLEAR,---,0,0,0,0,---,NO PLAY,---,2026-09-16 19:26
CastHour,GRAVITON,NEUROFUNK,BEMANI Sound Team "L.E.D.",0,0,0,0,0,---,NO PLAY,---,6,0,0,0,---,NO PLAY,---,10,0,0,0,---,NO PLAY,---,12,0,0,0,---,EX HARD CLEAR,---,0,0,0,0,---,NO PLAY,---,2026-09-16 19:26
CastHour,hard-wired,HIDEOUT,Yuta Imai ≡ Blacklolita,0,0,0,0,0,---,NO PLAY,---,7,0,0,0,---,NO PLAY,---,10,0,0,0,---,EX HARD CLEAR,---,12,0,0,0,---,HARD CLEAR,---,0,0,0,0,---,NO PLAY,---,2026-09-16 19:26
CastHour,Harmonia,NU PRELUDE,ATSUMI UEDA,0,0,0,0,0,---,NO PLAY,---,4,0,0,0,---,NO PLAY,---,7,0,0,0,---,NO PLAY,---,10,0,0,0,---,FULLCOMBO CLEAR,---,0,0,0,0,---,NO PLAY,---,2026-09-16 19:26
CastHour,Hat Surprise,UK HARDCORE,Hommarju,0,0,0,0,0,---,NO PLAY,---,4,0,0,0,---,NO PLAY,---,8,0,0,0,---,NO PLAY,---,11,0,0,0,---,EX HARD CLEAR,---,0,0,0,0,---,NO PLAY,---,2026-09-16 19:26
CastHour,HEARTACHE,HEALING FUTURE,BEMANI Sound Team "HuΣeR" feat.ゆきまめ,0,0,0,0,0,---,NO PLAY,---,3,0,0,0,---,NO PLAY,---,7,0,0,0,---,NO PLAY,---,10,0,0,0,---,EX HARD CLEAR,---,0,0,0,0,---,NO PLAY,---,2026-09-16 19:26
CastHour,kors k's How to make OTOGE CORE,CHANNEL K,kors k,0,0,0,0,0,---,NO PLAY,---,5,0,0,0,---,NO PLAY,---,9,0,0,0,---,EX HARD CLEAR,---,11,0,0,0,---,EX HARD CLEAR,---,0,0,0,0,---,NO PLAY,---,2026-09-16 19:26
CastHour,Lawes's Parotia,PROGRESSIVE METAL,BEMANI Sound Team "Yvya",0,0,0,0,0,---,NO PLAY,---,4,0,0,0,---,NO PLAY,---,8,0,0,0,---,NO PLAY,---,11,0,0,0,---,EX HARD CLEAR,---,0,0,0,0,---,NO PLAY,---,2026-09-16 19:26
CastHour,LIVE DRIVING!! feat. 花たん,HARD ELECTRIC POP,BEMANI Sound Team "S-C-U vs L.E.D.",0,0,0,0,0,---,NO PLAY,---,7,0,0,0,---,NO PLAY,---,10,0,0,0,---,EX HARD CLEAR,---,12,0,0,0,---,HARD CLEAR,---,0,0,0,0,---,NO PLAY,---,2026-09-16 19:26
CastHour,N.O.,ASTRONOMICAL TECHNO,かめりあ,0,0,0,0,0,---,NO PLAY,---,5,0,0,0,---,NO PLAY,---,8,0,0,0,---,NO PLAY,---,10,0,0,0,---,EX HARD CLEAR,---,0,0,0,0,---,NO PLAY,---,2026-09-16 19:26
CastHour,n/a,SYMPHONIC DUBSTEP,Blacklolita,0,0,0,0,0,---,NO PLAY,---,7,0,0,0,---,ASSIST CLEAR,---,10,0,0,0,---,EX HARD CLEAR,---,12,0,0,0,---,EASY CLEAR,---,0,0,0,0,---,NO PLAY,---,2026-09-16 19:26
CastHour,No Day But Today!,J-POP,NU-KO & yunocy,0,0,0,0,0,---,NO PLAY,---,4,0,0,0,---,NO PLAY,---,7,0,0,0,---,NO PLAY,---,10,0,0,0,---,FULLCOMBO CLEAR,---,0,0,0,0,---,NO PLAY,---,2026-09-16 19:26
CastHour,Nocturnal 2097,DARKSYNTH,Dirty Androids,0,0,0,0,0,---,NO PLAY,---,5,0,0,0,---,NO PLAY,---,9,0,0,0,---,NO PLAY,---,11,0,0,0,---,FULLCOMBO CLEAR,---,0,0,0,0,---,NO PLAY,---,2026-09-16 19:26
CastHour,Non Stop Rock,DRUM'N'BASS,Masayoshi Iimori,0,0,0,0,0,---,NO PLAY,---,4,0,0,0,---,NO PLAY,---,8,0,0,0,---,NO PLAY,---,10,0,0,0,---,EX HARD CLEAR,---,0,0,0,0,---,NO PLAY,---,2026-09-16 19:26
CastHour,One for All,EUPHORIC FRENCHCORE,RoughSketch,0,0,0,0,0,---,NO PLAY,---,5,0,0,0,---,NO PLAY,---,9,0,0,0,---,NO PLAY,---,12,0,0,0,---,EX HARD CLEAR,---,0,0,0,0,---,NO PLAY,---,2026-09-16 19:26
CastHour,Onyx,STYLISH COLOUR,BEMANI Sound Team "HuΣeR",0,0,0,0,0,---,NO PLAY,---,5,0,0,0,---,NO PLAY,---,8,0,0,0,---,NO PLAY,---,11,0,0,0,---,EX HARD CLEAR,---,0,0,0,0,---,NO PLAY,---,2026-09-16 19:26
CastHour,P.O.W.E.R.,RAWSTYLE,Yuta Imai,0,0,0,0,0,---,NO PLAY,---,5,0,0,0,---,NO PLAY,---,8,0,0,0,---,NO PLAY,---,10,0,0,0,---,EX HARD CLEAR,---,0,0,0,0,---,NO PLAY,---,2026-09-16 19:26
CastHour,PIRATES BLADE,STORMY SEA,BEMANI Sound Team "劇団レコード",0,0,0,0,0,---,NO PLAY,---,5,0,0,0,---,NO PLAY,---,8,0,0,0,---,NO PLAY,---,10,0,0,0,---,EX HARD CLEAR,---,0,0,0,0,---,NO PLAY,---,2026-09-16 19:26
CastHour,PLASMA SOUL NIGHT feat. Nana Takahashi / 709sec.,LIGHTNING EUROBEAT,BEMANI Sound Team "L.E.D.",0,0,0,0,0,---,NO PLAY,---,6,0,0,0,---,NO PLAY,---,10,0,0,0,---,NO PLAY,---,12,0,0,0,---,HARD CLEAR,---,0,0,0,0,---,NO PLAY,---,2026-09-16 19:26
CastHour,Pout,FUTURE BASS,BEMANI Sound Team "SYUNN",0,0,0,0,0,---,NO PLAY,---,6,0,0,0,---,NO PLAY,---,9,0,0,0,---,NO PLAY,---,11,0,0,0,---,EX HARD CLEAR,---,0,0,0,0,---,NO PLAY,---,2026-09-16 19:26
CastHour,Prohibited Props,VARIABLE FUTURE BASS,BEMANI Sound Team "ZAQUVA",0,0,0,0,0,---,NO PLAY,---,5,0,0,0,---,NO PLAY,---,8,0,0,0,---,NO PLAY,---,10,0,0,0,---,EX HARD CLEAR,---,11,0,0,0,---,EX HARD CLEAR,---,2026-09-16 19:26
CastHour,Purple Perplex,MELODIC RIDDIM,Eagle,0,0,0,0,0,---,NO PLAY,---,6,0,0,0,---,NO PLAY,---,10,0,0,0,---,EX HARD CLEAR,---,12,0,0,0,---,HARD CLEAR,---,0,0,0,0,---,NO PLAY,---,2026-09-16 19:26
CastHour,Push on Beats!～音ゲの国のeX-ストリーマー～,AKIBA-POP,MOSAIC.WAV,0,0,0,0,0,---,NO PLAY,---,6,0,0,0,---,NO PLAY,---,9,0,0,0,---,NO PLAY,---,12,0,0,0,---,HARD CLEAR,---,0,0,0,0,---,NO PLAY,---,2026-09-16 19:26
CastHour,RAGE feat.H14 of LEONAIR,MIXTURE,DJ Mass MAD Izm*,0,0,0,0,0,---,NO PLAY,---,6,0,0,0,---,NO PLAY,---,10,0,0,0,---,HARD CLEAR,---,12,0,0,0,---,HARD CLEAR,---,0,0,0,0,---,NO PLAY,---,2026-09-16 19:26
CastHour,Silver Bullet,PIANO CONCERTINO + JAZZ FUSION,xi,0,0,0,0,0,---,NO PLAY,---,6,0,0,0,---,NO PLAY,---,10,0,0,0,---,FULLCOMBO CLEAR,---,12,0,0,0,---,HARD CLEAR,---,0,0,0,0,---,NO PLAY,---,2026-09-16 19:26
CastHour,Smalt #28598F,TECH DANCE,REMO-CON,0,0,0,0,0,---,NO PLAY,---,6,0,0,0,---,NO PLAY,---,10,0,0,0,---,EX HARD CLEAR,---,12,0,0,0,---,EX HARD CLEAR,---,0,0,0,0,---,NO PLAY,---,2026-09-16 19:26
CastHour,SOLID WYVERN,HARDPSY,BEMANI Sound Team "L.E.D.",0,0,0,0,0,---,NO PLAY,---,6,0,0,0,---,NO PLAY,---,9,0,0,0,---,NO PLAY,---,11,0,0,0,---,EX HARD CLEAR,---,12,0,0,0,---,HARD CLEAR,---,2026-09-16 19:26
CastHour,Souhait bleu,ALCHEMY POP,しーけー,0,0,0,0,0,---,NO PLAY,---,5,0,0,0,---,NO PLAY,---,9,0,0,0,---,EX HARD CLEAR,---,11,0,0,0,---,EX HARD CLEAR,---,0,0,0,0,---,NO PLAY,---,2026-09-16 19:26
CastHour,Stepper,DANCE MUSIC,PSYQUI,0,0,0,0,0,---,NO PLAY,---,4,0,0,0,---,NO PLAY,---,8,0,0,0,---,NO PLAY,---,10,0,0,0,---,FULLCOMBO CLEAR,---,0,0,0,0,---,NO PLAY,---,2026-09-16 19:26
CastHour,Tail Lights,TRANCE,BEMANI Sound Team "dj TAKA" feat.nana hatori,0,0,0,0,0,---,NO PLAY,---,5,0,0,0,---,NO PLAY,---,9,0,0,0,---,NO PLAY,---,11,0,0,0,---,EX HARD CLEAR,---,0,0,0,0,---,NO PLAY,---,2026-09-16 19:26
CastHour,TOMAHAWK,SUPER HARDCORE NOVA,かめりあ,0,0,0,0,0,---,NO PLAY,---,7,0,0,0,---,NO PLAY,---,10,0,0,0,---,FULLCOMBO CLEAR,---,12,0,0,0,---,HARD CLEAR,---,0,0,0,0,---,NO PLAY,---,2026-09-16 19:26
CastHour,Triple Cross,MUSIC GAME TRADITIONAL,BEMANI Sound Team "dj TAKA & DJ YOSHITAKA & SYUNN",0,0,0,0,0,---,NO PLAY,---,6,0,0,0,---,NO PLAY,---,10,0,0,0,---,EX HARD CLEAR,---,12,0,0,0,---,EX HARD CLEAR,---,0,0,0,0,---,NO PLAY,---,2026-09-16 19:26
CastHour,Ventriloquist,JAZZY STEP,Avans,0,0,0,0,0,---,NO PLAY,---,4,0,0,0,---,NO PLAY,---,8,0,0,0,---,NO PLAY,---,11,0,0,0,---,EX HARD CLEAR,---,0,0,0,0,---,NO PLAY,---,2026-09-16 19:26
CastHour,Victory Of Ravers,HARDCORE RAVE,DJ Shimamura,0,0,0,0,0,---,NO PLAY,---,6,0,0,0,---,NO PLAY,---,9,0,0,0,---,NO PLAY,---,10,0,0,0,---,EX HARD CLEAR,---,0,0,0,0,---,NO PLAY,---,2026-09-16 19:26
CastHour,WHA,CROSSO-WHA-R,かめりあ involving ななひら,0,0,0,0,0,---,NO PLAY,---,7,0,0,0,---,NO PLAY,---,10,0,0,0,---,EX HARD CLEAR,---,12,0,0,0,---,HARD CLEAR,---,0,0,0,0,---,NO PLAY,---,2026-09-16 19:26
CastHour,Wonderful Escape,NU DRUM & BASS,DE DE MOUSE,0,0,0,0,0,---,NO PLAY,---,5,0,0,0,---,NO PLAY,---,8,0,0,0,---,NO PLAY,---,10,0,0,0,---,FULLCOMBO CLEAR,---,0,0,0,0,---,NO PLAY,---,2026-09-16 19:26
CastHour,Xyndrome,FRENCHCORE,nora2r,0,0,0,0,0,---,NO PLAY,---,6,0,0,0,---,NO PLAY,---,9,0,0,0,---,NO PLAY,---,11,0,0,0,---,EX HARD CLEAR,---,0,0,0,0,---,NO PLAY,---,2026-09-16 19:26
CastHour,《GRANDMASTER》,TRIUMPH,Blacklolita,0,0,0,0,0,---,NO PLAY,---,5,0,0,0,---,NO PLAY,---,9,0,0,0,---,EX HARD CLEAR,---,11,0,0,0,---,FULLCOMBO CLEAR,---,0,0,0,0,---,NO PLAY,---,2026-09-16 19:26
CastHour,めでてえ,ハッピースピードコア,TORIENA,0,0,0,0,0,---,NO PLAY,---,5,0,0,0,---,NO PLAY,---,8,0,0,0,---,EX HARD CLEAR,---,10,0,0,0,---,FULLCOMBO CLEAR,---,0,0,0,0,---,NO PLAY,---,2026-09-16 19:26
CastHour,アクマフカ,ROCK,Pizuya's Cell,0,0,0,0,0,---,NO PLAY,---,5,0,0,0,---,NO PLAY,---,8,0,0,0,---,NO PLAY,---,10,0,0,0,---,FULLCOMBO CLEAR,---,0,0,0,0,---,NO PLAY,---,2026-09-16 19:26
CastHour,ウツシミウツシ,ALTERNATIVE DANCE CORE,BEMANI Sound Team "PHQUASE" feat.ぁゅ,0,0,0,0,0,---,NO PLAY,---,6,0,0,0,---,NO PLAY,---,9,0,0,0,---,NO PLAY,---,11,0,0,0,---,EX HARD CLEAR,---,0,0,0,0,---,NO PLAY,---,2026-09-16 19:26
CastHour,オドループ,J-POP,フレデリック,0,0,0,0,0,---,NO PLAY,---,5,0,0,0,---,NO PLAY,---,7,0,0,0,---,FULLCOMBO CLEAR,---,10,0,0,0,---,EX HARD CLEAR,---,11,0,0,0,---,EX HARD CLEAR,---,2026-09-16 19:26
CastHour,オールトの雲,GALAXY QUEST,OSTER project,0,0,0,0,0,---,NO PLAY,---,6,0,0,0,---,NO PLAY,---,9,0,0,0,---,NO PLAY,---,11,0,0,0,---,EX HARD CLEAR,---,0,0,0,0,---,NO PLAY,---,2026-09-16 19:26
CastHour,グッバイ宣言,IIDX EDITION,Remixed by uno(IOSYS) & Liqo feat. Chiyoko,0,0,0,0,0,---,NO PLAY,---,5,0,0,0,---,NO PLAY,---,8,0,0,0,---,FULLCOMBO CLEAR,---,11,0,0,0,---,EX HARD CLEAR,---,12,0,0,0,---,EX HARD CLEAR,---,2026-09-16 19:26
CastHour,シル・ヴ・プレジデント,J-POP,P丸様。,0,0,0,0,0,---,NO PLAY,---,4,0,0,0,---,NO PLAY,---,7,0,0,0,---,NO PLAY,---,10,0,0,0,---,FULLCOMBO CLEAR,---,11,0,0,0,---,EX HARD CLEAR,---,2026-09-16 19:26
CastHour,ナイトフィクション,ALTERNATIVE,中山真斗 feat. CHAN,0,0,0,0,0,---,NO PLAY,---,4,0,0,0,---,NO PLAY,---,8,0,0,0,---,NO PLAY,---,10,0,0,0,---,EX HARD CLEAR,---,0,0,0,0,---,NO PLAY,---,2026-09-16 19:26
CastHour,ハイテックトキオ,ハイテックトキオ,lapix ∞ BEMANI Sound Team "Sota Fujimori",0,0,0,0,0,---,NO PLAY,---,6,0,0,0,---,NO PLAY,---,9,0,0,0,---,NO PLAY,---,11,0,0,0,---,EX HARD CLEAR,---,12,0,0,0,---,EX HARD CLEAR,---,2026-09-16 19:26
CastHour,ピアノ独奏無言歌 "灰燼",THRENODY,BEMANI Sound Team "Virkato Wakhmaninov",0,0,0,0,0,---,NO PLAY,---,6,0,0,0,---,FULLCOMBO CLEAR,---,10,0,0,0,---,EX HARD CLEAR,---,12,0,0,0,---,EASY CLEAR,---,0,0,0,0,---,NO PLAY,---,2026-09-16 19:26
CastHour,ミュージック・アワー,IIDX EDITION,Remixed by BEMANI Sound Team "PON",0,0,0,0,0,---,NO PLAY,---,6,0,0,0,---,NO PLAY,---,9,0,0,0,---,NO PLAY,---,11,0,0,0,---,EX HARD CLEAR,---,12,0,0,0,---,HARD CLEAR,---,2026-09-16 19:26
CastHour,口カラ凸ゲキ,HUMAN BEATBOX ELECTRO,SARUKANI × Blacklolita,0,0,0,0,0,---,NO PLAY,---,5,0,0,0,---,NO PLAY,---,8,0,0,0,---,ASSIST CLEAR,---,10,0,0,0,---,FULLCOMBO CLEAR,---,0,0,0,0,---,NO PLAY,---,2026-09-16 19:26
CastHour,天邪鬼,HARD DANCE,Qlarabelle,0,0,0,0,0,---,NO PLAY,---,5,0,0,0,---,NO PLAY,---,9,0,0,0,---,NO PLAY,---,12,0,0,0,---,EX HARD CLEAR,---,0,0,0,0,---,NO PLAY,---,2026-09-16 19:26
CastHour,怪物,IIDX EDITION,Remixed by Nhato feat. ricono,0,0,0,0,0,---,NO PLAY,---,4,0,0,0,---,NO PLAY,---,6,0,0,0,---,NO PLAY,---,10,0,0,0,---,FULLCOMBO CLEAR,---,11,0,0,0,---,EX HARD CLEAR,---,2026-09-16 19:26
CastHour,愛しくてラヴィンユー ft. マナ,EURO BEAT,Xceon,0,0,0,0,0,---,NO PLAY,---,4,0,0,0,---,NO PLAY,---,7,0,0,0,---,NO PLAY,---,10,0,0,0,---,FULLCOMBO CLEAR,---,0,0,0,0,---,NO PLAY,---,2026-09-16 19:26
CastHour,月とミルク,CHIPBREAK POP,TORIENA,0,0,0,0,0,---,NO PLAY,---,5,0,0,0,---,NO PLAY,---,8,0,0,0,---,NO PLAY,---,11,0,0,0,---,FULLCOMBO CLEAR,---,0,0,0,0,---,NO PLAY,---,2026-09-16 19:26
CastHour,烽火連天の刃,CYBER TAIGA,OSTER project,0,0,0,0,0,---,NO PLAY,---,6,0,0,0,---,NO PLAY,---,10,0,0,0,---,NO PLAY,---,12,0,0,0,---,EX HARD CLEAR,---,0,0,0,0,---,NO PLAY,---,2026-09-16 19:26
CastHour,禊,HARD PSY TRANCE,Nhato,0,0,0,0,0,---,NO PLAY,---,6,0,0,0,---,NO PLAY,---,10,0,0,0,---,NO PLAY,---,12,0,0,0,---,EX HARD CLEAR,---,0,0,0,0,---,NO PLAY,---,2026-09-16 19:26
CastHour,逆月,JAPANESQUE,BEMANI Sound Team "HuΣeR" feat.Fernweh,0,0,0,0,0,---,NO PLAY,---,7,0,0,0,---,NO PLAY,---,10,0,0,0,---,FULLCOMBO CLEAR,---,12,0,0,0,---,EX HARD CLEAR,---,0,0,0,0,---,NO PLAY,---,2026-09-16 19:26
CastHour,雪上断火,HIP ROCK3,Des-ROW・組,0,0,0,0,0,---,NO PLAY,---,6,0,0,0,---,NO PLAY,---,10,0,0,0,---,EX HARD CLEAR,---,12,0,0,0,---,HARD CLEAR,---,0,0,0,0,---,NO PLAY,---,2026-09-16 19:26
CastHour,青の洞窟,AQUARIUM QUARTERSTEP,Ujico*,0,0,0,0,0,---,NO PLAY,---,4,0,0,0,---,NO PLAY,---,9,0,0,0,---,NO PLAY,---,11,0,0,0,---,EX HARD CLEAR,---,0,0,0,0,---,NO PLAY,---,2026-09-16 19:26
CastHour,黒紅掬い,SHOWA RETRO,猫叉Master feat.霜月はるか,0,0,0,0,0,---,NO PLAY,---,4,0,0,0,---,FULLCOMBO CLEAR,---,7,0,0,0,---,FULLCOMBO CLEAR,---,9,0,0,0,---,FULLCOMBO CLEAR,---,0,0,0,0,---,NO PLAY,---,2026-09-16 19:26
RESIDENT,#CMFLG,HARD TRIBAL,Qlarabelle,0,0,0,0,0,---,NO PLAY,---,6,0,0,0,---,NO PLAY,---,10,0,0,0,---,EX HARD CLEAR,---,12,0,0,0,---,EX HARD CLEAR,---,0,0,0,0,---,NO PLAY,---,2026-09-16 19:26
RESIDENT,24h Endurance Race,HARDCORE,BEMANI Sound Team "Risk Junk",0,0,0,0,0,---,NO PLAY,---,6,0,0,0,---,NO PLAY,---,10,0,0,0,---,NO PLAY,---,12,0,0,0,---,HARD CLEAR,---,0,0,0,0,---,NO PLAY,---,2026-09-16 19:26
RESIDENT,3V0,NEO DANCE SPEED,BlackY,0,0,0,0,0,---,NO PLAY,---,5,0,0,0,---,NO PLAY,---,9,0,0,0,---,NO PLAY,---,11,0,0,0,---,EX HARD CLEAR,---,0,0,0,0,---,NO PLAY,---,2026-09-16 19:26
RESIDENT,7 Colors,PRISM EURO,kors k feat.吉河順央,0,0,0,0,0,---,NO PLAY,---,4,0,0,0,---,NO PLAY,---,7,0,0,0,---,NO PLAY,---,10,0,0,0,---,EX HARD CLEAR,---,0,0,0,0,---,NO PLAY,---,2026-09-16 19:26
RESIDENT,[ ]DENTITY,FORTUNE OVERTURE,BEMANI Sound Team "HuΣeR",0,0,0,0,0,---,NO PLAY,---,6,0,0,0,---,NO PLAY,---,10,0,0,0,---,FULLCOMBO CLEAR,---,12,0,0,0,---,HARD CLEAR,---,0,0,0,0,---,NO PLAY,---,2026-09-16 19:26
RESIDENT,Always We Trust In You,EMOTIONAL HAPPY EUPHORIA,nora2r,0,0,0,0,0,---,NO PLAY,---,6,0,0,0,---,NO PLAY,---,9,0,0,0,---,NO PLAY,---,12,0,0,0,---,EX HARD CLEAR,---,0,0,0,0,---,NO PLAY,---,2026-09-16 19:26
RESIDENT,Ambush Ace,ELECTRO FUSION,Xceon,0,0,0,0,0,---,NO PLAY,---,5,0,0,0,---,NO PLAY,---,9,0,0,0,---,EX HARD CLEAR,---,11,0,0,0,---,EX HARD CLEAR,---,0,0,0,0,---,NO PLAY,---,2026-09-16 19:26
RESIDENT,AWA AWA,BOSSA NA NOKA,Snail's House,0,0,0,0,0,---,NO PLAY,---,4,0,0,0,---,NO PLAY,---,7,0,0,0,---,NO PLAY,---,10,0,0,0,---,EX HARD CLEAR,---,0,0,0,0,---,NO PLAY,---,2026-09-16 19:26
RESIDENT,B.O.D.Y.,HARD BODY MUSIC,BEMANI Sound Team "L.E.D. Sota F."& Starbitz,0,0,0,0,0,---,NO PLAY,---,6,0,0,0,---,NO PLAY,---,10,0,0,0,---,EX HARD CLEAR,---,12,0,0,0,---,EX HARD CLEAR,---,0,0,0,0,---,NO PLAY,---,2026-09-16 19:26
RESIDENT,Bad Encryption,NEO INDUSTRIAL,BEMANI Sound Team "ZAQUVA" respect for teranoid,0,0,0,0,0,---,NO PLAY,---,7,0,0,0,---,NO PLAY,---,10,0,0,0,---,EX HARD CLEAR,---,12,0,0,0,---,HARD CLEAR,---,0,0,0,0,---,NO PLAY,---,2026-09-16 19:26
RESIDENT,Beyond Evolution,CULMINATION,Hekatoncheir,0,0,0,0,0,---,NO PLAY,---,7,0,0,0,---,FULLCOMBO CLEAR,---,11,0,0,0,---,FULLCOMBO CLEAR,---,12,0,0,0,---,CLEAR,---,0,0,0,0,---,NO PLAY,---,2026-09-16 19:26
RESIDENT,BIGWAVERS,EMOTIONAL HARDCORE SUMMERS,BlackY,0,0,0,0,0,---,NO PLAY,---,6,0,0,0,---,NO PLAY,---,9,0,0,0,---,NO PLAY,---,12,0,0,0,---,EX HARD CLEAR,---,0,0,0,0,---,NO PLAY,---,2026-09-16 19:26
RESIDENT,C-C-C-N-N-N,ELECTRONICORE,RoughSkreamZ feat. Aikapin,0,0,0,0,0,---,NO PLAY,---,5,0,0,0,---,NO PLAY,---,9,0,0,0,---,NO PLAY,---,11,0,0,0,---,EX HARD CLEAR,---,0,0,0,0,---,NO PLAY,---,2026-09-16 19:26
RESIDENT,Caldwell 99,STARRY BASS HOUSE,BlackY,0,0,0,0,0,---,NO PLAY,---,6,0,0,0,---,NO PLAY,---,9,0,0,0,---,NO PLAY,---,11,0,0,0,---,EX HARD CLEAR,---,12,0,0,0,---,HARD CLEAR,---,2026-09-16 19:26
RESIDENT,Chaotoxin,HELETIC BREAK D'n'B,Feryquitous,0,0,0,0,0,---,NO PLAY,---,5,0,0,0,---,NO PLAY,---,9,0,0,0,---,NO PLAY,---,12,0,0,0,---,HARD CLEAR,---,0,0,0,0,---,NO PLAY,---,2026-09-16 19:26
RESIDENT,CODE -CRiMSON-,NRG SCHRANZ,Shiron,0,0,0,0,0,---,NO PLAY,---,6,0,0,0,---,NO PLAY,---,9,0,0,0,---,NO PLAY,---,11,0,0,0,---,EX HARD CLEAR,---,0,0,0,0,---,NO PLAY,---,2026-09-16 19:26
RESIDENT,CUE CUE RESCUE,EMERGENCY CORE,TORIENA,0,0,0,0,0,---,NO PLAY,---,5,0,0,0,---,NO PLAY,---,8,0,0,0,---,NO PLAY,---,10,0,0,0,---,FULLCOMBO CLEAR,---,12,0,0,0,---,EX HARD CLEAR,---,2026-09-16 19:26
RESIDENT,dica dica,ACID RAVE,REMO-CON,0,0,0,0,0,---,NO PLAY,---,5,0,0,0,---,NO PLAY,---,10,0,0,0,---,EX HARD CLEAR,---,12,0,0,0,---,HARD CLEAR,---,0,0,0,0,---,NO PLAY,---,2026-09-16 19:26
RESIDENT,Dreaming Dream,DANCE POP,MK feat. 紫咲ほたる,0,0,0,0,0,---,NO PLAY,---,4,0,0,0,---,NO PLAY,---,7,0,0,0,---,NO PLAY,---,10,0,0,0,---,FULLCOMBO CLEAR,---,0,0,0,0,---,NO PLAY,---,2026-09-16 19:26
RESIDENT,Driver,BIGROOM D&B,Masayoshi Iimori,0,0,0,0,0,---,NO PLAY,---,5,0,0,0,---,NO PLAY,---,7,0,0,0,---,NO PLAY,---,9,0,0,0,---,EX HARD CLEAR,---,0,0,0,0,---,NO PLAY,---,2026-09-16 19:26
RESIDENT,EXODUS SIGN,TEAROUT BREAKS,Blacklolita,0,0,0,0,0,---,NO PLAY,---,6,0,0,0,---,NO PLAY,---,9,0,0,0,---,NO PLAY,---,11,0,0,0,---,EX HARD CLEAR,---,0,0,0,0,---,NO PLAY,---,2026-09-16 19:26
RESIDENT,Fading Stars,TRANCE,Nhato,0,0,0,0,0,---,NO PLAY,---,5,0,0,0,---,NO PLAY,---,8,0,0,0,---,NO PLAY,---,10,0,0,0,---,FULLCOMBO CLEAR,---,0,0,0,0,---,NO PLAY,---,2026-09-16 19:26
RESIDENT,FLARE -炎舞- ft.Nana Takahashi,BPL S3 THEME,BEMANI Sound Team "dj TAKA" Vs SOUND HOLIC,0,0,0,0,0,---,NO PLAY,---,5,0,0,0,---,NO PLAY,---,8,0,0,0,---,NO PLAY,---,10,0,0,0,---,FULLCOMBO CLEAR,---,0,0,0,0,---,NO PLAY,---,2026-09-16 19:26
RESIDENT,Get On Your Feet,HYBRID TRANCE,Nhato,0,0,0,0,0,---,NO PLAY,---,5,0,0,0,---,NO PLAY,---,9,0,0,0,---,FULLCOMBO CLEAR,---,11,0,0,0,---,EX HARD CLEAR,---,0,0,0,0,---,NO PLAY,---,2026-09-16 19:26
RESIDENT,GET UP AGAIN,COMPETITIVE ROCKSTEP,Zekk feat. くらべ,0,0,0,0,0,---,NO PLAY,---,6,0,0,0,---,NO PLAY,---,8,0,0,0,---,NO PLAY,---,10,0,0,0,---,FULLCOMBO CLEAR,---,0,0,0,0,---,NO PLAY,---,2026-09-16 19:26
RESIDENT,glacia,ARTCORE,DJ TOTTO,0,0,0,0,0,---,NO PLAY,---,6,0,0,0,---,NO PLAY,---,10,0,0,0,---,EX HARD CLEAR,---,12,0,0,0,---,EX HARD CLEAR,---,0,0,0,0,---,NO PLAY,---,2026-09-16 19:26
RESIDENT,Hat Surprise (Season 2),UK HARDCORE,Hommarju,0,0,0,0,0,---,NO PLAY,---,5,0,0,0,---,NO PLAY,---,9,0,0,0,---,NO PLAY,---,12,0,0,0,---,EX HARD CLEAR,---,0,0,0,0,---,NO PLAY,---,2026-09-16 19:26
RESIDENT,I,CHIP ELECTRO,黒魔,0,0,0,0,0,---,NO PLAY,---,6,0,0,0,---,NO PLAY,---,10,0,0,0,---,EX HARD CLEAR,---,12,0,0,0,---,EX HARD CLEAR,---,0,0,0,0,---,NO PLAY,---,2026-09-16 19:26
RESIDENT,KING,IIDX EDITION,Remixed by SOUND HOLIC feat. はるの,0,0,0,0,0,---,NO PLAY,---,4,0,0,0,---,NO PLAY,---,9,0,0,0,---,ASSIST CLEAR,---,11,0,0,0,---,EX HARD CLEAR,---,12,0,0,0,---,EX HARD CLEAR,---,2026-09-16 19:26
RESIDENT,kors k's How to make OTOGE CORE 「LONG」,CHANNEL K,kors k,0,0,0,0,0,---,NO PLAY,---,6,0,0,0,---,NO PLAY,---,10,0,0,0,---,EX HARD CLEAR,---,12,0,0,0,---,EX HARD CLEAR,---,0,0,0,0,---,NO PLAY,---,2026-09-16 19:26
RESIDENT,LADS,HYBRID FOLK,BEMANI Sound Team "PON",0,0,0,0,0,---,NO PLAY,---,5,0,0,0,---,NO PLAY,---,7,0,0,0,---,NO PLAY,---,10,0,0,0,---,EX HARD CLEAR,---,0,0,0,0,---,NO PLAY,---,2026-09-16 19:26
RESIDENT,Level 4,DnB,Yamato,0,0,0,0,0,---,NO PLAY,---,6,0,0,0,---,NO PLAY,---,10,0,0,0,---,EX HARD CLEAR,---,12,0,0,0,---,HARD CLEAR,---,0,0,0,0,---,NO PLAY,---,2026-09-16 19:26
RESIDENT,LOUDER ROLLING THUNDER,MASSIVE MIXTURE,BEMANI Sound Team "Dustup Vs. L.E.D.-G",0,0,0,0,0,---,NO PLAY,---,6,0,0,0,---,NO PLAY,---,10,0,0,0,---,NO PLAY,---,12,0,0,0,---,HARD CLEAR,---,0,0,0,0,---,NO PLAY,---,2026-09-16 19:26
RESIDENT,MAX 360,HARDCORE TECHNO,BEMANI Sound Team "[x]",0,0,0,0,0,---,NO PLAY,---,6,0,0,0,---,NO PLAY,---,10,0,0,0,---,EX HARD CLEAR,---,12,0,0,0,---,EX HARD CLEAR,---,0,0,0,0,---,NO PLAY,---,2026-09-16 19:26
RESIDENT,Meissa,PROGRESSIVE DRUM'N'BASS,BEMANI Sound Team "Yvya",0,0,0,0,0,---,NO PLAY,---,5,0,0,0,---,NO PLAY,---,9,0,0,0,---,EX HARD CLEAR,---,12,0,0,0,---,EX HARD CLEAR,---,0,0,0,0,---,NO PLAY,---,2026-09-16 19:26
RESIDENT,Next Level,DRUM & BASS,Maozon,0,0,0,0,0,---,NO PLAY,---,5,0,0,0,---,NO PLAY,---,8,0,0,0,---,NO PLAY,---,10,0,0,0,---,EX HARD CLEAR,---,0,0,0,0,---,NO PLAY,---,2026-09-16 19:26
RESIDENT,No Border,TRANCE,BEMANI Sound Team "dj TAKA" feat.Sana,0,0,0,0,0,---,NO PLAY,---,6,0,0,0,---,NO PLAY,---,10,0,0,0,---,FULLCOMBO CLEAR,---,12,0,0,0,---,EX HARD CLEAR,---,0,0,0,0,---,NO PLAY,---,2026-09-16 19:26
RESIDENT,ONE AND ONLY,RAVE IN THE GAME,Yuta Imai,0,0,0,0,0,---,NO PLAY,---,6,0,0,0,---,NO PLAY,---,10,0,0,0,---,FULLCOMBO CLEAR,---,12,0,0,0,---,EX HARD CLEAR,---,0,0,0,0,---,NO PLAY,---,2026-09-16 19:26
RESIDENT,Ou Legends,TOHOKU NEURO DENSETSU,かめりあ,0,0,0,0,0,---,NO PLAY,---,6,0,0,0,---,NO PLAY,---,10,0,0,0,---,FULLCOMBO CLEAR,---,12,0,0,0,---,HARD CLEAR,---,0,0,0,0,---,NO PLAY,---,2026-09-16 19:26
RESIDENT,OVER VOLTAGE,HARDSTYLE,Yuta Imai,0,0,0,0,0,---,NO PLAY,---,6,0,0,0,---,NO PLAY,---,9,0,0,0,---,NO PLAY,---,11,0,0,0,---,EX HARD CLEAR,---,0,0,0,0,---,NO PLAY,---,2026-09-16 19:26
RESIDENT,Peaktime Booster,RAPCORE,らっぷびと Prod. by RoughSketch & NUE,0,0,0,0,0,---,NO PLAY,---,6,0,0,0,---,NO PLAY,---,10,0,0,0,---,EX HARD CLEAR,---,12,0,0,0,---,HARD CLEAR,---,0,0,0,0,---,NO PLAY,---,2026-09-16 19:26
RESIDENT,Perfect Plan,CRIME JAZZ BROKEN BEATS,Dirty Androids,0,0,0,0,0,---,NO PLAY,---,6,0,0,0,---,FULLCOMBO CLEAR,---,9,0,0,0,---,NO PLAY,---,11,0,0,0,---,EX HARD CLEAR,---,0,0,0,0,---,NO PLAY,---,2026-09-16 19:26
RESIDENT,Programmed Genom,PSYCHEDELIC TRANCE,kors k,0,0,0,0,0,---,NO PLAY,---,5,0,0,0,---,NO PLAY,---,8,0,0,0,---,NO PLAY,---,11,0,0,0,---,EX HARD CLEAR,---,0,0,0,0,---,NO PLAY,---,2026-09-16 19:26
RESIDENT,Red Soul,HARDCORE,RoughSketch,0,0,0,0,0,---,NO PLAY,---,6,0,0,0,---,NO PLAY,---,9,0,0,0,---,EX HARD CLEAR,---,11,0,0,0,---,FULLCOMBO CLEAR,---,0,0,0,0,---,NO PLAY,---,2026-09-16 19:26
RESIDENT,Rewind Time,GLITCH HOP,Dazsta,0,0,0,0,0,---,NO PLAY,---,4,0,0,0,---,NO PLAY,---,7,0,0,0,---,FULLCOMBO CLEAR,---,10,0,0,0,---,EX HARD CLEAR,---,0,0,0,0,---,NO PLAY,---,2026-09-16 19:26
RESIDENT,RINNE,SYMPHONIC SAVIOR,GeMiNioN,0,0,0,0,0,---,NO PLAY,---,5,0,0,0,---,NO PLAY,---,10,0,0,0,---,NO PLAY,---,12,0,0,0,---,HARD CLEAR,---,0,0,0,0,---,NO PLAY,---,2026-09-16 19:26
RESIDENT,Ruler or Loser,DRUM & BASS,Maozon feat. Nadia,0,0,0,0,0,---,NO PLAY,---,5,0,0,0,---,NO PLAY,---,8,0,0,0,---,NO PLAY,---,11,0,0,0,---,EX HARD CLEAR,---,0,0,0,0,---,NO PLAY,---,2026-09-16 19:26
RESIDENT,Seraph,UNSUNG SHADOWS,satella feat.棗いつき,0,0,0,0,0,---,NO PLAY,---,5,0,0,0,---,NO PLAY,---,9,0,0,0,---,NO PLAY,---,11,0,0,0,---,FULLCOMBO CLEAR,---,0,0,0,0,---,NO PLAY,---,2026-09-16 19:26
RESIDENT,Shadow World,STYLISH CONTEMPORARY,BEMANI Sound Team "HuΣeR × 猫叉Master" feat.Emi Evans,0,0,0,0,0,---,NO PLAY,---,4,0,0,0,---,NO PLAY,---,8,0,0,0,---,FULLCOMBO CLEAR,---,11,0,0,0,---,EX HARD CLEAR,---,0,0,0,0,---,NO PLAY,---,2026-09-16 19:26
RESIDENT,Shamshir,G-HOUSE,Blacklolita,0,0,0,0,0,---,NO PLAY,---,5,0,0,0,---,NO PLAY,---,8,0,0,0,---,FULLCOMBO CLEAR,---,10,0,0,0,---,EX HARD CLEAR,---,0,0,0,0,---,NO PLAY,---,2026-09-16 19:26
RESIDENT,Somnidiscotheque,SUBCONSCIOUS FRAGMENT,夢路 歩,0,0,0,0,0,---,NO PLAY,---,6,0,0,0,---,FULLCOMBO CLEAR,---,10,0,0,0,---,EX HARD CLEAR,---,12,0,0,0,---,HARD CLEAR,---,0,0,0,0,---,NO PLAY,---,2026-09-16 19:26
RESIDENT,STAR BEAT,COLOUR BASS,MK,0,0,0,0,0,---,NO PLAY,---,4,0,0,0,---,NO PLAY,---,8,0,0,0,---,NO PLAY,---,10,0,0,0,---,EX HARD CLEAR,---,0,0,0,0,---,NO PLAY,---,2026-09-16 19:26
RESIDENT,STRAIGHT TO THE STARS,COLOUR BASS BREAKS,BEMANI Sound Team "Expander" feat. Starbitz,0,0,0,0,0,---,NO PLAY,---,5,0,0,0,---,NO PLAY,---,8,0,0,0,---,EX HARD CLEAR,---,11,0,0,0,---,EX HARD CLEAR,---,0,0,0,0,---,NO PLAY,---,2026-09-16 19:26
RESIDENT,Stylus,STYLISH ELECTRO,BEMANI Sound Team "HuΣeR",0,0,0,0,0,---,NO PLAY,---,6,0,0,0,---,NO PLAY,---,10,0,0,0,---,FULLCOMBO CLEAR,---,12,0,0,0,---,EX HARD CLEAR,---,0,0,0,0,---,NO PLAY,---,2026-09-16 19:26
RESIDENT,Summerblue,GAME MUSIC,Toby Fox & Camellia,0,0,0,0,0,---,NO PLAY,---,5,0,0,0,---,NO PLAY,---,8,0,0,0,---,NO PLAY,---,10,0,0,0,---,FULLCOMBO CLEAR,---,0,0,0,0,---,NO PLAY,---,2026-09-16 19:26
RESIDENT,Sunny Day Vibes,FUTURE CORE,Mameyudoufu,0,0,0,0,0,---,NO PLAY,---,6,0,0,0,---,NO PLAY,---,9,0,0,0,---,NO PLAY,---,11,0,0,0,---,EX HARD CLEAR,---,0,0,0,0,---,NO PLAY,---,2026-09-16 19:26
RESIDENT,Super Freak,HARDCORE,Hommarju,0,0,0,0,0,---,NO PLAY,---,5,0,0,0,---,NO PLAY,---,9,0,0,0,---,NO PLAY,---,12,0,0,0,---,EX HARD CLEAR,---,0,0,0,0,---,NO PLAY,---,2026-09-16 19:26
RESIDENT,suspicions,JAZZ CORE,BEMANI Sound Team "猫叉Master VS dj TAKA",0,0,0,0,0,---,NO PLAY,---,6,0,0,0,---,NO PLAY,---,10,0,0,0,---,EX HARD CLEAR,---,12,0,0,0,---,HARD CLEAR,---,0,0,0,0,---,NO PLAY,---,2026-09-16 19:26
RESIDENT,Swing My Wonderland,ULTRA JAZZFUNKTION,lapix,0,0,0,0,0,---,NO PLAY,---,5,0,0,0,---,NO PLAY,---,9,0,0,0,---,NO PLAY,---,11,0,0,0,---,EX HARD CLEAR,---,0,0,0,0,---,NO PLAY,---,2026-09-16 19:26
RESIDENT,TECHNOPHOBIA,TECH/ELECTRO,BEMANI Sound Team "HuΣeR",0,0,0,0,0,---,NO PLAY,---,5,0,0,0,---,NO PLAY,---,8,0,0,0,---,NO PLAY,---,12,0,0,0,---,HARD CLEAR,---,0,0,0,0,---,NO PLAY,---,2026-09-16 19:26
RESIDENT,The Clown of 24stairs,DISSOCIATIVE IDENTITY DISORDER,Yu_Asahina,0,0,0,0,0,---,NO PLAY,---,6,0,0,0,---,NO PLAY,---,10,0,0,0,---,EX HARD CLEAR,---,12,0,0,0,---,HARD CLEAR,---,0,0,0,0,---,NO PLAY,---,2026-09-16 19:26
RESIDENT,THE TIME MACHINE,HARDWAVE/STYLE,Yuta Imai,0,0,0,0,0,---,NO PLAY,---,6,0,0,0,---,NO PLAY,---,9,0,0,0,---,NO PLAY,---,11,0,0,0,---,EX HARD CLEAR,---,0,0,0,0,---,NO PLAY,---,2026-09-16 19:26
RESIDENT,VOID,EXTREME EXPERIMENTAL,BEMANI Sound Team "Darker Vs. JUSTICE",0,0,0,0,0,---,NO PLAY,---,7,0,0,0,---,NO PLAY,---,10,0,0,0,---,FAILED,---,12,0,0,0,---,HARD CLEAR,---,0,0,0,0,---,NO PLAY,---,2026-09-16 19:26
RESIDENT,VOLAQUAS,EMPYREAL HYDRO ARTCORE,BEMANI Sound Team "DJ TOTTO VS 兎々",0,0,0,0,0,---,NO PLAY,---,7,0,0,0,---,NO PLAY,---,10,0,0,0,---,NO PLAY,---,12,0,0,0,---,EX HARD CLEAR,---,0,0,0,0,---,NO PLAY,---,2026-09-16 19:26
RESIDENT,VOLCANIC BIGBEAT,TECH-BIGBEAT,DJ Mass MAD Izm*,0,0,0,0,0,---,NO PLAY,---,6,0,0,0,---,NO PLAY,---,9,0,0,0,---,NO PLAY,---,11,0,0,0,---,HARD CLEAR,---,0,0,0,0,---,NO PLAY,---,2026-09-16 19:26
RESIDENT,wanna be a "BAD GIRL" feat. Nana Takahashi,FUNK POP,Nhato,0,0,0,0,0,---,NO PLAY,---,3,0,0,0,---,NO PLAY,---,6,0,0,0,---,NO PLAY,---,9,0,0,0,---,FULLCOMBO CLEAR,---,0,0,0,0,---,NO PLAY,---,2026-09-16 19:26
RESIDENT,With You,DANCE,BANVOX,0,0,0,0,0,---,NO PLAY,---,4,0,0,0,---,NO PLAY,---,8,0,0,0,---,FULLCOMBO CLEAR,---,11,0,0,0,---,EX HARD CLEAR,---,0,0,0,0,---,NO PLAY,---,2026-09-16 19:26
RESIDENT,Xerulean,HAPPY HARDCORE,BEMANI Sound Team "ZAQUVA",0,0,0,0,0,---,NO PLAY,---,7,0,0,0,---,NO PLAY,---,10,0,0,0,---,EX HARD CLEAR,---,12,0,0,0,---,HARD CLEAR,---,0,0,0,0,---,NO PLAY,---,2026-09-16 19:26
RESIDENT,ZENITH,ARCADE CORE,Ashrount vs polysha,0,0,0,0,0,---,NO PLAY,---,6,0,0,0,---,NO PLAY,---,9,0,0,0,---,NO PLAY,---,11,0,0,0,---,EX HARD CLEAR,---,0,0,0,0,---,NO PLAY,---,2026-09-16 19:26
RESIDENT,≡+≡,NIGHTCORE,Ryu☆,0,0,0,0,0,---,NO PLAY,---,7,0,0,0,---,NO PLAY,---,10,0,0,0,---,EX HARD CLEAR,---,11,0,0,0,---,FULLCOMBO CLEAR,---,12,0,0,0,---,HARD CLEAR,---,2026-09-16 19:26
RESIDENT,■□模様,ALTERNATIVE SHIBUYA E-POP,BEMANI Sound Team "PHQUASE" feat.紫崎 雪,0,0,0,0,0,---,NO PLAY,---,5,0,0,0,---,NO PLAY,---,8,0,0,0,---,NO PLAY,---,10,0,0,0,---,FULLCOMBO CLEAR,---,0,0,0,0,---,NO PLAY,---,2026-09-16 19:26
RESIDENT,《ORDERBREAKER》,GODSPEED,Blacklolita,0,0,0,0,0,---,NO PLAY,---,6,0,0,0,---,NO PLAY,---,9,0,0,0,---,NO PLAY,---,11,0,0,0,---,EX HARD CLEAR,---,0,0,0,0,---,NO PLAY,---,2026-09-16 19:26
RESIDENT,あるビー！ feat.ころねぽち,ピコピコ電波ソング,ヒゲドライバー,0,0,0,0,0,---,NO PLAY,---,4,0,0,0,---,NO PLAY,---,9,0,0,0,---,NO PLAY,---,11,0,0,0,---,EX HARD CLEAR,---,0,0,0,0,---,NO PLAY,---,2026-09-16 19:26
RESIDENT,おとせサンダー,J-ROCK,ぼっちぼろまる,0,0,0,0,0,---,NO PLAY,---,4,0,0,0,---,NO PLAY,---,7,0,0,0,---,NO PLAY,---,10,0,0,0,---,EX HARD CLEAR,---,0,0,0,0,---,NO PLAY,---,2026-09-16 19:26
RESIDENT,きゅんです。,ROCK,Pizuya's Cell,0,0,0,0,0,---,NO PLAY,---,4,0,0,0,---,NO PLAY,---,7,0,0,0,---,ASSIST CLEAR,---,10,0,0,0,---,EX HARD CLEAR,---,0,0,0,0,---,NO PLAY,---,2026-09-16 19:26
RESIDENT,ぞうしょく！？マイデンティティ,バーチャルマルチコア,DJ SHARPNEL feat. みらい,0,0,0,0,0,---,NO PLAY,---,6,0,0,0,---,NO PLAY,---,10,0,0,0,---,NO PLAY,---,12,0,0,0,---,HARD CLEAR,---,0,0,0,0,---,NO PLAY,---,2026-09-16 19:26
RESIDENT,ちょえちょえまぎか,ROCK,Pizuya's Cell,0,0,0,0,0,---,NO PLAY,---,6,0,0,0,---,NO PLAY,---,10,0,0,0,---,NO PLAY,---,11,0,0,0,---,FULLCOMBO CLEAR,---,0,0,0,0,---,NO PLAY,---,2026-09-16 19:26
RESIDENT,サヨナラ・ヘヴン-Celtic Chip Dance Mix-,BEMANI 8BIT COLLECTION,しのりゅー,0,0,0,0,0,---,NO PLAY,---,4,0,0,0,---,NO PLAY,---,7,0,0,0,---,NO PLAY,---,10,0,0,0,---,EX HARD CLEAR,---,0,0,0,0,---,NO PLAY,---,2026-09-16 19:26
RESIDENT,チェイスチェイスジョーカーズのうた (オニスタイルリミックス),ウラシュダイカ,ちよこ & 一ノ瀬 月琉 Prod. by RoughSketch & NUE,0,0,0,0,0,---,NO PLAY,---,5,0,0,0,---,NO PLAY,---,9,0,0,0,---,NO PLAY,---,11,0,0,0,---,EX HARD CLEAR,---,0,0,0,0,---,NO PLAY,---,2026-09-16 19:26
RESIDENT,パーフェクトイーター,ROCK,BEMANI Sound Team "PON" feat.かなたん,0,0,0,0,0,---,NO PLAY,---,5,0,0,0,---,NO PLAY,---,9,0,0,0,---,NO PLAY,---,11,0,0,0,---,EX HARD CLEAR,---,0,0,0,0,---,NO PLAY,---,2026-09-16 19:26
RESIDENT,儚キ戀ノ幻想譚,和風歌謡硬核音楽,まろん feat. あやぽんず＊ (森羅万象),0,0,0,0,0,---,NO PLAY,---,7,0,0,0,---,NO PLAY,---,10,0,0,0,---,EX HARD CLEAR,---,12,0,0,0,---,HARD CLEAR,---,0,0,0,0,---,NO PLAY,---,2026-09-16 19:26
RESIDENT,少年リップルズ,EMOCTRO,常盤ゆう,0,0,0,0,0,---,NO PLAY,---,4,0,0,0,---,NO PLAY,---,9,0,0,0,---,NO PLAY,---,11,0,0,0,---,FULLCOMBO CLEAR,---,0,0,0,0,---,NO PLAY,---,2026-09-16 19:26
RESIDENT,恋愛＝精度×認識力,HARDCORE×ソフラン×変拍子×萌え,立秋 vs. BEMANI Sound Team "L.E.D.-G" feat.ちょこ＆ななひら,0,0,0,0,0,---,NO PLAY,---,7,0,0,0,---,ASSIST CLEAR,---,10,0,0,0,---,EX HARD CLEAR,---,12,0,0,0,---,HARD CLEAR,---,0,0,0,0,---,NO PLAY,---,2026-09-16 19:26
RESIDENT,惑星☆ロリポップ,ANIMTRIBE POP,SOUND HOLIC feat. Nana Takahashi,0,0,0,0,0,---,NO PLAY,---,4,0,0,0,---,NO PLAY,---,7,0,0,0,---,NO PLAY,---,11,0,0,0,---,EX HARD CLEAR,---,0,0,0,0,---,NO PLAY,---,2026-09-16 19:26
RESIDENT,昏き甲鉄のヴェルガ,FANTASIA,arcane feat.rionos,0,0,0,0,0,---,NO PLAY,---,4,0,0,0,---,NO PLAY,---,7,0,0,0,---,NO PLAY,---,10,0,0,0,---,FULLCOMBO CLEAR,---,0,0,0,0,---,NO PLAY,---,2026-09-16 19:26
RESIDENT,月と夢の跡 ft. マナ,J METAL×DANCE POP,Xceon,0,0,0,0,0,---,NO PLAY,---,5,0,0,0,---,NO PLAY,---,8,0,0,0,---,NO PLAY,---,10,0,0,0,---,FULLCOMBO CLEAR,---,0,0,0,0,---,NO PLAY,---,2026-09-16 19:26
RESIDENT,栄冠のカンパネラ,TRIUMPHAL MARCH,OSTER project,0,0,0,0,0,---,NO PLAY,---,7,0,0,0,---,NO PLAY,---,10,0,0,0,---,EX HARD CLEAR,---,12,0,0,0,---,HARD CLEAR,---,0,0,0,0,---,NO PLAY,---,2026-09-16 19:26
RESIDENT,楽園追放,ALTERNATIVE,中山真斗 feat. CHAN,0,0,0,0,0,---,NO PLAY,---,5,0,0,0,---,NO PLAY,---,8,0,0,0,---,FULLCOMBO CLEAR,---,10,0,0,0,---,FULLCOMBO CLEAR,---,0,0,0,0,---,NO PLAY,---,2026-09-16 19:26
RESIDENT,湘南ロンリーMIDNIGHT RAIN,歌謡ニューウェーブ,Nana Takahashi & BEMANI Sound Team "T.Kakuta",0,0,0,0,0,---,NO PLAY,---,5,0,0,0,---,NO PLAY,---,8,0,0,0,---,NO PLAY,---,10,0,0,0,---,EX HARD CLEAR,---,0,0,0,0,---,NO PLAY,---,2026-09-16 19:26
RESIDENT,異心前進♪ぴょんぴょんぴょん,EUROBEAT,天土,0,0,0,0,0,---,NO PLAY,---,5,0,0,0,---,NO PLAY,---,8,0,0,0,---,NO PLAY,---,10,0,0,0,---,EX HARD CLEAR,---,0,0,0,0,---,NO PLAY,---,2026-09-16 19:26
RESIDENT,真夜中のバベル,HOUSE,Len,0,0,0,0,0,---,NO PLAY,---,4,0,0,0,---,NO PLAY,---,7,0,0,0,---,NO PLAY,---,9,0,0,0,---,FULLCOMBO CLEAR,---,0,0,0,0,---,NO PLAY,---,2026-09-16 19:26
RESIDENT,神っぽいな,IIDX EDITION,Remixed by uno(IOSYS) & NUE feat. Chiyoko,0,0,0,0,0,---,NO PLAY,---,5,0,0,0,---,NO PLAY,---,8,0,0,0,---,NO PLAY,---,10,0,0,0,---,EX HARD CLEAR,---,12,0,0,0,---,EX HARD CLEAR,---,2026-09-16 19:26
RESIDENT,神のシナリオ,MELODIC DUBSTEP,AJURIKA,0,0,0,0,0,---,NO PLAY,---,6,0,0,0,---,NO PLAY,---,9,0,0,0,---,NO PLAY,---,12,0,0,0,---,HARD CLEAR,---,0,0,0,0,---,NO PLAY,---,2026-09-16 19:26
RESIDENT,罪過の聖堂,PIANO CONCERTO,OSTER project,0,0,0,0,0,---,NO PLAY,---,4,0,0,0,---,FULLCOMBO CLEAR,---,9,0,0,0,---,EASY CLEAR,---,11,0,0,0,---,HARD CLEAR,---,0,0,0,0,---,NO PLAY,---,2026-09-16 19:26
RESIDENT,輪廻の鴉,SPIRITUAL CORE,BEMANI Sound Team "dj TAKA",0,0,0,0,0,---,NO PLAY,---,6,0,0,0,---,NO PLAY,---,9,0,0,0,---,NO PLAY,---,11,0,0,0,---,EX HARD CLEAR,---,0,0,0,0,---,NO PLAY,---,2026-09-16 19:26
RESIDENT,雨のちパノラマセカイ,SUNNY SKY,BEMANI Sound Team "劇団レコード" feat.NU-KO,0,0,0,0,0,---,NO PLAY,---,4,0,0,0,---,NO PLAY,---,7,0,0,0,---,NO PLAY,---,10,0,0,0,---,FULLCOMBO CLEAR,---,0,0,0,0,---,NO PLAY,---,2026-09-16 19:26
RESIDENT,響花水月,HEROIC DRUM & BASS,xi feat. Risa Yuzuki,0,0,0,0,0,---,NO PLAY,---,6,0,0,0,---,NO PLAY,---,9,0,0,0,---,NO PLAY,---,11,0,0,0,---,EX HARD CLEAR,---,0,0,0,0,---,NO PLAY,---,2026-09-16 19:26
EPOLIS,20XX,CYBER BREAKCORE,COR!S,0,0,0,0,0,---,NO PLAY,---,6,0,0,0,---,NO PLAY,---,9,0,0,0,---,NO PLAY,---,11,0,0,0,---,EX HARD CLEAR,---,0,0,0,0,---,NO PLAY,---,2026-09-16 19:26
EPOLIS,ACT0,NEOTRANCE CORE,モリモリあつし,0,0,0,0,0,---,NO PLAY,---,6,0,0,0,---,NO PLAY,---,10,0,0,0,---,FULLCOMBO CLEAR,---,12,0,0,0,---,EX HARD CLEAR,---,0,0,0,0,---,NO PLAY,---,2026-09-16 19:26
EPOLIS,Aeterna,UNSUNG FANTASIA,satella feat. Risa Yuzuki,0,0,0,0,0,---,NO PLAY,---,4,0,0,0,---,FULLCOMBO CLEAR,---,8,0,0,0,---,NO PLAY,---,11,0,0,0,---,FULLCOMBO CLEAR,---,0,0,0,0,---,NO PLAY,---,2026-09-16 19:26
EPOLIS,Akatsuki,LOUD TRAP,PRIDASK,0,0,0,0,0,---,NO PLAY,---,5,0,0,0,---,NO PLAY,---,7,0,0,0,---,NO PLAY,---,10,0,0,0,---,FULLCOMBO CLEAR,---,0,0,0,0,---,NO PLAY,---,2026-09-16 19:26
EPOLIS,Ambivalent Vermilia,HARD RENAISSANCE,BEMANI Sound Team "二代目朱雀 feat.朱雀",0,0,0,0,0,---,NO PLAY,---,7,0,0,0,---,NO PLAY,---,10,0,0,0,---,EX HARD CLEAR,---,12,0,0,0,---,HARD CLEAR,---,0,0,0,0,---,NO PLAY,---,2026-09-16 19:26
EPOLIS,Amethyst,TRANCE,BlackY,0,0,0,0,0,---,NO PLAY,---,6,0,0,0,---,NO PLAY,---,9,0,0,0,---,EX HARD CLEAR,---,11,0,0,0,---,EX HARD CLEAR,---,0,0,0,0,---,NO PLAY,---,2026-09-16 19:26
EPOLIS,Bitter & Lucky,NU SYNTH BASS,DE DE MOUSE,0,0,0,0,0,---,NO PLAY,---,4,0,0,0,---,NO PLAY,---,8,0,0,0,---,NO PLAY,---,10,0,0,0,---,EX HARD CLEAR,---,0,0,0,0,---,NO PLAY,---,2026-09-16 19:26
EPOLIS,BLAZING_LAZER,BURNING RAVE,brz1128,0,0,0,0,0,---,NO PLAY,---,6,0,0,0,---,NO PLAY,---,9,0,0,0,---,NO PLAY,---,12,0,0,0,---,EX HARD CLEAR,---,0,0,0,0,---,NO PLAY,---,2026-09-16 19:26
EPOLIS,CADENZA,PSYCHEDELIC TRANCE,lapix ∞ BEMANI Sound Team "L.E.D.",0,0,0,0,0,---,NO PLAY,---,7,0,0,0,---,NO PLAY,---,10,0,0,0,---,EX HARD CLEAR,---,12,0,0,0,---,HARD CLEAR,---,0,0,0,0,---,NO PLAY,---,2026-09-16 19:26
EPOLIS,Chemical Colours,COLOUR TECHCORE,Blacklolita x BEMANI Sound Team "Expander",0,0,0,0,0,---,NO PLAY,---,5,0,0,0,---,NO PLAY,---,9,0,0,0,---,NO PLAY,---,11,0,0,0,---,EX HARD CLEAR,---,0,0,0,0,---,NO PLAY,---,2026-09-16 19:26
EPOLIS,CODE:2,HARD TECHNO,HEXA,0,0,0,0,0,---,NO PLAY,---,5,0,0,0,---,NO PLAY,---,9,0,0,0,---,FULLCOMBO CLEAR,---,12,0,0,0,---,EX HARD CLEAR,---,0,0,0,0,---,NO PLAY,---,2026-09-16 19:26
EPOLIS,COUNTING SHEEP ft. Kanae Asaba,SYMPHONIC DRUM'N'BASS,Xceon,0,0,0,0,0,---,NO PLAY,---,4,0,0,0,---,NO PLAY,---,7,0,0,0,---,FULLCOMBO CLEAR,---,10,0,0,0,---,FULLCOMBO CLEAR,---,0,0,0,0,---,NO PLAY,---,2026-09-16 19:26
EPOLIS,Cult Invitation,00's TECHNO,BEMANI Sound Team "謎の勢力",0,0,0,0,0,---,NO PLAY,---,6,0,0,0,---,NO PLAY,---,10,0,0,0,---,NO PLAY,---,12,0,0,0,---,HARD CLEAR,---,0,0,0,0,---,NO PLAY,---,2026-09-16 19:26
EPOLIS,Dahlia,HARD RENAISSANCE,BlackY,0,0,0,0,0,---,NO PLAY,---,6,0,0,0,---,NO PLAY,---,10,0,0,0,---,FULLCOMBO CLEAR,---,12,0,0,0,---,EX HARD CLEAR,---,0,0,0,0,---,NO PLAY,---,2026-09-16 19:26
EPOLIS,DAZZLE ATTACK,HAPPY HARDCORE TAKEOVER,Yuta Imai,0,0,0,0,0,---,NO PLAY,---,5,0,0,0,---,NO PLAY,---,8,0,0,0,---,NO PLAY,---,11,0,0,0,---,EX HARD CLEAR,---,0,0,0,0,---,NO PLAY,---,2026-09-16 19:26
EPOLIS,Deep Sea Mystery,NEO 90's AMBIENT JUNGLE,Dirty Androids,0,0,0,0,0,---,NO PLAY,---,6,0,0,0,---,NO PLAY,---,9,0,0,0,---,NO PLAY,---,11,0,0,0,---,EX HARD CLEAR,---,0,0,0,0,---,NO PLAY,---,2026-09-16 19:26
EPOLIS,Demon March,CINEMATIC BREAKCORE,Nhato,0,0,0,0,0,---,NO PLAY,---,6,0,0,0,---,NO PLAY,---,10,0,0,0,---,EX HARD CLEAR,---,12,0,0,0,---,HARD CLEAR,---,0,0,0,0,---,NO PLAY,---,2026-09-16 19:26
EPOLIS,Echoes of Sunfall,ETHNIC HARDSOUND,nora2r,0,0,0,0,0,---,NO PLAY,---,5,0,0,0,---,NO PLAY,---,8,0,0,0,---,FULLCOMBO CLEAR,---,11,0,0,0,---,EX HARD CLEAR,---,0,0,0,0,---,NO PLAY,---,2026-09-16 19:26
EPOLIS,frequent,MUSIC GAME TRADITIONAL,BEMANI Sound Team "dj TAKA",0,0,0,0,0,---,NO PLAY,---,5,0,0,0,---,NO PLAY,---,10,0,0,0,---,FULLCOMBO CLEAR,---,12,0,0,0,---,EX HARD CLEAR,---,0,0,0,0,---,NO PLAY,---,2026-09-16 19:26
EPOLIS,GAME ON,MIXTURE,DJ Mass MAD Izm* feat.H14 of LEONAIR,0,0,0,0,0,---,NO PLAY,---,7,0,0,0,---,NO PLAY,---,10,0,0,0,---,EX HARD CLEAR,---,12,0,0,0,---,HARD CLEAR,---,0,0,0,0,---,NO PLAY,---,2026-09-16 19:26
EPOLIS,Get Higher,ADVENTURE TRIP,BEMANI Sound Team "劇団レコード",0,0,0,0,0,---,NO PLAY,---,6,0,0,0,---,NO PLAY,---,9,0,0,0,---,EX HARD CLEAR,---,11,0,0,0,---,FULLCOMBO CLEAR,---,0,0,0,0,---,NO PLAY,---,2026-09-16 19:26
EPOLIS,Get Wicked,BIG BEAT,Maozon,0,0,0,0,0,---,NO PLAY,---,5,0,0,0,---,NO PLAY,---,8,0,0,0,---,NO PLAY,---,10,0,0,0,---,EX HARD CLEAR,---,0,0,0,0,---,NO PLAY,---,2026-09-16 19:26
EPOLIS,Ghost Pulse,NEOTRANCE,crayvxn,0,0,0,0,0,---,NO PLAY,---,6,0,0,0,---,NO PLAY,---,9,0,0,0,---,FULLCOMBO CLEAR,---,12,0,0,0,---,EX HARD CLEAR,---,0,0,0,0,---,NO PLAY,---,2026-09-16 19:26
EPOLIS,Glitch N Ride,COLOUR BASS,Eagle,0,0,0,0,0,---,NO PLAY,---,7,0,0,0,---,EX HARD CLEAR,---,10,0,0,0,---,EX HARD CLEAR,---,12,0,0,0,---,HARD CLEAR,---,0,0,0,0,---,NO PLAY,---,2026-09-16 19:26
EPOLIS,GloriosA,XYMPHONIC TECHCORE,KARUT,0,0,0,0,0,---,NO PLAY,---,6,0,0,0,---,NO PLAY,---,9,0,0,0,---,CLEAR,---,11,0,0,0,---,EX HARD CLEAR,---,0,0,0,0,---,NO PLAY,---,2026-09-16 19:26
EPOLIS,GLORIOUS HAMMER,DUBSTEP,AJURIKA,0,0,0,0,0,---,NO PLAY,---,6,0,0,0,---,NO PLAY,---,9,0,0,0,---,NO PLAY,---,11,0,0,0,---,EX HARD CLEAR,---,0,0,0,0,---,NO PLAY,---,2026-09-16 19:26
EPOLIS,Hard Breaker,HARD TRANCE,Nhato,0,0,0,0,0,---,NO PLAY,---,4,0,0,0,---,NO PLAY,---,8,0,0,0,---,NO PLAY,---,10,0,0,0,---,EX HARD CLEAR,---,0,0,0,0,---,NO PLAY,---,2026-09-16 19:26
EPOLIS,Hat Surprise (Season 3),UK HARDCORE,Hommarju,0,0,0,0,0,---,NO PLAY,---,6,0,0,0,---,NO PLAY,---,10,0,0,0,---,NO PLAY,---,11,0,0,0,---,EX HARD CLEAR,---,0,0,0,0,---,NO PLAY,---,2026-09-16 19:26
EPOLIS,i-ii,HITECH NHI FULLON,かめりあ,0,0,0,0,0,---,NO PLAY,---,6,0,0,0,---,NO PLAY,---,9,0,0,0,---,NO PLAY,---,11,0,0,0,---,EX HARD CLEAR,---,0,0,0,0,---,NO PLAY,---,2026-09-16 19:26
EPOLIS,INHERITANCE,TRANCE CORE,Zekk,0,0,0,0,0,---,NO PLAY,---,6,0,0,0,---,NO PLAY,---,9,0,0,0,---,FULLCOMBO CLEAR,---,11,0,0,0,---,EX HARD CLEAR,---,12,0,0,0,---,HARD CLEAR,---,2026-09-16 19:26
EPOLIS,Iris,EMOTIONAL J-POP,BEMANI Sound Team "HuΣeR" feat.紫村 花澄,0,0,0,0,0,---,NO PLAY,---,4,0,0,0,---,NO PLAY,---,7,0,0,0,---,FULLCOMBO CLEAR,---,10,0,0,0,---,FULLCOMBO CLEAR,---,0,0,0,0,---,NO PLAY,---,2026-09-16 19:26
EPOLIS,Jumper,DRUM'N'BASS,Masayoshi Iimori,0,0,0,0,0,---,NO PLAY,---,4,0,0,0,---,NO PLAY,---,7,0,0,0,---,NO PLAY,---,10,0,0,0,---,EX HARD CLEAR,---,0,0,0,0,---,NO PLAY,---,2026-09-16 19:26
EPOLIS,Just Gimme,CYBER DRUMSTEP,Maozon,0,0,0,0,0,---,NO PLAY,---,5,0,0,0,---,NO PLAY,---,8,0,0,0,---,NO PLAY,---,11,0,0,0,---,EX HARD CLEAR,---,0,0,0,0,---,NO PLAY,---,2026-09-16 19:26
EPOLIS,JUSTICE/GUILTY feat. Nana Takahashi & 709sec.,ROCKIN' DRUM & BASS,BEMANI Sound Team "L.E.D.",0,0,0,0,0,---,NO PLAY,---,7,0,0,0,---,NO PLAY,---,10,0,0,0,---,EX HARD CLEAR,---,12,0,0,0,---,EX HARD CLEAR,---,0,0,0,0,---,NO PLAY,---,2026-09-16 19:26
EPOLIS,Level 5,Drumstep / Bass House / Dnb,Yamato,0,0,0,0,0,---,NO PLAY,---,6,0,0,0,---,NO PLAY,---,10,0,0,0,---,ASSIST CLEAR,---,12,0,0,0,---,CLEAR,---,0,0,0,0,---,NO PLAY,---,2026-09-16 19:26
EPOLIS,MAXIMUM CHEAT GIRL,MAXIMUM GAME-BREAKING HARDCORE,かめりあ feat. ななひら,0,0,0,0,0,---,NO PLAY,---,6,0,0,0,---,NO PLAY,---,10,0,0,0,---,FULLCOMBO CLEAR,---,12,0,0,0,---,EX HARD CLEAR,---,0,0,0,0,---,NO PLAY,---,2026-09-16 19:26
EPOLIS,Million Dollar,PARTICULAR NIGHTSCAPE,Dirty Androids,0,0,0,0,0,---,NO PLAY,---,6,0,0,0,---,NO PLAY,---,10,0,0,0,---,FULLCOMBO CLEAR,---,12,0,0,0,---,HARD CLEAR,---,0,0,0,0,---,NO PLAY,---,2026-09-16 19:26
EPOLIS,Monkey Business,HARD DANCE,kors k,0,0,0,0,0,---,NO PLAY,---,5,0,0,0,---,NO PLAY,---,8,0,0,0,---,ASSIST CLEAR,---,11,0,0,0,---,EX HARD CLEAR,---,0,0,0,0,---,NO PLAY,---,2026-09-16 19:26
EPOLIS,Mukade,SCHRANZ,kors k,0,0,0,0,0,---,NO PLAY,---,6,0,0,0,---,NO PLAY,---,9,0,0,0,---,NO PLAY,---,11,0,0,0,---,EX HARD CLEAR,---,0,0,0,0,---,NO PLAY,---,2026-09-16 19:26
EPOLIS,My Sweet Bird?,J-POP,アオワイファイ feat.秋山雫,0,0,0,0,0,---,NO PLAY,---,4,0,0,0,---,NO PLAY,---,7,0,0,0,---,NO PLAY,---,9,0,0,0,---,FULLCOMBO CLEAR,---,0,0,0,0,---,NO PLAY,---,2026-09-16 19:26
EPOLIS,NEEDLESS MY LOVE FOR YOU,ROCK,Pizuya's Cell,0,0,0,0,0,---,NO PLAY,---,5,0,0,0,---,NO PLAY,---,8,0,0,0,---,NO PLAY,---,10,0,0,0,---,FULLCOMBO CLEAR,---,0,0,0,0,---,NO PLAY,---,2026-09-16 19:26
EPOLIS,Out of Control,FREEFORM ARTCORE,CANVAS feat. Quimar,0,0,0,0,0,---,NO PLAY,---,6,0,0,0,---,FULLCOMBO CLEAR,---,10,0,0,0,---,FULLCOMBO CLEAR,---,12,0,0,0,---,HARD CLEAR,---,0,0,0,0,---,NO PLAY,---,2026-09-16 19:26
EPOLIS,out of disk space,CHARGE CORE,TORIENA,0,0,0,0,0,---,NO PLAY,---,6,0,0,0,---,NO PLAY,---,9,0,0,0,---,NO PLAY,---,11,0,0,0,---,EX HARD CLEAR,---,0,0,0,0,---,NO PLAY,---,2026-09-16 19:26
EPOLIS,PILGRIM,TRAP,crayvxn,0,0,0,0,0,---,NO PLAY,---,5,0,0,0,---,NO PLAY,---,8,0,0,0,---,NO PLAY,---,11,0,0,0,---,FULLCOMBO CLEAR,---,0,0,0,0,---,NO PLAY,---,2026-09-16 19:26
EPOLIS,Psychedelic Intelligence,PSYCHEDELIC,BEMANI Sound Team "Sota Fujimori",0,0,0,0,0,---,NO PLAY,---,6,0,0,0,---,NO PLAY,---,9,0,0,0,---,NO PLAY,---,11,0,0,0,---,EX HARD CLEAR,---,0,0,0,0,---,NO PLAY,---,2026-09-16 19:26
EPOLIS,Red Determination,HARDCORE,RoughSketch,0,0,0,0,0,---,NO PLAY,---,5,0,0,0,---,NO PLAY,---,8,0,0,0,---,NO PLAY,---,11,0,0,0,---,EX HARD CLEAR,---,0,0,0,0,---,NO PLAY,---,2026-09-16 19:26
EPOLIS,Resonant,DRUM'N'BASS,BEMANI Sound Team "猫叉Master" & かめりあ,0,0,0,0,0,---,NO PLAY,---,6,0,0,0,---,NO PLAY,---,10,0,0,0,---,EX HARD CLEAR,---,12,0,0,0,---,EX HARD CLEAR,---,0,0,0,0,---,NO PLAY,---,2026-09-16 19:26
EPOLIS,Riff//rain,THEME SONG,Rainy。,0,0,0,0,0,---,NO PLAY,---,4,0,0,0,---,NO PLAY,---,7,0,0,0,---,NO PLAY,---,9,0,0,0,---,FULLCOMBO CLEAR,---,0,0,0,0,---,NO PLAY,---,2026-09-16 19:26
EPOLIS,See You Again,HARDCORE,kors k & Numb'n'dub,0,0,0,0,0,---,NO PLAY,---,5,0,0,0,---,NO PLAY,---,9,0,0,0,---,NO PLAY,---,11,0,0,0,---,EX HARD CLEAR,---,0,0,0,0,---,NO PLAY,---,2026-09-16 19:26
EPOLIS,Seven Times Four,UK HARDCORE,Hommarju,0,0,0,0,0,---,NO PLAY,---,5,0,0,0,---,NO PLAY,---,9,0,0,0,---,NO PLAY,---,12,0,0,0,---,EX HARD CLEAR,---,0,0,0,0,---,NO PLAY,---,2026-09-16 19:26
EPOLIS,Shapeshifter,TECHNICAL ELECTRO,Avans,0,0,0,0,0,---,NO PLAY,---,6,0,0,0,---,NO PLAY,---,9,0,0,0,---,EX HARD CLEAR,---,11,0,0,0,---,EX HARD CLEAR,---,0,0,0,0,---,NO PLAY,---,2026-09-16 19:26
EPOLIS,Sirius,COLOUR BASS,MK,0,0,0,0,0,---,NO PLAY,---,5,0,0,0,---,NO PLAY,---,9,0,0,0,---,FULLCOMBO CLEAR,---,12,0,0,0,---,EX HARD CLEAR,---,0,0,0,0,---,NO PLAY,---,2026-09-16 19:26
EPOLIS,So What,BASS HOUSE,PRIDASK,0,0,0,0,0,---,NO PLAY,---,3,0,0,0,---,NO PLAY,---,6,0,0,0,---,NO PLAY,---,9,0,0,0,---,EX HARD CLEAR,---,0,0,0,0,---,NO PLAY,---,2026-09-16 19:26
EPOLIS,SOLAR ECLIPSE,CROSSOVER,Yuta Imai Vs. BEMANI Sound Team "Yvya",0,0,0,0,0,---,NO PLAY,---,7,0,0,0,---,NO PLAY,---,10,0,0,0,---,EX HARD CLEAR,---,12,0,0,0,---,HARD CLEAR,---,0,0,0,0,---,NO PLAY,---,2026-09-16 19:26
EPOLIS,Speculation,HARDCORE TECHNO,BEMANI Sound Team "ZAQUVA",0,0,0,0,0,---,NO PLAY,---,5,0,0,0,---,NO PLAY,---,9,0,0,0,---,NO PLAY,---,11,0,0,0,---,FULLCOMBO CLEAR,---,0,0,0,0,---,NO PLAY,---,2026-09-16 19:26
EPOLIS,squall,DRUM'N'BASS,猫叉Master+,0,0,0,0,0,---,NO PLAY,---,6,0,0,0,---,NO PLAY,---,9,0,0,0,---,FULLCOMBO CLEAR,---,11,0,0,0,---,EX HARD CLEAR,---,0,0,0,0,---,NO PLAY,---,2026-09-16 19:26
EPOLIS,Stereo Beasts,HARD TECHNO/DOWNTEMPO,MK & RoughSketch,0,0,0,0,0,---,NO PLAY,---,6,0,0,0,---,NO PLAY,---,10,0,0,0,---,NO PLAY,---,12,0,0,0,---,EX HARD CLEAR,---,0,0,0,0,---,NO PLAY,---,2026-09-16 19:26
EPOLIS,Submerge Serenade,HARDTECHNO,lapix,0,0,0,0,0,---,NO PLAY,---,5,0,0,0,---,NO PLAY,---,9,0,0,0,---,NO PLAY,---,11,0,0,0,---,EX HARD CLEAR,---,0,0,0,0,---,NO PLAY,---,2026-09-16 19:26
EPOLIS,Sword of Vengeance,HI-SPEED TECHCORE,sky_delta,0,0,0,0,0,---,NO PLAY,---,7,0,0,0,---,NO PLAY,---,10,0,0,0,---,FULLCOMBO CLEAR,---,12,0,0,0,---,FULLCOMBO CLEAR,---,0,0,0,0,---,NO PLAY,---,2026-09-16 19:26
EPOLIS,T.R.O.L.L.,RAWSTYLE,Yuta Imai,0,0,0,0,0,---,NO PLAY,---,6,0,0,0,---,NO PLAY,---,9,0,0,0,---,EX HARD CLEAR,---,12,0,0,0,---,EX HARD CLEAR,---,0,0,0,0,---,NO PLAY,---,2026-09-16 19:26
EPOLIS,The Last Apocalypse,NEO-CLASSICAL CORE,BEMANI Sound Team "Sota F. feat. Yvya",0,0,0,0,0,---,NO PLAY,---,6,0,0,0,---,NO PLAY,---,10,0,0,0,---,EX HARD CLEAR,---,12,0,0,0,---,HARD CLEAR,---,0,0,0,0,---,NO PLAY,---,2026-09-16 19:26
EPOLIS,The Onlyonez,FRENCHCORE,RoughSketch,0,0,0,0,0,---,NO PLAY,---,5,0,0,0,---,NO PLAY,---,9,0,0,0,---,EASY CLEAR,---,12,0,0,0,---,EX HARD CLEAR,---,0,0,0,0,---,NO PLAY,---,2026-09-16 19:26
EPOLIS,This Is Club Musik feat. 大久保紅葉,HARD HOUSE,REMO-CON,0,0,0,0,0,---,NO PLAY,---,6,0,0,0,---,NO PLAY,---,9,0,0,0,---,NO PLAY,---,11,0,0,0,---,EX HARD CLEAR,---,0,0,0,0,---,NO PLAY,---,2026-09-16 19:26
EPOLIS,Time Distortion pt.2(IIDX Edit),PSYCHEDELIC TECHNO,kors k vs BEMANI Sound Team "setup",0,0,0,0,0,---,NO PLAY,---,6,0,0,0,---,NO PLAY,---,9,0,0,0,---,NO PLAY,---,11,0,0,0,---,EX HARD CLEAR,---,0,0,0,0,---,NO PLAY,---,2026-09-16 19:26
EPOLIS,TITANIUM RIDERS,HARDCORE RAVE,DJ Shimamura,0,0,0,0,0,---,NO PLAY,---,5,0,0,0,---,NO PLAY,---,8,0,0,0,---,NO PLAY,---,10,0,0,0,---,FULLCOMBO CLEAR,---,0,0,0,0,---,NO PLAY,---,2026-09-16 19:26
EPOLIS,Too Late Snow,J-DANCE POP,movies (moimoi × Xceon × Dai.),0,0,0,0,0,---,NO PLAY,---,4,0,0,0,---,NO PLAY,---,7,0,0,0,---,NO PLAY,---,9,0,0,0,---,EX HARD CLEAR,---,0,0,0,0,---,NO PLAY,---,2026-09-16 19:26
EPOLIS,TRIP THE DEEP,MELODIC TECHNO,Qlarabelle,0,0,0,0,0,---,NO PLAY,---,5,0,0,0,---,NO PLAY,---,8,0,0,0,---,FULLCOMBO CLEAR,---,11,0,0,0,---,EX HARD CLEAR,---,0,0,0,0,---,NO PLAY,---,2026-09-16 19:26
EPOLIS,Tripping Jumping,FUNKY BREAKS,Aikapin Prod. by uno & NiActivity,0,0,0,0,0,---,NO PLAY,---,4,0,0,0,---,NO PLAY,---,8,0,0,0,---,NO PLAY,---,10,0,0,0,---,EX HARD CLEAR,---,0,0,0,0,---,NO PLAY,---,2026-09-16 19:26
EPOLIS,Vermilion Carol,GOTHIC PIANO TRANCE,OSTER project,0,0,0,0,0,---,NO PLAY,---,7,0,0,0,---,NO PLAY,---,10,0,0,0,---,EX HARD CLEAR,---,12,0,0,0,---,EX HARD CLEAR,---,0,0,0,0,---,NO PLAY,---,2026-09-16 19:26
EPOLIS,Vulnerability,VARIABLE CORE,BEMANI Sound Team "ZAQUVA",0,0,0,0,0,---,NO PLAY,---,7,0,0,0,---,NO PLAY,---,10,0,0,0,---,EX HARD CLEAR,---,12,0,0,0,---,HARD CLEAR,---,0,0,0,0,---,NO PLAY,---,2026-09-16 19:26
EPOLIS,WaterCube Pf.(RX-Ver.S.P.L.),ETHNO POP,高田雅史,0,0,0,0,0,---,NO PLAY,---,3,0,0,0,---,NO PLAY,---,7,0,0,0,---,FULLCOMBO CLEAR,---,10,0,0,0,---,FULLCOMBO CLEAR,---,0,0,0,0,---,NO PLAY,---,2026-09-16 19:26
EPOLIS,winkle 2 winkle,EURODANCE SPEED,Ryu☆ ft.NU-KO,0,0,0,0,0,---,NO PLAY,---,6,0,0,0,---,NO PLAY,---,9,0,0,0,---,FULLCOMBO CLEAR,---,11,0,0,0,---,EX HARD CLEAR,---,0,0,0,0,---,NO PLAY,---,2026-09-16 19:26
EPOLIS,Xb10r,VOLTENIZED CORE,隣の庭は青い(庭師+Aoi),0,0,0,0,0,---,NO PLAY,---,6,0,0,0,---,NO PLAY,---,10,0,0,0,---,FULLCOMBO CLEAR,---,12,0,0,0,---,EX HARD CLEAR,---,0,0,0,0,---,NO PLAY,---,2026-09-16 19:26
EPOLIS,ZEROIN ON THE LIGHT,COLD BEAT,SOUND HOLIC Vs. ZYTOKINE feat. Nana Takahashi,0,0,0,0,0,---,NO PLAY,---,5,0,0,0,---,NO PLAY,---,8,0,0,0,---,NO PLAY,---,10,0,0,0,---,EX HARD CLEAR,---,0,0,0,0,---,NO PLAY,---,2026-09-16 19:26
EPOLIS,《PL|RAYER》,ASCENDING TOGETHER,Blacklolita,0,0,0,0,0,---,NO PLAY,---,5,0,0,0,---,NO PLAY,---,9,0,0,0,---,FULLCOMBO CLEAR,---,12,0,0,0,---,EX HARD CLEAR,---,0,0,0,0,---,NO PLAY,---,2026-09-16 19:26
EPOLIS,ないないルーティン,SPEED HOUSE,Len,0,0,0,0,0,---,NO PLAY,---,3,0,0,0,---,NO PLAY,---,7,0,0,0,---,ASSIST CLEAR,---,10,0,0,0,---,EX HARD CLEAR,---,0,0,0,0,---,NO PLAY,---,2026-09-16 19:26
EPOLIS,めうめうぺったんたん！！ (ZAQUVA Remix),HYPERACTIVE HELLCORE,Remixed by BEMANI Sound Team "ZAQUVA",0,0,0,0,0,---,NO PLAY,---,4,0,0,0,---,NO PLAY,---,9,0,0,0,---,NO PLAY,---,11,0,0,0,---,EX HARD CLEAR,---,0,0,0,0,---,NO PLAY,---,2026-09-16 19:26
EPOLIS,れとりば！,KAWAII DOGGO POPS,OSTER project feat. 月ノ輪乃愛,0,0,0,0,0,---,NO PLAY,---,4,0,0,0,---,NO PLAY,---,7,0,0,0,---,NO PLAY,---,9,0,0,0,---,FULLCOMBO CLEAR,---,0,0,0,0,---,NO PLAY,---,2026-09-16 19:26
EPOLIS,アイドル,IIDX EDITION,Covered by BEMANI Sound Team "HuΣeR × wac" feat. 佐伯伊織,0,0,0,0,0,---,NO PLAY,---,4,0,0,0,---,NO PLAY,---,7,0,0,0,---,NO PLAY,---,10,0,0,0,---,FULLCOMBO CLEAR,---,11,0,0,0,---,EX HARD CLEAR,---,2026-09-16 19:26
EPOLIS,アタシ完全絶対正義ちゃん！,ROCK,Pizuya's Cell,0,0,0,0,0,---,NO PLAY,---,5,0,0,0,---,NO PLAY,---,8,0,0,0,---,NO PLAY,---,10,0,0,0,---,EX HARD CLEAR,---,0,0,0,0,---,NO PLAY,---,2026-09-16 19:26
EPOLIS,シンデレラ,DRUM & BASS,Maozon feat. Nadia,0,0,0,0,0,---,NO PLAY,---,5,0,0,0,---,NO PLAY,---,8,0,0,0,---,NO PLAY,---,10,0,0,0,---,FULLCOMBO CLEAR,---,0,0,0,0,---,NO PLAY,---,2026-09-16 19:26
EPOLIS,センチメンタル・サマー,CITY DANCE POP,Nhato feat. Kanae Asaba & はるまき (from ボタニカルな暮らし。),0,0,0,0,0,---,NO PLAY,---,3,0,0,0,---,NO PLAY,---,6,0,0,0,---,NO PLAY,---,9,0,0,0,---,FULLCOMBO CLEAR,---,0,0,0,0,---,NO PLAY,---,2026-09-16 19:26
EPOLIS,デビルじゃないもん,IIDX EDITION,Remixed by BlackY feat. Risa Yuzuki,0,0,0,0,0,---,NO PLAY,---,5,0,0,0,---,NO PLAY,---,8,0,0,0,---,NO PLAY,---,10,0,0,0,---,EX HARD CLEAR,---,0,0,0,0,---,NO PLAY,---,2026-09-16 19:26
EPOLIS,フォニイ,IIDX EDITION,Remixed by Pizuya's Cell,0,0,0,0,0,---,NO PLAY,---,6,0,0,0,---,NO PLAY,---,9,0,0,0,---,NO PLAY,---,11,0,0,0,---,EX HARD CLEAR,---,12,0,0,0,---,EX HARD CLEAR,---,2026-09-16 19:26
EPOLIS,ポラリスノウタ,FUTUREBASS,ここなつ2.0,0,0,0,0,0,---,NO PLAY,---,4,0,0,0,---,NO PLAY,---,8,0,0,0,---,NO PLAY,---,10,0,0,0,---,FULLCOMBO CLEAR,---,0,0,0,0,---,NO PLAY,---,2026-09-16 19:26
EPOLIS,マーシャル・マキシマイザー,IIDX EDITION,Remixed by uno(IOSYS) feat. Chiyoko,0,0,0,0,0,---,NO PLAY,---,5,0,0,0,---,NO PLAY,---,9,0,0,0,---,NO PLAY,---,11,0,0,0,---,FULLCOMBO CLEAR,---,0,0,0,0,---,NO PLAY,---,2026-09-16 19:26
EPOLIS,ラビットホール,J-POP,DECO*27,0,0,0,0,0,---,NO PLAY,---,6,0,0,0,---,NO PLAY,---,9,0,0,0,---,NO PLAY,---,11,0,0,0,---,EX HARD CLEAR,---,0,0,0,0,---,NO PLAY,---,2026-09-16 19:26
EPOLIS,リメンバーリメンバー,RAINY WALTZ,rino & m@sumi from plastic penguin,0,0,0,0,0,---,NO PLAY,---,3,0,0,0,---,NO PLAY,---,6,0,0,0,---,NO PLAY,---,9,0,0,0,---,FULLCOMBO CLEAR,---,0,0,0,0,---,NO PLAY,---,2026-09-16 19:26
EPOLIS,今宵、ロマンス横丁。,和風歌謡硬核音楽,まろん feat. Rikotan,0,0,0,0,0,---,NO PLAY,---,6,0,0,0,---,NO PLAY,---,10,0,0,0,---,EX HARD CLEAR,---,12,0,0,0,---,EX HARD CLEAR,---,0,0,0,0,---,NO PLAY,---,2026-09-16 19:26
EPOLIS,勇者,IIDX EDITION,Remixed by OSTER project feat. そらこ,0,0,0,0,0,---,NO PLAY,---,5,0,0,0,---,NO PLAY,---,8,0,0,0,---,NO PLAY,---,11,0,0,0,---,FULLCOMBO CLEAR,---,0,0,0,0,---,NO PLAY,---,2026-09-16 19:26
EPOLIS,可愛くてごめん,IIDX EDITION,Remixed by MK feat. 紫咲ほたる,0,0,0,0,0,---,NO PLAY,---,3,0,0,0,---,NO PLAY,---,7,0,0,0,---,NO PLAY,---,9,0,0,0,---,FULLCOMBO CLEAR,---,10,0,0,0,---,FULLCOMBO CLEAR,---,2026-09-16 19:26
EPOLIS,唱,J-POP,Ado,0,0,0,0,0,---,NO PLAY,---,3,0,0,0,---,NO PLAY,---,7,0,0,0,---,NO PLAY,---,9,0,0,0,---,EX HARD CLEAR,---,0,0,0,0,---,NO PLAY,---,2026-09-16 19:26
EPOLIS,夏風邪デスコ,SUMMER POP,TORIENA,0,0,0,0,0,---,NO PLAY,---,4,0,0,0,---,NO PLAY,---,8,0,0,0,---,FULLCOMBO CLEAR,---,10,0,0,0,---,FULLCOMBO CLEAR,---,0,0,0,0,---,NO PLAY,---,2026-09-16 19:26
EPOLIS,夢縁,JUVENILE PIANO ROCK,xi feat. Risa Yuzuki,0,0,0,0,0,---,NO PLAY,---,6,0,0,0,---,NO PLAY,---,10,0,0,0,---,FULLCOMBO CLEAR,---,11,0,0,0,---,EX HARD CLEAR,---,0,0,0,0,---,NO PLAY,---,2026-09-16 19:26
EPOLIS,寝起きヤシの木,IIDX EDITION,Remixed by uno(IOSYS) feat. Chiyoko,0,0,0,0,0,---,NO PLAY,---,5,0,0,0,---,NO PLAY,---,9,0,0,0,---,NO PLAY,---,11,0,0,0,---,FULLCOMBO CLEAR,---,12,0,0,0,---,HARD CLEAR,---,2026-09-16 19:26
EPOLIS,惑星鉄道,PROLOGUE,Snail's House,0,0,0,0,0,---,NO PLAY,---,7,0,0,0,---,FULLCOMBO CLEAR,---,11,0,0,0,---,EX HARD CLEAR,---,12,0,0,0,---,HARD CLEAR,---,0,0,0,0,---,NO PLAY,---,2026-09-16 19:26
EPOLIS,愛包ダンスホール,J-POP,HIMEHINA,0,0,0,0,0,---,NO PLAY,---,4,0,0,0,---,NO PLAY,---,7,0,0,0,---,NO PLAY,---,10,0,0,0,---,FULLCOMBO CLEAR,---,0,0,0,0,---,NO PLAY,---,2026-09-16 19:26
EPOLIS,摩天楼,VALHALLASTEP,Julianne,0,0,0,0,0,---,NO PLAY,---,4,0,0,0,---,NO PLAY,---,9,0,0,0,---,EX HARD CLEAR,---,12,0,0,0,---,HARD CLEAR,---,0,0,0,0,---,NO PLAY,---,2026-09-16 19:26
EPOLIS,未完成ノ蒸氣驅動乙女,ORBITAL STEAMPUNK,U1 overground,0,0,0,0,0,---,NO PLAY,---,5,0,0,0,---,NO PLAY,---,10,0,0,0,---,EX HARD CLEAR,---,12,0,0,0,---,EX HARD CLEAR,---,0,0,0,0,---,NO PLAY,---,2026-09-16 19:26
EPOLIS,果たせぬ約束 ft. 小林マナ,CHINA SQUARE DANCEPOP,Xceon,0,0,0,0,0,---,NO PLAY,---,5,0,0,0,---,NO PLAY,---,9,0,0,0,---,NO PLAY,---,11,0,0,0,---,EX HARD CLEAR,---,0,0,0,0,---,NO PLAY,---,2026-09-16 19:26
EPOLIS,残像ニ繋ガレタ追憶ノHIDEAWAY,HYPER DIG!ROCK,SOUND HOLIC Vs. BEMANI Sound Team "KE!JU" feat. Nana Takahashi,0,0,0,0,0,---,NO PLAY,---,6,0,0,0,---,NO PLAY,---,10,0,0,0,---,FULLCOMBO CLEAR,---,12,0,0,0,---,EX HARD CLEAR,---,0,0,0,0,---,NO PLAY,---,2026-09-16 19:26
EPOLIS,流桜ノ門,SCI-FI CHRONICLE,tokiwa,1,0,0,0,0,---,NO PLAY,---,5,0,0,0,---,NO PLAY,---,8,0,0,0,---,FULLCOMBO CLEAR,---,10,2129,1036,57,1,FULLCOMBO CLEAR,AAA,0,0,0,0,---,NO PLAY,---,2026-10-03 15:10
EPOLIS,灼熱Beach Side Bunny (かめりあ's "Summertime D'n'B" Remix),BROKEN SAMBA DRUM'N'BASS,Remixed by かめりあ,0,0,0,0,0,---,NO PLAY,---,6,0,0,0,---,NO PLAY,---,10,0,0,0,---,EX HARD CLEAR,---,12,0,0,0,---,HARD CLEAR,---,0,0,0,0,---,NO PLAY,---,2026-09-16 19:26
EPOLIS,神様、つれない。,ALTERNATIVE,中山真斗 feat. CHAN,0,0,0,0,0,---,NO PLAY,---,4,0,0,0,---,NO PLAY,---,7,0,0,0,---,NO PLAY,---,10,0,0,0,---,FULLCOMBO CLEAR,---,0,0,0,0,---,NO PLAY,---,2026-09-16 19:26
EPOLIS,終焔のClaudia,HARD RENAISSANCE,二代目朱雀,0,0,0,0,0,---,NO PLAY,---,7,0,0,0,---,NO PLAY,---,10,0,0,0,---,EX HARD CLEAR,---,12,0,0,0,---,EX HARD CLEAR,---,0,0,0,0,---,NO PLAY,---,2026-09-16 19:26
EPOLIS,酔いどれ知らず,IIDX EDITION,Remixed by SOUND HOLIC feat. Nana Takahashi,0,0,0,0,0,---,NO PLAY,---,4,0,0,0,---,FULLCOMBO CLEAR,---,7,0,0,0,---,NO PLAY,---,10,0,0,0,---,FULLCOMBO CLEAR,---,0,0,0,0,---,NO PLAY,---,2026-09-16 19:26
EPOLIS,閉塞的フレーション,ROCK,Pizuya's Cell VS BEMANI Sound Team "dj TAKA",0,0,0,0,0,---,NO PLAY,---,5,0,0,0,---,NO PLAY,---,8,0,0,0,---,NO PLAY,---,10,0,0,0,---,EX HARD CLEAR,---,0,0,0,0,---,NO PLAY,---,2026-09-16 19:26
EPOLIS,雫,LAMENTO,あさき,0,0,0,0,0,---,NO PLAY,---,5,0,0,0,---,NO PLAY,---,9,0,0,0,---,NO PLAY,---,11,0,0,0,---,EX HARD CLEAR,---,0,0,0,0,---,NO PLAY,---,2026-09-16 19:26
EPOLIS,電光,BUCHIAGE TRANCE,Yuta Imai,0,0,0,0,0,---,NO PLAY,---,6,0,0,0,---,NO PLAY,---,10,0,0,0,---,EX HARD CLEAR,---,12,0,0,0,---,EX HARD CLEAR,---,0,0,0,0,---,NO PLAY,---,2026-09-16 19:26
EPOLIS,電子になりたい,HYBRID DANCE MUSIC,BEMANI Sound Team "HuΣeR",0,0,0,0,0,---,NO PLAY,---,5,0,0,0,---,FULLCOMBO CLEAR,---,8,0,0,0,---,FULLCOMBO CLEAR,---,10,0,0,0,---,FULLCOMBO CLEAR,---,0,0,0,0,---,NO PLAY,---,2026-09-16 19:26
EPOLIS,電腦都市,BREAKCORE,Blacklolita,0,0,0,0,0,---,NO PLAY,---,7,0,0,0,---,NO PLAY,---,10,0,0,0,---,FULLCOMBO CLEAR,---,12,0,0,0,---,EX HARD CLEAR,---,0,0,0,0,---,NO PLAY,---,2026-09-16 19:26
Pinky Crush,1116,BREAKBEATS,BEMANI Sound Team "Dustup",0,0,0,0,0,---,NO PLAY,---,6,0,0,0,---,NO PLAY,---,10,0,0,0,---,EX HARD CLEAR,---,12,0,0,0,---,HARD CLEAR,---,0,0,0,0,---,NO PLAY,---,2026-09-16 19:26
Pinky Crush,ADAMANT,HARDCORE,BEMANI Sound Team "L.E.D.-G",0,0,0,0,0,---,NO PLAY,---,6,0,0,0,---,NO PLAY,---,9,0,0,0,---,FULLCOMBO CLEAR,---,11,0,0,0,---,EX HARD CLEAR,---,0,0,0,0,---,NO PLAY,---,2026-09-16 19:26
Pinky Crush,Aqvion,AQUATIC TECHCORE,lapix,0,0,0,0,0,---,NO PLAY,---,6,0,0,0,---,NO PLAY,---,9,0,0,0,---,NO PLAY,---,12,0,0,0,---,EX HARD CLEAR,---,0,0,0,0,---,NO PLAY,---,2026-09-16 19:26
Pinky Crush,Arcanos,NOSTALGIC ARTCORE,DJ Totoriott,0,0,0,0,0,---,NO PLAY,---,4,0,0,0,---,NO PLAY,---,7,0,0,0,---,NO PLAY,---,10,0,0,0,---,FULLCOMBO CLEAR,---,0,0,0,0,---,NO PLAY,---,2026-09-16 19:26
Pinky Crush,Bang-Boo Bumble,BANGIN' TECHNO,二代目白虎,0,0,0,0,0,---,NO PLAY,---,5,0,0,0,---,NO PLAY,---,9,0,0,0,---,NO PLAY,---,11,0,0,0,---,EX HARD CLEAR,---,0,0,0,0,---,NO PLAY,---,2026-09-16 19:26
Pinky Crush,Bling-Bang-Bang-Born,IIDX EDITION,Covered by uno(IOSYS) feat. Fra,0,0,0,0,0,---,NO PLAY,---,4,0,0,0,---,NO PLAY,---,7,0,0,0,---,NO PLAY,---,10,0,0,0,---,EX HARD CLEAR,---,11,0,0,0,---,HARD CLEAR,---,2026-09-16 19:26
Pinky Crush,Bring The Fire,SPEED RAVE,kors k,0,0,0,0,0,---,NO PLAY,---,6,0,0,0,---,NO PLAY,---,9,0,0,0,---,EX HARD CLEAR,---,12,0,0,0,---,EX HARD CLEAR,---,0,0,0,0,---,NO PLAY,---,2026-09-16 19:26
Pinky Crush,Butterfly Twist,SPEED HOUSE,Yooh,0,0,0,0,0,---,NO PLAY,---,5,0,0,0,---,NO PLAY,---,8,0,0,0,---,NO PLAY,---,11,0,0,0,---,EX HARD CLEAR,---,0,0,0,0,---,NO PLAY,---,2026-09-16 19:26
Pinky Crush,CHAOTIC SUNBIRD,ULTRA SAM-BASS,Tanchiky,0,0,0,0,0,---,NO PLAY,---,6,0,0,0,---,NO PLAY,---,9,0,0,0,---,NO PLAY,---,11,0,0,0,---,FULLCOMBO CLEAR,---,0,0,0,0,---,NO PLAY,---,2026-09-16 19:26
Pinky Crush,Chasing After YOU ～夢の欠片～ ft. 小林マナ,Y2K 2000 J-POP DANCE,Xceon,0,0,0,0,0,---,NO PLAY,---,5,0,0,0,---,NO PLAY,---,7,0,0,0,---,ASSIST CLEAR,---,10,0,0,0,---,EX HARD CLEAR,---,0,0,0,0,---,NO PLAY,---,2026-09-16 19:26
Pinky Crush,Constellation,UPLIFTING TRANCE,Maozon,0,0,0,0,0,---,NO PLAY,---,5,0,0,0,---,NO PLAY,---,9,0,0,0,---,NO PLAY,---,11,0,0,0,---,EX HARD CLEAR,---,0,0,0,0,---,NO PLAY,---,2026-09-16 19:26
Pinky Crush,COSMIC V3LOCITY,UCHIAGE CORE,BEMANI Sound Team "Coyaan & KE!JU & ZAQUVA",0,0,0,0,0,---,NO PLAY,---,6,0,0,0,---,NO PLAY,---,10,0,0,0,---,EX HARD CLEAR,---,12,0,0,0,---,EX HARD CLEAR,---,0,0,0,0,---,NO PLAY,---,2026-09-16 19:26
Pinky Crush,Cross Fire,CROSSOVER,Hommarju vs RoughSketch,0,0,0,0,0,---,NO PLAY,---,6,0,0,0,---,NO PLAY,---,10,0,0,0,---,NO PLAY,---,12,0,0,0,---,EX HARD CLEAR,---,0,0,0,0,---,NO PLAY,---,2026-09-16 19:26
Pinky Crush,destination,TRANCECORE,One Round Rabbits,0,0,0,0,0,---,NO PLAY,---,5,0,0,0,---,NO PLAY,---,10,0,0,0,---,EX HARD CLEAR,---,12,0,0,0,---,EX HARD CLEAR,---,0,0,0,0,---,NO PLAY,---,2026-09-16 19:26
Pinky Crush,Digital Radiance,COLOUR TECH,BEMANI Sound Team "Sota Fujimori" feat. S.B.Z.,0,0,0,0,0,---,NO PLAY,---,5,0,0,0,---,NO PLAY,---,7,0,0,0,---,NO PLAY,---,9,0,0,0,---,EX HARD CLEAR,---,0,0,0,0,---,NO PLAY,---,2026-09-16 19:26
Pinky Crush,DIVINE JUDGEMENT,SYMPHONIC BREAK BEATS,OSTER project,0,0,0,0,0,---,NO PLAY,---,6,0,0,0,---,NO PLAY,---,10,0,0,0,---,NO PLAY,---,12,0,0,0,---,EX HARD CLEAR,---,0,0,0,0,---,NO PLAY,---,2026-09-16 19:26
Pinky Crush,Dreamship,ELECTRO POP,Nhato feat. Kanae Asaba,0,0,0,0,0,---,NO PLAY,---,4,0,0,0,---,NO PLAY,---,7,0,0,0,---,ASSIST CLEAR,---,9,0,0,0,---,FULLCOMBO CLEAR,---,0,0,0,0,---,NO PLAY,---,2026-09-16 19:26
Pinky Crush,Drop Syndicate,MOOMBAHCORE / DRUM'N BASS,Seventhrun × nora2r,0,0,0,0,0,---,NO PLAY,---,6,0,0,0,---,NO PLAY,---,9,0,0,0,---,EX HARD CLEAR,---,12,0,0,0,---,HARD CLEAR,---,0,0,0,0,---,NO PLAY,---,2026-09-16 19:26
Pinky Crush,Eleanor,UNNAMED FIESTA,satella feat. nayuta,0,0,0,0,0,---,NO PLAY,---,4,0,0,0,---,NO PLAY,---,7,0,0,0,---,NO PLAY,---,10,0,0,0,---,EX HARD CLEAR,---,0,0,0,0,---,NO PLAY,---,2026-09-16 19:26
Pinky Crush,ELYSIUM,RANDOM ACCESS MEMORIES,Snail's House,0,0,0,0,0,---,NO PLAY,---,5,0,0,0,---,NO PLAY,---,8,0,0,0,---,NO PLAY,---,11,0,0,0,---,EX HARD CLEAR,---,0,0,0,0,---,NO PLAY,---,2026-09-16 19:26
Pinky Crush,everlastingeuphoria:,HYPERTRANCE,crayvxn,0,0,0,0,0,---,NO PLAY,---,5,0,0,0,---,NO PLAY,---,9,0,0,0,---,NO PLAY,---,11,0,0,0,---,EX HARD CLEAR,---,0,0,0,0,---,NO PLAY,---,2026-09-16 19:26
Pinky Crush,EX-MASSIVE FIGHTER,HYBRID HARDSTYLE,BEMANI Sound Team "L.E.D.-G",0,0,0,0,0,---,NO PLAY,---,6,0,0,0,---,NO PLAY,---,10,0,0,0,---,EX HARD CLEAR,---,12,0,0,0,---,EX HARD CLEAR,---,0,0,0,0,---,NO PLAY,---,2026-09-16 19:26
Pinky Crush,EYE OF THE HEAVEN,ORBITALIC ELECTRONIC METAL,BEMANI Sound Team "U1-ASAMi",0,0,0,0,0,---,NO PLAY,---,6,0,0,0,---,NO PLAY,---,10,0,0,0,---,EX HARD CLEAR,---,12,0,0,0,---,HARD CLEAR,---,0,0,0,0,---,NO PLAY,---,2026-09-16 19:26
Pinky Crush,FERMI PARADOX,COSMIC HAPPY TUNE,BlackY feat. Risa Yuzuki,0,0,0,0,0,---,NO PLAY,---,5,0,0,0,---,NO PLAY,---,8,0,0,0,---,NO PLAY,---,10,0,0,0,---,EX HARD CLEAR,---,0,0,0,0,---,NO PLAY,---,2026-09-16 19:26
Pinky Crush,Fiery Stallion,80'S SYNTHWAVE ROCK,Dirty Androids,0,0,0,0,0,---,NO PLAY,---,4,0,0,0,---,NO PLAY,---,9,0,0,0,---,EX HARD CLEAR,---,11,0,0,0,---,EX HARD CLEAR,---,0,0,0,0,---,NO PLAY,---,2026-09-16 19:26
Pinky Crush,Flamingo,PASSIONATE RAVE,CANVAS feat. Quimar,0,0,0,0,0,---,NO PLAY,---,5,0,0,0,---,NO PLAY,---,10,0,0,0,---,EX HARD CLEAR,---,12,0,0,0,---,HARD CLEAR,---,0,0,0,0,---,NO PLAY,---,2026-09-16 19:26
Pinky Crush,FlyAway,HARD DANCE,Blacklolita,0,0,0,0,0,---,NO PLAY,---,6,0,0,0,---,NO PLAY,---,10,0,0,0,---,NO PLAY,---,12,0,0,0,---,EX HARD CLEAR,---,0,0,0,0,---,NO PLAY,---,2026-09-16 19:26
Pinky Crush,Galaxy Collapse,MULTIGENRE,BEMANI Sound Team "めめめ",0,0,0,0,0,---,NO PLAY,---,5,0,0,0,---,NO PLAY,---,7,0,0,0,---,NO PLAY,---,10,0,0,0,---,FULLCOMBO CLEAR,---,0,0,0,0,---,NO PLAY,---,2026-09-16 19:26
Pinky Crush,get set mind,TORIENA LAND,TORIENA,0,0,0,0,0,---,NO PLAY,---,5,0,0,0,---,NO PLAY,---,8,0,0,0,---,NO PLAY,---,10,0,0,0,---,EX HARD CLEAR,---,0,0,0,0,---,NO PLAY,---,2026-09-16 19:26
Pinky Crush,God Mind,NEO HARD RENAISSANCE,Tatsunoshin,0,0,0,0,0,---,NO PLAY,---,7,0,0,0,---,NO PLAY,---,10,0,0,0,---,FULLCOMBO CLEAR,---,12,0,0,0,---,HARD CLEAR,---,0,0,0,0,---,NO PLAY,---,2026-09-16 19:26
Pinky Crush,Good Looking,RAVE BREAKS,JAKAZiD,0,0,0,0,0,---,NO PLAY,---,4,0,0,0,---,NO PLAY,---,8,0,0,0,---,NO PLAY,---,10,0,0,0,---,FULLCOMBO CLEAR,---,0,0,0,0,---,NO PLAY,---,2026-09-16 19:26
Pinky Crush,Here We Go Now,HARD PSY,Whac-A-Me,0,0,0,0,0,---,NO PLAY,---,6,0,0,0,---,NO PLAY,---,10,0,0,0,---,FULLCOMBO CLEAR,---,12,0,0,0,---,EX HARD CLEAR,---,0,0,0,0,---,NO PLAY,---,2026-09-16 19:26
Pinky Crush,hora de verdad,CYBER FLAMENCO,Vandalusia改,0,0,0,0,0,---,NO PLAY,---,6,0,0,0,---,NO PLAY,---,10,0,0,0,---,HARD CLEAR,---,12,0,0,0,---,HARD CLEAR,---,0,0,0,0,---,NO PLAY,---,2026-09-16 19:26
Pinky Crush,IN BETWEEN,HARDSTYLE,BEMANI Sound Team "L.E.D.-G" feat. Mayumi Morinaga,0,0,0,0,0,---,NO PLAY,---,5,0,0,0,---,NO PLAY,---,9,0,0,0,---,FULLCOMBO CLEAR,---,11,0,0,0,---,FULLCOMBO CLEAR,---,0,0,0,0,---,NO PLAY,---,2026-09-16 19:26
Pinky Crush,KOTONOHA ft. Kotoha,EMOISM FUTURE POP,EmoCosine × BEMANI Sound Team "HuΣeR",0,0,0,0,0,---,NO PLAY,---,5,0,0,0,---,NO PLAY,---,8,0,0,0,---,NO PLAY,---,10,0,0,0,---,FULLCOMBO CLEAR,---,0,0,0,0,---,NO PLAY,---,2026-09-16 19:26
Pinky Crush,Lightspeed,FRENCHCORE,Tanukichi,0,0,0,0,0,---,NO PLAY,---,6,0,0,0,---,NO PLAY,---,10,0,0,0,---,EX HARD CLEAR,---,12,0,0,0,---,EX HARD CLEAR,---,0,0,0,0,---,NO PLAY,---,2026-09-16 19:26
Pinky Crush,lowercase lifetime,HYPERFLIP,BEMANI Sound Team "ZAQUVA",0,0,0,0,0,---,NO PLAY,---,5,0,0,0,---,NO PLAY,---,9,0,0,0,---,NO PLAY,---,11,0,0,0,---,EX HARD CLEAR,---,0,0,0,0,---,NO PLAY,---,2026-09-16 19:26
Pinky Crush,Lycoris,HYPER JAPANESQUE,BEMANI Sound Team "HuΣeR" feat.Fernweh,0,0,0,0,0,---,NO PLAY,---,4,0,0,0,---,NO PLAY,---,7,0,0,0,---,NO PLAY,---,10,0,0,0,---,FULLCOMBO CLEAR,---,0,0,0,0,---,NO PLAY,---,2026-09-16 19:26
Pinky Crush,MARLIN,DRUM'N'BASS,Zekk,0,0,0,0,0,---,NO PLAY,---,6,0,0,0,---,NO PLAY,---,10,0,0,0,---,NO PLAY,---,12,0,0,0,---,EX HARD CLEAR,---,0,0,0,0,---,NO PLAY,---,2026-09-16 19:26
Pinky Crush,Mid-Corner (Magic Maker),HARD DANCE,REMO-CON,0,0,0,0,0,---,NO PLAY,---,6,0,0,0,---,NO PLAY,---,10,0,0,0,---,EX HARD CLEAR,---,12,0,0,0,---,EX HARD CLEAR,---,0,0,0,0,---,NO PLAY,---,2026-09-16 19:26
Pinky Crush,Mighty Cutie,HAPPY HARDCORE,KARUT,0,0,0,0,0,---,NO PLAY,---,5,0,0,0,---,NO PLAY,---,8,0,0,0,---,NO PLAY,---,10,0,0,0,---,FULLCOMBO CLEAR,---,0,0,0,0,---,NO PLAY,---,2026-09-16 19:26
Pinky Crush,MVP,HARD TRAP,PRIDASK,0,0,0,0,0,---,NO PLAY,---,5,0,0,0,---,NO PLAY,---,8,0,0,0,---,NO PLAY,---,11,0,0,0,---,EX HARD CLEAR,---,0,0,0,0,---,NO PLAY,---,2026-09-16 19:26
Pinky Crush,NOIXIA,STYLISH ELECTRO,BEMANI Sound Team "HuΣeR",0,0,0,0,0,---,NO PLAY,---,7,0,0,0,---,NO PLAY,---,10,0,0,0,---,EX HARD CLEAR,---,12,0,0,0,---,EX HARD CLEAR,---,0,0,0,0,---,NO PLAY,---,2026-09-16 19:26
Pinky Crush,PERFECT HUMAN,IIDX EDITION,Remixed by Ryu☆ feat. BEMANI Sound Team "PON",0,0,0,0,0,---,NO PLAY,---,5,0,0,0,---,NO PLAY,---,7,0,0,0,---,NO PLAY,---,10,0,0,0,---,EX HARD CLEAR,---,0,0,0,0,---,NO PLAY,---,2026-09-16 19:26
Pinky Crush,Pinky Happy Crazy,HAPPY,BEMANI Sound Team "Risk Junk",0,0,0,0,0,---,NO PLAY,---,6,0,0,0,---,NO PLAY,---,10,0,0,0,---,NO PLAY,---,12,0,0,0,---,HARD CLEAR,---,0,0,0,0,---,NO PLAY,---,2026-09-16 19:26
Pinky Crush,PIT A PAT,NEO CANDY RAVE,Zekk,0,0,0,0,0,---,NO PLAY,---,5,0,0,0,---,NO PLAY,---,8,0,0,0,---,NO PLAY,---,10,0,0,0,---,EX HARD CLEAR,---,0,0,0,0,---,NO PLAY,---,2026-09-16 19:26
Pinky Crush,Plazma,J-POP,米津玄師,0,0,0,0,0,---,NO PLAY,---,5,0,0,0,---,NO PLAY,---,8,0,0,0,---,NO PLAY,---,10,0,0,0,---,EX HARD CLEAR,---,12,0,0,0,---,HARD CLEAR,---,2026-09-16 19:26
Pinky Crush,Plea Per Phase,MELODIC CONTEMPORARIDDIM,Feryquitous,0,0,0,0,0,---,NO PLAY,---,5,0,0,0,---,NO PLAY,---,9,0,0,0,---,NO PLAY,---,11,0,0,0,---,EX HARD CLEAR,---,0,0,0,0,---,NO PLAY,---,2026-09-16 19:26
Pinky Crush,PopなEDEN,J-POP,YASUHIRO(康寛) feat.橘田ほのか,0,0,0,0,0,---,NO PLAY,---,5,0,0,0,---,NO PLAY,---,9,0,0,0,---,FULLCOMBO CLEAR,---,11,0,0,0,---,FULLCOMBO CLEAR,---,0,0,0,0,---,NO PLAY,---,2026-09-16 19:26
Pinky Crush,Raspberry Potion (feat.あれたん & ぎゃるのしん☆),LOVE CORE,Tatsunoshin & 藍良あれれ,0,0,0,0,0,---,NO PLAY,---,5,0,0,0,---,NO PLAY,---,9,0,0,0,---,NO PLAY,---,11,0,0,0,---,EX HARD CLEAR,---,0,0,0,0,---,NO PLAY,---,2026-09-16 19:26
Pinky Crush,RAVE SYNDROME,REVERSE BASS,Yuta Imai,0,0,0,0,0,---,NO PLAY,---,6,0,0,0,---,NO PLAY,---,8,0,0,0,---,FULLCOMBO CLEAR,---,11,0,0,0,---,EX HARD CLEAR,---,0,0,0,0,---,NO PLAY,---,2026-09-16 19:26
Pinky Crush,Roar of Chronos,DIAMOND CORE,BEMANI Sound Team "KE!JU",0,0,0,0,0,---,NO PLAY,---,6,0,0,0,---,NO PLAY,---,10,0,0,0,---,NO PLAY,---,12,0,0,0,---,EX HARD CLEAR,---,0,0,0,0,---,NO PLAY,---,2026-09-16 19:26
Pinky Crush,Satellite Burst,HARD SYMPHONIC,xi,0,0,0,0,0,---,NO PLAY,---,6,0,0,0,---,NO PLAY,---,10,0,0,0,---,EX HARD CLEAR,---,12,0,0,0,---,EX HARD CLEAR,---,0,0,0,0,---,NO PLAY,---,2026-09-16 19:26
Pinky Crush,Secret Rouge,DIGITAL J-POP,ハレトキドキ,0,0,0,0,0,---,NO PLAY,---,5,0,0,0,---,NO PLAY,---,8,0,0,0,---,NO PLAY,---,10,0,0,0,---,EX HARD CLEAR,---,0,0,0,0,---,NO PLAY,---,2026-09-16 19:26
Pinky Crush,Shirdal,CHAOTIC METAL BREAKCORE,Dirty Androids,0,0,0,0,0,---,NO PLAY,---,5,0,0,0,---,NO PLAY,---,8,0,0,0,---,NO PLAY,---,10,0,0,0,---,FULLCOMBO CLEAR,---,0,0,0,0,---,NO PLAY,---,2026-09-16 19:26
Pinky Crush,Show Me All Your Love,NEORAVE,Hommarju,0,0,0,0,0,---,NO PLAY,---,5,0,0,0,---,NO PLAY,---,9,0,0,0,---,NO PLAY,---,11,0,0,0,---,EX HARD CLEAR,---,0,0,0,0,---,NO PLAY,---,2026-09-16 19:26
Pinky Crush,SISYPHUS,ABSURD STYLE,BEMANI Sound Team "Paoon",0,0,0,0,0,---,NO PLAY,---,6,0,0,0,---,NO PLAY,---,10,0,0,0,---,EX HARD CLEAR,---,12,0,0,0,---,EX HARD CLEAR,---,0,0,0,0,---,NO PLAY,---,2026-09-16 19:26
Pinky Crush,Skratch Education Lv-1,DJ BATTLE,DJ Mass MAD Izm*,0,0,0,0,0,---,NO PLAY,---,7,0,0,0,---,HARD CLEAR,---,10,0,0,0,---,ASSIST CLEAR,---,12,0,0,0,---,EASY CLEAR,---,0,0,0,0,---,NO PLAY,---,2026-09-16 19:26
Pinky Crush,Slumber☆Party,MULTIGENRE,BEMANI Sound Team "めめめ",0,0,0,0,0,---,NO PLAY,---,5,0,0,0,---,NO PLAY,---,8,0,0,0,---,NO PLAY,---,11,0,0,0,---,EX HARD CLEAR,---,0,0,0,0,---,NO PLAY,---,2026-09-16 19:26
Pinky Crush,Space In Time,FUTURE‘N’BASS,Masayoshi Iimori,0,0,0,0,0,---,NO PLAY,---,6,0,0,0,---,NO PLAY,---,9,0,0,0,---,NO PLAY,---,11,0,0,0,---,EX HARD CLEAR,---,0,0,0,0,---,NO PLAY,---,2026-09-16 19:26
Pinky Crush,Stargazing Trip ～星 探す旅～ ft. 小林マナ,ANIME-STYLE DRUM AND BASS,Xceon,0,0,0,0,0,---,NO PLAY,---,5,0,0,0,---,NO PLAY,---,9,0,0,0,---,EX HARD CLEAR,---,11,0,0,0,---,EX HARD CLEAR,---,0,0,0,0,---,NO PLAY,---,2026-09-16 19:26
Pinky Crush,SUPER HEROINE!!,GENSOU FULLON,Amateras Records vs BEMANI Sound Team "TATSUYA" feat. miko,0,0,0,0,0,---,NO PLAY,---,5,0,0,0,---,NO PLAY,---,9,0,0,0,---,NO PLAY,---,11,0,0,0,---,EX HARD CLEAR,---,0,0,0,0,---,NO PLAY,---,2026-09-16 19:26
Pinky Crush,SμG@R RU$#,H4P9Y H@RI>C0RE,Yuta Imai,0,0,0,0,0,---,NO PLAY,---,7,0,0,0,---,NO PLAY,---,10,0,0,0,---,EX HARD CLEAR,---,12,0,0,0,---,CLEAR,---,0,0,0,0,---,NO PLAY,---,2026-09-16 19:26
Pinky Crush,TECHNO RUMBLE,SPED UP SCHRANZ,Qlarabelle,0,0,0,0,0,---,NO PLAY,---,6,0,0,0,---,NO PLAY,---,9,0,0,0,---,NO PLAY,---,11,0,0,0,---,EX HARD CLEAR,---,0,0,0,0,---,NO PLAY,---,2026-09-16 19:26
Pinky Crush,u gotta beat,TECHCORE,KARUT,0,0,0,0,0,---,NO PLAY,---,6,0,0,0,---,NO PLAY,---,10,0,0,0,---,EX HARD CLEAR,---,12,0,0,0,---,EX HARD CLEAR,---,0,0,0,0,---,NO PLAY,---,2026-09-16 19:26
Pinky Crush,Uaigh Gealai,NEURO FUNK / CEILTEACH DORCHA,かめりあ,0,0,0,0,0,---,NO PLAY,---,6,0,0,0,---,NO PLAY,---,10,0,0,0,---,EX HARD CLEAR,---,12,0,0,0,---,HARD CLEAR,---,0,0,0,0,---,NO PLAY,---,2026-09-16 19:26
Pinky Crush,uen,RINASCITA,少年ラジオ,0,0,0,0,0,---,NO PLAY,---,7,0,0,0,---,NO PLAY,---,10,0,0,0,---,EX HARD CLEAR,---,12,0,0,0,---,HARD CLEAR,---,0,0,0,0,---,NO PLAY,---,2026-09-16 19:26
Pinky Crush,Vibing! Shake it!,SOCA/HARD DANCE,らっぷびと Prod. by RoughSketch & NUE,0,0,0,0,0,---,NO PLAY,---,5,0,0,0,---,NO PLAY,---,8,0,0,0,---,NO PLAY,---,10,0,0,0,---,EX HARD CLEAR,---,0,0,0,0,---,NO PLAY,---,2026-09-16 19:26
Pinky Crush,Without Heaven,VARIABLE ORIENTAL CORE,BEMANI Sound Team "ZAQUVA",0,0,0,0,0,---,NO PLAY,---,7,0,0,0,---,NO PLAY,---,10,0,0,0,---,NO PLAY,---,12,0,0,0,---,HARD CLEAR,---,0,0,0,0,---,NO PLAY,---,2026-09-16 19:26
Pinky Crush,XHRONOXAPSULΞ,CHRONO-SYMPHONIC SPEEDCORE,Silentroom,0,0,0,0,0,---,NO PLAY,---,7,0,0,0,---,NO PLAY,---,10,0,0,0,---,EX HARD CLEAR,---,12,0,0,0,---,HARD CLEAR,---,0,0,0,0,---,NO PLAY,---,2026-09-16 19:26
Pinky Crush,えだまめカレークッキング,ZUNTSUMU TEETEE,OSTER project feat. ずんだもん ＆ 春日部つむぎ,0,0,0,0,0,---,NO PLAY,---,5,0,0,0,---,NO PLAY,---,8,0,0,0,---,NO PLAY,---,11,0,0,0,---,EX HARD CLEAR,---,0,0,0,0,---,NO PLAY,---,2026-09-16 19:26
Pinky Crush,きみのせかい,8-BIT MIXTURE,Nhato,0,0,0,0,0,---,NO PLAY,---,5,0,0,0,---,NO PLAY,---,8,0,0,0,---,NO PLAY,---,11,0,0,0,---,EX HARD CLEAR,---,0,0,0,0,---,NO PLAY,---,2026-09-16 19:26
Pinky Crush,きゅうくらりん,VOCALOID,いよわ,0,0,0,0,0,---,NO PLAY,---,5,0,0,0,---,NO PLAY,---,8,0,0,0,---,NO PLAY,---,10,0,0,0,---,FULLCOMBO CLEAR,---,0,0,0,0,---,NO PLAY,---,2026-09-16 19:26
Pinky Crush,アラビアン ハイパー ナイト,ARABIC TRAP CORE,BEMANI Sound Team "マックス ステロイ度！",0,0,0,0,0,---,NO PLAY,---,6,0,0,0,---,NO PLAY,---,10,0,0,0,---,EX HARD CLEAR,---,12,0,0,0,---,HARD CLEAR,---,0,0,0,0,---,NO PLAY,---,2026-09-16 19:26
Pinky Crush,イガク,ボーカロイド・J-POP・ダンス,原口沙輔 feat.重音テト,0,0,0,0,0,---,NO PLAY,---,4,0,0,0,---,NO PLAY,---,7,0,0,0,---,NO PLAY,---,9,0,0,0,---,FULLCOMBO CLEAR,---,11,0,0,0,---,EX HARD CLEAR,---,2026-09-16 19:26
Pinky Crush,エクスプロウル,VOCALOID,晴いちばん,0,0,0,0,0,---,NO PLAY,---,5,0,0,0,---,NO PLAY,---,8,0,0,0,---,NO PLAY,---,10,0,0,0,---,EX HARD CLEAR,---,0,0,0,0,---,NO PLAY,---,2026-09-16 19:26
Pinky Crush,オッドラヴィ,LOVELY TECHCORE,lapix feat. PANXI,0,0,0,0,0,---,NO PLAY,---,5,0,0,0,---,NO PLAY,---,8,0,0,0,---,NO PLAY,---,10,0,0,0,---,EX HARD CLEAR,---,0,0,0,0,---,NO PLAY,---,2026-09-16 19:26
Pinky Crush,オブソミート,ボカロ,サツキ feat.初音ミク、重音テト,0,0,0,0,0,---,NO PLAY,---,4,0,0,0,---,NO PLAY,---,7,0,0,0,---,NO PLAY,---,10,0,0,0,---,EX HARD CLEAR,---,0,0,0,0,---,NO PLAY,---,2026-09-16 19:26
Pinky Crush,キスキツネ,J-POP,HIMEHINA,0,0,0,0,0,---,NO PLAY,---,4,0,0,0,---,NO PLAY,---,7,0,0,0,---,NO PLAY,---,10,0,0,0,---,EX HARD CLEAR,---,0,0,0,0,---,NO PLAY,---,2026-09-16 19:26
Pinky Crush,ギャ・ギャ・ギャ・ギャラクシー！,VOCALOID,つきみぐー、,0,0,0,0,0,---,NO PLAY,---,4,0,0,0,---,NO PLAY,---,8,0,0,0,---,NO PLAY,---,10,0,0,0,---,FULLCOMBO CLEAR,---,0,0,0,0,---,NO PLAY,---,2026-09-16 19:26
Pinky Crush,ゲシュタルト,J-POP,花譜,0,0,0,0,0,---,NO PLAY,---,5,0,0,0,---,NO PLAY,---,7,0,0,0,---,NO PLAY,---,10,0,0,0,---,FULLCOMBO CLEAR,---,11,0,0,0,---,EX HARD CLEAR,---,2026-09-16 19:26
Pinky Crush,スキッテイエェエエェ!!!!,Hi-ラブコメPOP,cosMo＠暴走P & BEMANI Sound Team "L.E.D.-G",0,0,0,0,0,---,NO PLAY,---,7,0,0,0,---,NO PLAY,---,10,0,0,0,---,EX HARD CLEAR,---,12,0,0,0,---,HARD CLEAR,---,0,0,0,0,---,NO PLAY,---,2026-09-16 19:26
Pinky Crush,スパークリング☆彡ハイパーチューン！！,EUROBEAT,Machico,0,0,0,0,0,---,NO PLAY,---,7,0,0,0,---,NO PLAY,---,10,0,0,0,---,FULLCOMBO CLEAR,---,12,0,0,0,---,EX HARD CLEAR,---,0,0,0,0,---,NO PLAY,---,2026-09-16 19:26
Pinky Crush,ドリムチウ,HARDCORE TECHNO,TORIENA,0,0,0,0,0,---,NO PLAY,---,4,0,0,0,---,NO PLAY,---,7,0,0,0,---,NO PLAY,---,10,0,0,0,---,EX HARD CLEAR,---,0,0,0,0,---,NO PLAY,---,2026-09-16 19:26
Pinky Crush,ドーナツホール 2024,J-POP,ハチ,0,0,0,0,0,---,NO PLAY,---,5,0,0,0,---,NO PLAY,---,8,0,0,0,---,NO PLAY,---,10,0,0,0,---,EX HARD CLEAR,---,0,0,0,0,---,NO PLAY,---,2026-09-16 19:26
Pinky Crush,ハオ,J-POP・VOCALOID,DECO*27,0,0,0,0,0,---,NO PLAY,---,4,0,0,0,---,NO PLAY,---,8,0,0,0,---,NO PLAY,---,11,0,0,0,---,EX HARD CLEAR,---,0,0,0,0,---,NO PLAY,---,2026-09-16 19:26
Pinky Crush,ハルイロメロディー,AOHARU MELODY,月乃 ＆ BEMANI Sound Team "劇団レコード",0,0,0,0,0,---,NO PLAY,---,4,0,0,0,---,NO PLAY,---,7,0,0,0,---,NO PLAY,---,10,0,0,0,---,FULLCOMBO CLEAR,---,0,0,0,0,---,NO PLAY,---,2026-09-16 19:26
Pinky Crush,ビビデバ,J-POP,星街すいせい,0,0,0,0,0,---,NO PLAY,---,4,0,0,0,---,NO PLAY,---,7,0,0,0,---,NO PLAY,---,10,0,0,0,---,FULLCOMBO CLEAR,---,0,0,0,0,---,NO PLAY,---,2026-09-16 19:26
Pinky Crush,ファイナルレター,MELODIOUS WATER PIANO,かねこちはる,0,0,0,0,0,---,NO PLAY,---,5,0,0,0,---,NO PLAY,---,9,0,0,0,---,FULLCOMBO CLEAR,---,11,0,0,0,---,EX HARD CLEAR,---,0,0,0,0,---,NO PLAY,---,2026-09-16 19:26
Pinky Crush,メズマライザー,HAPPY HARDCORE,サツキ feat.初音ミク・重音テトSV,0,0,0,0,0,---,NO PLAY,---,5,0,0,0,---,NO PLAY,---,9,0,0,0,---,FULLCOMBO CLEAR,---,11,0,0,0,---,EX HARD CLEAR,---,0,0,0,0,---,NO PLAY,---,2026-09-16 19:26
Pinky Crush,ロマンシングエスケープ,SYNTHWAVE POP,ここなつ2.0,1,0,0,0,0,---,NO PLAY,---,3,0,0,0,---,NO PLAY,---,7,0,0,0,---,FULLCOMBO CLEAR,---,9,1786,861,64,8,EX HARD CLEAR,AAA,0,0,0,0,---,NO PLAY,---,2026-10-03 14:31
Pinky Crush,天使のカンタータ -Cantata of Angels-,ANTHEM,BEMANI Sound Team "Cuvelia",0,0,0,0,0,---,NO PLAY,---,6,0,0,0,---,NO PLAY,---,10,0,0,0,---,NO PLAY,---,12,0,0,0,---,HARD CLEAR,---,0,0,0,0,---,NO PLAY,---,2026-09-16 19:26
Pinky Crush,弾幕信仰,HARD ORIENTAL,豚乙女×BEMANI Sound Team "PON",0,0,0,0,0,---,NO PLAY,---,5,0,0,0,---,NO PLAY,---,8,0,0,0,---,NO PLAY,---,10,0,0,0,---,EX HARD CLEAR,---,0,0,0,0,---,NO PLAY,---,2026-09-16 19:26
Pinky Crush,我ら完全無敵のアイドル!!,J-POP,B小町,0,0,0,0,0,---,NO PLAY,---,5,0,0,0,---,NO PLAY,---,8,0,0,0,---,NO PLAY,---,10,0,0,0,---,FULLCOMBO CLEAR,---,0,0,0,0,---,NO PLAY,---,2026-09-16 19:26
Pinky Crush,断罪の一花,J-POP,Len feat.mochari,0,0,0,0,0,---,NO PLAY,---,4,0,0,0,---,NO PLAY,---,8,0,0,0,---,FULLCOMBO CLEAR,---,11,0,0,0,---,EX HARD CLEAR,---,0,0,0,0,---,NO PLAY,---,2026-09-16 19:26
Pinky Crush,最強頂戴girl,TWINKLE POP,BEMANI Sound Team "TATSUYA" feat. ななひら,0,0,0,0,0,---,NO PLAY,---,4,0,0,0,---,NO PLAY,---,8,0,0,0,---,NO PLAY,---,10,0,0,0,---,EX HARD CLEAR,---,0,0,0,0,---,NO PLAY,---,2026-09-16 19:26
Pinky Crush,朱と碧のランページ,ANIMA SONG,NU-KO,0,0,0,0,0,---,NO PLAY,---,5,0,0,0,---,NO PLAY,---,8,0,0,0,---,NO PLAY,---,10,0,0,0,---,FULLCOMBO CLEAR,---,0,0,0,0,---,NO PLAY,---,2026-09-16 19:26
Pinky Crush,消極的セツナイズム,ROCK,Pizuya's Cell,0,0,0,0,0,---,NO PLAY,---,5,0,0,0,---,NO PLAY,---,8,0,0,0,---,NO PLAY,---,10,0,0,0,---,FULLCOMBO CLEAR,---,0,0,0,0,---,NO PLAY,---,2026-09-16 19:26
Pinky Crush,灼熱 Lost Summer Dayz,DRUM'N'BASS,DJ Mass MAD Izm* feat.すみはね,0,0,0,0,0,---,NO PLAY,---,6,0,0,0,---,NO PLAY,---,10,0,0,0,---,EX HARD CLEAR,---,12,0,0,0,---,EX HARD CLEAR,---,0,0,0,0,---,NO PLAY,---,2026-09-16 19:26
Pinky Crush,無双,SENGOKU LEGENDS,SOUND HOLIC Vs. VENUS feat. Nana Takahashi,0,0,0,0,0,---,NO PLAY,---,5,0,0,0,---,NO PLAY,---,8,0,0,0,---,NO PLAY,---,11,0,0,0,---,EX HARD CLEAR,---,0,0,0,0,---,NO PLAY,---,2026-09-16 19:26
Pinky Crush,爆ぜりゃんせ,繚乱呂句,敦姫,0,0,0,0,0,---,NO PLAY,---,5,0,0,0,---,NO PLAY,---,9,0,0,0,---,NO PLAY,---,11,0,0,0,---,EX HARD CLEAR,---,0,0,0,0,---,NO PLAY,---,2026-09-16 19:26
Pinky Crush,覚悟せよ！エンタンメ～ン ～より身の切り売り自暴自棄版～,ビックリポップ,マキシウキョウ,0,0,0,0,0,---,NO PLAY,---,5,0,0,0,---,NO PLAY,---,9,0,0,0,---,NO PLAY,---,11,0,0,0,---,EX HARD CLEAR,---,0,0,0,0,---,NO PLAY,---,2026-09-16 19:26
Pinky Crush,進捗ダメダメです,J-POP,GYARI feat.宮舞モカ、弦巻マキ,0,0,0,0,0,---,NO PLAY,---,4,0,0,0,---,NO PLAY,---,8,0,0,0,---,NO PLAY,---,10,0,0,0,---,EX HARD CLEAR,---,0,0,0,0,---,NO PLAY,---,2026-09-16 19:26
Pinky Crush,飴玉,J-POP,CYNHN,0,0,0,0,0,---,NO PLAY,---,4,0,0,0,---,NO PLAY,---,7,0,0,0,---,NO PLAY,---,9,0,0,0,---,EX HARD CLEAR,---,0,0,0,0,---,NO PLAY,---,2026-09-16 19:26
Pinky Crush,ＰＡＳＴＥＬＩＳＭ,KAWAII FUTURE BASS,Snail's House,0,0,0,0,0,---,NO PLAY,---,5,0,0,0,---,NO PLAY,---,8,0,0,0,---,NO PLAY,---,10,0,0,0,---,EX HARD CLEAR,---,0,0,0,0,---,NO PLAY,---,2026-09-16 19:26
Sparkle Shower,2 Be Continued,DRAMATIC CHIPTUNE,打打だいず,0,0,0,0,0,---,NO PLAY,---,5,0,0,0,---,NO PLAY,---,9,0,0,0,---,NO PLAY,---,12,0,0,0,---,HARD CLEAR,---,0,0,0,0,---,NO PLAY,---,2026-09-16 19:26
Sparkle Shower,[E],NU SKOOL BREAKS,dj MAX STEROID,0,0,0,0,0,---,NO PLAY,---,6,0,0,0,---,NO PLAY,---,9,0,0,0,---,NO PLAY,---,11,0,0,0,---,EX HARD CLEAR,---,0,0,0,0,---,NO PLAY,---,2026-09-16 19:26
Sparkle Shower,A Certified Rave Moment,MULTIGENRE,BEMANI Sound Team "めめめ",0,0,0,0,0,---,NO PLAY,---,5,0,0,0,---,NO PLAY,---,9,0,0,0,---,EX HARD CLEAR,---,11,0,0,0,---,EX HARD CLEAR,---,0,0,0,0,---,NO PLAY,---,2026-09-16 19:26
Sparkle Shower,ACID VISION,DRUM & BASS,L.E.D.,0,0,0,0,0,---,NO PLAY,---,6,0,0,0,---,NO PLAY,---,8,0,0,0,---,NO PLAY,---,11,0,0,0,---,EX HARD CLEAR,---,0,0,0,0,---,NO PLAY,---,2026-09-16 19:26
Sparkle Shower,AGETEKE ONDO,JAPANESE OMATSURI ROCK,暁Records,0,0,0,0,0,---,NO PLAY,---,5,0,0,0,---,NO PLAY,---,7,0,0,0,---,NO PLAY,---,10,0,0,0,---,EX HARD CLEAR,---,0,0,0,0,---,NO PLAY,---,2026-09-16 19:26
Sparkle Shower,Amor∞Fati,PIANO DANCE APPASSIONATO,BlackY,0,0,0,0,0,---,NO PLAY,---,6,0,0,0,---,NO PLAY,---,10,0,0,0,---,EX HARD CLEAR,---,12,0,0,0,---,HARD CLEAR,---,0,0,0,0,---,NO PLAY,---,2026-09-16 19:26
Sparkle Shower,Any％,DTM SPEEDRUN,めめめ,0,0,0,0,0,---,NO PLAY,---,6,0,0,0,---,NO PLAY,---,10,0,0,0,---,NO PLAY,---,12,0,0,0,---,HARD CLEAR,---,0,0,0,0,---,NO PLAY,---,2026-09-16 19:26
Sparkle Shower,Bang Bang Dance,HARD DANCE,Nhato,0,0,0,0,0,---,NO PLAY,---,5,0,0,0,---,NO PLAY,---,9,0,0,0,---,NO PLAY,---,11,0,0,0,---,EX HARD CLEAR,---,0,0,0,0,---,NO PLAY,---,2026-09-16 19:26
Sparkle Shower,BattleRoyal,DUBSTEP,Blacklolita,0,0,0,0,0,---,NO PLAY,---,6,0,0,0,---,NO PLAY,---,9,0,0,0,---,NO PLAY,---,11,0,0,0,---,EX HARD CLEAR,---,0,0,0,0,---,NO PLAY,---,2026-09-16 19:26
Sparkle Shower,Begin,PSY-TRANCE,Whac-A-Me,0,0,0,0,0,---,NO PLAY,---,6,0,0,0,---,NO PLAY,---,10,0,0,0,---,FULLCOMBO CLEAR,---,12,0,0,0,---,HARD CLEAR,---,0,0,0,0,---,NO PLAY,---,2026-09-16 19:26
Sparkle Shower,BitRacer,FM JAZZY TECH,red glasses vs Ujico*,0,0,0,0,0,---,NO PLAY,---,6,0,0,0,---,NO PLAY,---,10,0,0,0,---,NO PLAY,---,12,0,0,0,---,HARD CLEAR,---,0,0,0,0,---,NO PLAY,---,2026-09-16 19:26
Sparkle Shower,Bloom,POP,Plantica,0,0,0,0,0,---,NO PLAY,---,5,0,0,0,---,NO PLAY,---,8,0,0,0,---,NO PLAY,---,10,0,0,0,---,EX HARD CLEAR,---,0,0,0,0,---,NO PLAY,---,2026-09-16 19:26
Sparkle Shower,blue anthem,TRIUMPHAL ANTHEM,OSTER project feat. 花たん,0,0,0,0,0,---,NO PLAY,---,5,0,0,0,---,NO PLAY,---,9,0,0,0,---,NO PLAY,---,11,0,0,0,---,EX HARD CLEAR,---,0,0,0,0,---,NO PLAY,---,2026-09-16 19:26
Sparkle Shower,Caramel Pain,J-POP,星街すいせい,0,0,0,0,0,---,NO PLAY,---,3,0,0,0,---,NO PLAY,---,6,0,0,0,---,NO PLAY,---,9,0,0,0,---,FULLCOMBO CLEAR,---,0,0,0,0,---,NO PLAY,---,2026-09-16 19:26
Sparkle Shower,Catch ya Getcha!,PSY-KECAK STYLE,Tanchiky,0,0,0,0,0,---,NO PLAY,---,5,0,0,0,---,NO PLAY,---,9,0,0,0,---,NO PLAY,---,11,0,0,0,---,EX HARD CLEAR,---,0,0,0,0,---,NO PLAY,---,2026-09-16 19:26
Sparkle Shower,chaplet -IIDX re:build-,FUTURISTIC 12 BEAT,BEMANI Sound Team "DJ TOTTO",0,0,0,0,0,---,NO PLAY,---,6,0,0,0,---,NO PLAY,---,10,0,0,0,---,EX HARD CLEAR,---,12,0,0,0,---,EX HARD CLEAR,---,0,0,0,0,---,NO PLAY,---,2026-09-16 19:26
Sparkle Shower,COLOR BURST,COLOR DANCE POP,Rainy。,0,0,0,0,0,---,NO PLAY,---,4,0,0,0,---,NO PLAY,---,7,0,0,0,---,NO PLAY,---,10,0,0,0,---,EX HARD CLEAR,---,0,0,0,0,---,NO PLAY,---,2026-09-16 19:26
Sparkle Shower,Countdown to Heaven or Hell,TECH TRANCE,BEMANI Sound Team "dj TAKA",0,0,0,0,0,---,NO PLAY,---,6,0,0,0,---,NO PLAY,---,9,0,0,0,---,NO PLAY,---,11,0,0,0,---,EX HARD CLEAR,---,0,0,0,0,---,NO PLAY,---,2026-09-16 19:26
Sparkle Shower,D.K.N. ON,HARDCORE,RoughSketch,0,0,0,0,0,---,NO PLAY,---,5,0,0,0,---,NO PLAY,---,9,0,0,0,---,NO PLAY,---,11,0,0,0,---,EX HARD CLEAR,---,0,0,0,0,---,NO PLAY,---,2026-09-16 19:26
Sparkle Shower,Digitized Ocean,SPED UP TECHNO,KARUT,0,0,0,0,0,---,NO PLAY,---,6,0,0,0,---,NO PLAY,---,10,0,0,0,---,NO PLAY,---,12,0,0,0,---,NO PLAY,---,0,0,0,0,---,NO PLAY,---,2026-09-16 19:26
Sparkle Shower,Disco Killer Music Lover,HARDCORE RAVE,Zekk,0,0,0,0,0,---,NO PLAY,---,6,0,0,0,---,NO PLAY,---,9,0,0,0,---,FULLCOMBO CLEAR,---,12,0,0,0,---,EX HARD CLEAR,---,0,0,0,0,---,NO PLAY,---,2026-09-16 19:26
Sparkle Shower,Dolphin Kick,AQUA FRONTIER,lapix,0,0,0,0,0,---,NO PLAY,---,7,0,0,0,---,NO PLAY,---,10,0,0,0,---,EX HARD CLEAR,---,12,0,0,0,---,HARD CLEAR,---,0,0,0,0,---,NO PLAY,---,2026-09-16 19:26
Sparkle Shower,Dusk Endir,CELTIC CORE,Nhato,0,0,0,0,0,---,NO PLAY,---,5,0,0,0,---,NO PLAY,---,10,0,0,0,---,EX HARD CLEAR,---,12,0,0,0,---,EX HARD CLEAR,---,0,0,0,0,---,NO PLAY,---,2026-09-16 19:26
Sparkle Shower,ESPRIT ONE,CYBER ROCK,SOUND HOLIC feat. STEVIE(44MAGNUM),0,0,0,0,0,---,NO PLAY,---,6,0,0,0,---,NO PLAY,---,9,0,0,0,---,NO PLAY,---,11,0,0,0,---,EX HARD CLEAR,---,0,0,0,0,---,NO PLAY,---,2026-09-16 19:26
Sparkle Shower,Fashion Fruit,STAR☆FRUIT,Tatsunoshin x Aira Arere,0,0,0,0,0,---,NO PLAY,---,5,0,0,0,---,NO PLAY,---,9,0,0,0,---,NO PLAY,---,11,0,0,0,---,EX HARD CLEAR,---,0,0,0,0,---,NO PLAY,---,2026-09-16 19:26
Sparkle Shower,fixer,DOUBLE DRIVE,PHQUASE vs. dj TAKA,0,0,0,0,0,---,NO PLAY,---,6,0,0,0,---,NO PLAY,---,10,0,0,0,---,NO PLAY,---,12,0,0,0,---,CLEAR,---,0,0,0,0,---,NO PLAY,---,2026-09-16 19:26
Sparkle Shower,FIZZY FIZZY POP,HAPPY HARDCORE,TORIENA,0,0,0,0,0,---,NO PLAY,---,4,0,0,0,---,NO PLAY,---,8,0,0,0,---,NO PLAY,---,10,0,0,0,---,FULLCOMBO CLEAR,---,0,0,0,0,---,NO PLAY,---,2026-09-16 19:26
Sparkle Shower,FiZZλ_POT!0N,超炭酸すぱしゃわコア,めめめ,0,0,0,0,0,---,NO PLAY,---,7,0,0,0,---,NO PLAY,---,10,0,0,0,---,EX HARD CLEAR,---,12,0,0,0,---,HARD CLEAR,---,0,0,0,0,---,NO PLAY,---,2026-09-16 19:26
Sparkle Shower,From Human Blood,ORBITALIC METAL STEP,BEMANI Sound Team "U1-ASAMi",0,0,0,0,0,---,NO PLAY,---,6,0,0,0,---,NO PLAY,---,10,0,0,0,---,NO PLAY,---,12,0,0,0,---,EX HARD CLEAR,---,0,0,0,0,---,NO PLAY,---,2026-09-16 19:26
Sparkle Shower,Funky Quirky,UPTEMPO ELECTRO FUNK,Dirty Androids,0,0,0,0,0,---,NO PLAY,---,5,0,0,0,---,NO PLAY,---,9,0,0,0,---,NO PLAY,---,11,0,0,0,---,EX HARD CLEAR,---,0,0,0,0,---,NO PLAY,---,2026-09-16 19:26
Sparkle Shower,Get Into The Groove feat.WaMi,Nu-NRG / FUTUREDISCO,DE DE MOUSE,0,0,0,0,0,---,NO PLAY,---,5,0,0,0,---,NO PLAY,---,7,0,0,0,---,NO PLAY,---,10,0,0,0,---,EX HARD CLEAR,---,0,0,0,0,---,NO PLAY,---,2026-09-16 19:26
Sparkle Shower,Gimme a Big Beat(青龍 Remix),HYPER DANCE SPEED,kors k Remixed by 青龍,0,0,0,0,0,---,NO PLAY,---,6,0,0,0,---,NO PLAY,---,10,0,0,0,---,HARD CLEAR,---,12,0,0,0,---,HARD CLEAR,---,0,0,0,0,---,NO PLAY,---,2026-09-16 19:26
Sparkle Shower,GO!,GLHF,Juggernaut.,0,0,0,0,0,---,NO PLAY,---,5,0,0,0,---,NO PLAY,---,9,0,0,0,---,NO PLAY,---,11,0,0,0,---,ASSIST CLEAR,---,0,0,0,0,---,NO PLAY,---,2026-09-16 19:26
Sparkle Shower,GOLD RUSH 2025,RECKLESS RAVE,Remixed by BEMANI Sound Team "めめめ" feat. beatnation Records,0,0,0,0,0,---,NO PLAY,---,5,0,0,0,---,NO PLAY,---,9,0,0,0,---,NO PLAY,---,11,0,0,0,---,FULLCOMBO CLEAR,---,0,0,0,0,---,NO PLAY,---,2026-09-16 19:26
Sparkle Shower,Hallucination,PSYCHEDELIC TRANCE,KO3 & Relect,0,0,0,0,0,---,NO PLAY,---,5,0,0,0,---,NO PLAY,---,9,0,0,0,---,NO PLAY,---,11,0,0,0,---,EX HARD CLEAR,---,0,0,0,0,---,NO PLAY,---,2026-09-16 19:26
Sparkle Shower,HEROES,HARD MIXTURE,ビートまりお Prod. by Yuta Imai & L.E.D.-G,0,0,0,0,0,---,NO PLAY,---,6,0,0,0,---,NO PLAY,---,10,0,0,0,---,NO PLAY,---,12,0,0,0,---,HARD CLEAR,---,0,0,0,0,---,NO PLAY,---,2026-09-16 19:26
Sparkle Shower,Ignited Night,HEAT UP,HHH,0,0,0,0,0,---,NO PLAY,---,6,0,0,0,---,NO PLAY,---,9,0,0,0,---,NO PLAY,---,11,0,0,0,---,FULLCOMBO CLEAR,---,0,0,0,0,---,NO PLAY,---,2026-09-16 19:26
Sparkle Shower,Iridescent Memories,SPARKLE SHOWER,Sparkle Sound Systems,0,0,0,0,0,---,NO PLAY,---,7,0,0,0,---,NO PLAY,---,10,0,0,0,---,NO PLAY,---,12,0,0,0,---,HARD CLEAR,---,0,0,0,0,---,NO PLAY,---,2026-09-16 19:26
Sparkle Shower,JUST SYNC ft.Kanae Asaba,80s SYNTH POWER POP,Xceon,1,0,0,0,0,---,NO PLAY,---,4,0,0,0,---,NO PLAY,---,7,0,0,0,---,NO PLAY,---,9,2046,1001,44,2,FULLCOMBO CLEAR,AAA,0,0,0,0,---,NO PLAY,---,2026-10-03 14:28
Sparkle Shower,Kick The Rainbow,HYPER CANDY RAVE,The 4th feat.TORIENA,0,0,0,0,0,---,NO PLAY,---,5,0,0,0,---,NO PLAY,---,9,0,0,0,---,NO PLAY,---,11,0,0,0,---,EX HARD CLEAR,---,0,0,0,0,---,NO PLAY,---,2026-09-16 19:26
Sparkle Shower,King of Tribe,ブレイクコア,Numb'n'dub,0,0,0,0,0,---,NO PLAY,---,6,0,0,0,---,NO PLAY,---,10,0,0,0,---,NO PLAY,---,12,0,0,0,---,CLEAR,---,0,0,0,0,---,NO PLAY,---,2026-09-16 19:26
Sparkle Shower,kors k's Let's make an Image Song!,CHANNEL K,kors k,0,0,0,0,0,---,NO PLAY,---,5,0,0,0,---,NO PLAY,---,8,0,0,0,---,NO PLAY,---,11,0,0,0,---,EX HARD CLEAR,---,0,0,0,0,---,NO PLAY,---,2026-09-16 19:26
Sparkle Shower,Last Card,BEBOP CORE,kors k,0,0,0,0,0,---,NO PLAY,---,6,0,0,0,---,NO PLAY,---,9,0,0,0,---,NO PLAY,---,11,0,0,0,---,EX HARD CLEAR,---,0,0,0,0,---,NO PLAY,---,2026-09-16 19:26
Sparkle Shower,LEMON MELON COOKIE,ボカロ,TAK feat.初音ミク,0,0,0,0,0,---,NO PLAY,---,4,0,0,0,---,NO PLAY,---,7,0,0,0,---,NO PLAY,---,9,0,0,0,---,FULLCOMBO CLEAR,---,0,0,0,0,---,NO PLAY,---,2026-09-16 19:26
Sparkle Shower,Limelight,CYBER LIQUIDFUNK,Maozon,0,0,0,0,0,---,NO PLAY,---,6,0,0,0,---,NO PLAY,---,10,0,0,0,---,NO PLAY,---,12,0,0,0,---,EX HARD CLEAR,---,0,0,0,0,---,NO PLAY,---,2026-09-16 19:26
Sparkle Shower,Lisa-RICCIA,HARD RENAISSANCE,DJ YOSHITAKA,0,0,0,0,0,---,NO PLAY,---,6,0,0,0,---,NO PLAY,---,10,0,0,0,---,EX HARD CLEAR,---,12,0,0,0,---,EX HARD CLEAR,---,12,0,0,0,---,HARD CLEAR,---,2026-09-16 19:26
Sparkle Shower,Makin' It,JUNGLE， DRUM N BASS,DJ RENA ,0,0,0,0,0,---,NO PLAY,---,6,0,0,0,---,NO PLAY,---,10,0,0,0,---,HARD CLEAR,---,12,0,0,0,---,HARD CLEAR,---,0,0,0,0,---,NO PLAY,---,2026-09-16 19:26
Sparkle Shower,Memoria Obscura,UNNAMED PROGRESSIVE,satella,0,0,0,0,0,---,NO PLAY,---,6,0,0,0,---,NO PLAY,---,10,0,0,0,---,EX HARD CLEAR,---,12,0,0,0,---,HARD CLEAR,---,0,0,0,0,---,NO PLAY,---,2026-09-16 19:26
Sparkle Shower,Mighty Beat Monsterz,HYBRID METALCORE,nora2r feat. Liqo & DD"ナカタ"Metal,0,0,0,0,0,---,NO PLAY,---,6,0,0,0,---,NO PLAY,---,10,0,0,0,---,NO PLAY,---,12,0,0,0,---,EX HARD CLEAR,---,0,0,0,0,---,NO PLAY,---,2026-09-16 19:26
Sparkle Shower,MOCHIMOCHI DREAMIN!!,オモチコア,nora2r × まろん feat. 和鳴るせ,0,0,0,0,0,---,NO PLAY,---,5,0,0,0,---,NO PLAY,---,8,0,0,0,---,NO PLAY,---,11,0,0,0,---,FULLCOMBO CLEAR,---,0,0,0,0,---,NO PLAY,---,2026-09-16 19:26
Sparkle Shower,Nemophila,EMOTIONAL FUTURE RIDDIM,TAN1CHU,0,0,0,0,0,---,NO PLAY,---,5,0,0,0,---,NO PLAY,---,9,0,0,0,---,EX HARD CLEAR,---,11,0,0,0,---,EX HARD CLEAR,---,0,0,0,0,---,NO PLAY,---,2026-09-16 19:26
Sparkle Shower,Nyan Nyan University ,MAJOR IN MEWOLOGY,Aice room,0,0,0,0,0,---,NO PLAY,---,5,0,0,0,---,NO PLAY,---,8,0,0,0,---,NO PLAY,---,10,0,0,0,---,FULLCOMBO CLEAR,---,0,0,0,0,---,NO PLAY,---,2026-09-16 19:26
Sparkle Shower,OMEGA,SYMPHONIC HARD TECHNO,Qlarabelle,0,0,0,0,0,---,NO PLAY,---,5,0,0,0,---,NO PLAY,---,10,0,0,0,---,FULLCOMBO CLEAR,---,12,0,0,0,---,HARD CLEAR,---,0,0,0,0,---,NO PLAY,---,2026-09-16 19:26
Sparkle Shower,PALETTE,BLUE CORE,lapix feat. 奈良ひより,0,0,0,0,0,---,NO PLAY,---,5,0,0,0,---,NO PLAY,---,8,0,0,0,---,NO PLAY,---,10,0,0,0,---,FULLCOMBO CLEAR,---,0,0,0,0,---,NO PLAY,---,2026-09-16 19:26
Sparkle Shower,PERFECT GREAT!!,SUPER ULTRA MIRACLE HAPPY HARDCORE,Zekk,0,0,0,0,0,---,NO PLAY,---,6,0,0,0,---,NO PLAY,---,10,0,0,0,---,NO PLAY,---,12,0,0,0,---,HARD CLEAR,---,0,0,0,0,---,NO PLAY,---,2026-09-16 19:26
Sparkle Shower,pique,MELODIOUS TECH,星野音楽工房,0,0,0,0,0,---,NO PLAY,---,5,0,0,0,---,NO PLAY,---,9,0,0,0,---,NO PLAY,---,11,0,0,0,---,EX HARD CLEAR,---,0,0,0,0,---,NO PLAY,---,2026-09-16 19:26
Sparkle Shower,RALLY '25,RALLY HARD TECHNO,Masayoshi Iimori,0,0,0,0,0,---,NO PLAY,---,6,0,0,0,---,NO PLAY,---,10,0,0,0,---,NO PLAY,---,12,0,0,0,---,EX HARD CLEAR,---,0,0,0,0,---,NO PLAY,---,2026-09-16 19:26
Sparkle Shower,REcorrection,フルフィーポップ,猫叉Master feat.常盤ゆう,0,0,0,0,0,---,NO PLAY,---,3,0,0,0,---,NO PLAY,---,6,0,0,0,---,NO PLAY,---,9,0,0,0,---,EX HARD CLEAR,---,0,0,0,0,---,NO PLAY,---,2026-09-16 19:26
Sparkle Shower,Regina vespaE,CYBER RENAISSANCE,KARUT,0,0,0,0,0,---,NO PLAY,---,6,0,0,0,---,NO PLAY,---,10,0,0,0,---,NO PLAY,---,12,0,0,0,---,HARD CLEAR,---,0,0,0,0,---,NO PLAY,---,2026-09-16 19:26
Sparkle Shower,RUINA,HARD PSY/SPEEDCORE,Dustup VS MAX MAXIMIZER,0,0,0,0,0,---,NO PLAY,---,6,0,0,0,---,CLEAR,---,10,0,0,0,---,EX HARD CLEAR,---,12,0,0,0,---,CLEAR,---,0,0,0,0,---,NO PLAY,---,2026-09-16 19:26
Sparkle Shower,Second Heaven(Mamonis Remix),HYPER BUCHIAGE TRANCE,Ryu☆ Remixed by Mamonis,0,0,0,0,0,---,NO PLAY,---,5,0,0,0,---,FULLCOMBO CLEAR,---,8,0,0,0,---,NO PLAY,---,11,0,0,0,---,EX HARD CLEAR,---,0,0,0,0,---,NO PLAY,---,2026-09-16 19:26
Sparkle Shower,SHINING☆DANCE,J ~RAVE,ハレトキドキ,0,0,0,0,0,---,NO PLAY,---,4,0,0,0,---,NO PLAY,---,7,0,0,0,---,NO PLAY,---,10,0,0,0,---,EX HARD CLEAR,---,0,0,0,0,---,NO PLAY,---,2026-09-16 19:26
Sparkle Shower,Shooting Star,DANCE POP,ReGLOSS,0,0,0,0,0,---,NO PLAY,---,4,0,0,0,---,NO PLAY,---,7,0,0,0,---,NO PLAY,---,10,0,0,0,---,FULLCOMBO CLEAR,---,0,0,0,0,---,NO PLAY,---,2026-09-16 19:26
Sparkle Shower,Show Time,HYBRID JERSY CLUB,MK&Kanae Asaba,0,0,0,0,0,---,NO PLAY,---,5,0,0,0,---,NO PLAY,---,7,0,0,0,---,NO PLAY,---,10,0,0,0,---,EX HARD CLEAR,---,0,0,0,0,---,NO PLAY,---,2026-09-16 19:26
Sparkle Shower,Signs and Wonders,PROJECT ZIRCON,ネオン(CV:藤川茜)、芽兎めう(CV:五十嵐裕美),0,0,0,0,0,---,NO PLAY,---,4,0,0,0,---,NO PLAY,---,7,0,0,0,---,NO PLAY,---,9,0,0,0,---,EX HARD CLEAR,---,0,0,0,0,---,NO PLAY,---,2026-09-16 19:26
Sparkle Shower,Skywalking,TRANCECORE,Nhato,0,0,0,0,0,---,NO PLAY,---,5,0,0,0,---,NO PLAY,---,7,0,0,0,---,NO PLAY,---,10,0,0,0,---,EX HARD CLEAR,---,0,0,0,0,---,NO PLAY,---,2026-09-16 19:26
Sparkle Shower,Smintheus,HAM PARADOX,TAN1CHU,0,0,0,0,0,---,NO PLAY,---,7,0,0,0,---,NO PLAY,---,10,0,0,0,---,NO PLAY,---,12,0,0,0,---,ASSIST CLEAR,---,0,0,0,0,---,NO PLAY,---,2026-09-16 19:26
Sparkle Shower,SnapSkipSpark,HAPPY BREAKCORE,Feryquitous,0,0,0,0,0,---,NO PLAY,---,5,0,0,0,---,NO PLAY,---,9,0,0,0,---,NO PLAY,---,11,0,0,0,---,EX HARD CLEAR,---,0,0,0,0,---,NO PLAY,---,2026-09-16 19:26
Sparkle Shower,Space Battleship S4TO,BIGCORE,BEMANI Sound Team "Captain Sonic",0,0,0,0,0,---,NO PLAY,---,7,0,0,0,---,NO PLAY,---,10,0,0,0,---,NO PLAY,---,12,0,0,0,---,EX HARD CLEAR,---,0,0,0,0,---,NO PLAY,---,2026-09-16 19:26
Sparkle Shower,SPLASH!!!!!!!!!,DRUM'N'BASS / HAPPY HARDCORE,Yuta Imai,0,0,0,0,0,---,NO PLAY,---,5,0,0,0,---,NO PLAY,---,8,0,0,0,---,NO PLAY,---,10,0,0,0,---,FULLCOMBO CLEAR,---,0,0,0,0,---,NO PLAY,---,2026-09-16 19:26
Sparkle Shower,Substance,PSYTECH FULL ON,BEMANI Sound Team "めめめ",0,0,0,0,0,---,NO PLAY,---,5,0,0,0,---,NO PLAY,---,8,0,0,0,---,NO PLAY,---,11,0,0,0,---,EX HARD CLEAR,---,0,0,0,0,---,NO PLAY,---,2026-09-16 19:26
Sparkle Shower,super double play sessions,TECH SPEED,D.J.Amuro,0,0,0,0,0,---,NO PLAY,---,7,0,0,0,---,NO PLAY,---,10,0,0,0,---,NO PLAY,---,12,0,0,0,---,NO PLAY,---,0,0,0,0,---,NO PLAY,---,2026-09-16 19:26
Sparkle Shower,THUNDERSTRIKE,LIGHTNING Hi-TECH,BlackY feat. Risa Yuzuki,0,0,0,0,0,---,NO PLAY,---,6,0,0,0,---,NO PLAY,---,10,0,0,0,---,NO PLAY,---,12,0,0,0,---,EX HARD CLEAR,---,0,0,0,0,---,NO PLAY,---,2026-09-16 19:26
Sparkle Shower,TOKAKU=ALMiRAJ,ORIENTAL MIRAGE,MYUKKE.,0,0,0,0,0,---,NO PLAY,---,5,0,0,0,---,NO PLAY,---,9,0,0,0,---,NO PLAY,---,11,0,0,0,---,EX HARD CLEAR,---,0,0,0,0,---,NO PLAY,---,2026-09-16 19:26
Sparkle Shower,UNDO THE NIGHT,EUROBEAT,葛城ユイ feat. Command (Eurobeat Union),0,0,0,0,0,---,NO PLAY,---,5,0,0,0,---,NO PLAY,---,9,0,0,0,---,NO PLAY,---,12,0,0,0,---,HARD CLEAR,---,0,0,0,0,---,NO PLAY,---,2026-09-16 19:26
Sparkle Shower,Vitamin,SPEED HOUSE,BlackY,0,0,0,0,0,---,NO PLAY,---,6,0,0,0,---,NO PLAY,---,9,0,0,0,---,NO PLAY,---,11,0,0,0,---,EX HARD CLEAR,---,0,0,0,0,---,NO PLAY,---,2026-09-16 19:26
Sparkle Shower,voice of echo.,HYPERTRANCE,crayvxn,0,0,0,0,0,---,NO PLAY,---,5,0,0,0,---,NO PLAY,---,9,0,0,0,---,NO PLAY,---,11,0,0,0,---,EX HARD CLEAR,---,0,0,0,0,---,NO PLAY,---,2026-09-16 19:26
Sparkle Shower,Watermelon Explosion,EXPLO POP,YUC'e,0,0,0,0,0,---,NO PLAY,---,4,0,0,0,---,NO PLAY,---,8,0,0,0,---,NO PLAY,---,10,0,0,0,---,FULLCOMBO CLEAR,---,0,0,0,0,---,NO PLAY,---,2026-09-16 19:26
Sparkle Shower,Wizards!,JAPANESE ALTERNATIVE ROCK,暁Records,0,0,0,0,0,---,NO PLAY,---,4,0,0,0,---,NO PLAY,---,8,0,0,0,---,NO PLAY,---,10,0,0,0,---,EX HARD CLEAR,---,0,0,0,0,---,NO PLAY,---,2026-09-16 19:26
Sparkle Shower,X-Plan,DIGITAL ROCK,Tom-H@ck feat.Nadia,0,0,0,0,0,---,NO PLAY,---,4,0,0,0,---,NO PLAY,---,7,0,0,0,---,NO PLAY,---,10,0,0,0,---,EX HARD CLEAR,---,0,0,0,0,---,NO PLAY,---,2026-09-16 19:26
Sparkle Shower,Τeλοs,幻想音樂,BEMANI Sound Team "HuΣeR" feat.ゆきまめ,0,0,0,0,0,---,NO PLAY,---,5,0,0,0,---,NO PLAY,---,9,0,0,0,---,NO PLAY,---,11,0,0,0,---,EX HARD CLEAR,---,0,0,0,0,---,NO PLAY,---,2026-09-16 19:26
Sparkle Shower,ιgniЯRuina,PSALMS OF ASHES,xi feat. Risa Yuzuki,0,0,0,0,0,---,NO PLAY,---,6,0,0,0,---,NO PLAY,---,10,0,0,0,---,EX HARD CLEAR,---,12,0,0,0,---,HARD CLEAR,---,0,0,0,0,---,NO PLAY,---,2026-09-16 19:26
Sparkle Shower,⁽⁽ଘ( ˙꒳˙ )ଓ⁾⁾ beyond reason,ROMANTIC SCHOOL VARIATIONS,Ice vs BEMANI Sound Team "dj TAKA",0,0,0,0,0,---,NO PLAY,---,6,0,0,0,---,NO PLAY,---,10,0,0,0,---,EX HARD CLEAR,---,12,0,0,0,---,HARD CLEAR,---,0,0,0,0,---,NO PLAY,---,2026-09-16 19:26
Sparkle Shower,かわいいだけじゃだめですか？,IIDX EDITION,Remixed by BEMANI Sound Team "L.E.D.-G" feat. 佐伯伊織,0,0,0,0,0,---,NO PLAY,---,5,0,0,0,---,NO PLAY,---,8,0,0,0,---,NO PLAY,---,10,0,0,0,---,EX HARD CLEAR,---,12,0,0,0,---,HARD CLEAR,---,2026-09-16 19:26
Sparkle Shower,じぇりー じゅえる ジャングル,PARADISE POP,SOUND HOLIC feat. Nana Takahashi,0,0,0,0,0,---,NO PLAY,---,6,0,0,0,---,NO PLAY,---,9,0,0,0,---,NO PLAY,---,11,0,0,0,---,EX HARD CLEAR,---,0,0,0,0,---,NO PLAY,---,2026-09-16 19:26
Sparkle Shower,それが、ボクの使命～レスキュー隊長 メンキュー～,EMERGENCY CORE,TORIENA,0,0,0,0,0,---,NO PLAY,---,4,0,0,0,---,NO PLAY,---,8,0,0,0,---,NO PLAY,---,10,0,0,0,---,EX HARD CLEAR,---,0,0,0,0,---,NO PLAY,---,2026-09-16 19:26
Sparkle Shower,でんぱ どりる わんにゃー☆三,HEISEI POP,キノシタ feat. 重音テト,0,0,0,0,0,---,NO PLAY,---,5,0,0,0,---,NO PLAY,---,9,0,0,0,---,NO PLAY,---,11,0,0,0,---,EX HARD CLEAR,---,0,0,0,0,---,NO PLAY,---,2026-09-16 19:26
Sparkle Shower,もんめためたもん,ALIEN IDOL CORE,OSTER project feat. ずんだもん ＆ 四国めたん,0,0,0,0,0,---,NO PLAY,---,4,0,0,0,---,NO PLAY,---,8,0,0,0,---,NO PLAY,---,10,0,0,0,---,EX HARD CLEAR,---,0,0,0,0,---,NO PLAY,---,2026-09-16 19:26
Sparkle Shower,オーバーライド,IIDX EDITION,Remixed by Pizuya's Cell,0,0,0,0,0,---,NO PLAY,---,5,0,0,0,---,NO PLAY,---,9,0,0,0,---,NO PLAY,---,11,0,0,0,---,FULLCOMBO CLEAR,---,0,0,0,0,---,NO PLAY,---,2026-09-16 19:26
Sparkle Shower,キミとえがくキセキ,POP ROCK,BEMANI Sound Team "akYm" feat.maimie,0,0,0,0,0,---,NO PLAY,---,5,0,0,0,---,NO PLAY,---,7,0,0,0,---,NO PLAY,---,10,0,0,0,---,EX HARD CLEAR,---,0,0,0,0,---,NO PLAY,---,2026-09-16 19:26
Sparkle Shower,クレッシェンド,CLASSICAL,Virtuoso,0,0,0,0,0,---,NO PLAY,---,7,0,0,0,---,NO PLAY,---,9,0,0,0,---,NO PLAY,---,12,0,0,0,---,HARD CLEAR,---,0,0,0,0,---,NO PLAY,---,2026-09-16 19:26
Sparkle Shower,サタデーナイト☆ギャロップ,OVERTURE,俺たち度胸兄弟,0,0,0,0,0,---,NO PLAY,---,7,0,0,0,---,NO PLAY,---,10,0,0,0,---,NO PLAY,---,12,0,0,0,---,HARD CLEAR,---,0,0,0,0,---,NO PLAY,---,2026-09-16 19:26
Sparkle Shower,タンポポ,ROCK,豚乙女,0,0,0,0,0,---,NO PLAY,---,6,0,0,0,---,NO PLAY,---,9,0,0,0,---,NO PLAY,---,11,0,0,0,---,EX HARD CLEAR,---,0,0,0,0,---,NO PLAY,---,2026-09-16 19:26
Sparkle Shower,デラむぅのでらっくす☆どり～むぅ,だんすむぅ～じっく,デラむぅと BEMANI Sound Team "TATSUYA"お兄さん,0,0,0,0,0,---,NO PLAY,---,4,0,0,0,---,NO PLAY,---,7,0,0,0,---,NO PLAY,---,10,0,0,0,---,FULLCOMBO CLEAR,---,0,0,0,0,---,NO PLAY,---,2026-09-16 19:26
Sparkle Shower,バブリン,J-POP,HIMEHINA,0,0,0,0,0,---,NO PLAY,---,4,0,0,0,---,NO PLAY,---,7,0,0,0,---,NO PLAY,---,10,0,0,0,---,FULLCOMBO CLEAR,---,0,0,0,0,---,NO PLAY,---,2026-09-16 19:26
Sparkle Shower,ビビッド ☆+*。キラキライム,ハピコア,Machico,0,0,0,0,0,---,NO PLAY,---,6,0,0,0,---,NO PLAY,---,9,0,0,0,---,NO PLAY,---,12,0,0,0,---,EX HARD CLEAR,---,0,0,0,0,---,NO PLAY,---,2026-09-16 19:26
Sparkle Shower,ベラ・ベ・カラベラ,TERRORCORE/RAP,Fra Prod. by RoughSketch,0,0,0,0,0,---,NO PLAY,---,6,0,0,0,---,NO PLAY,---,9,0,0,0,---,FULLCOMBO CLEAR,---,11,0,0,0,---,EX HARD CLEAR,---,0,0,0,0,---,NO PLAY,---,2026-09-16 19:26
Sparkle Shower,ベンガル vs. アムール Battle,BOLLYWOOD CORE,OSTER project,0,0,0,0,0,---,NO PLAY,---,6,0,0,0,---,NO PLAY,---,10,0,0,0,---,EX HARD CLEAR,---,12,0,0,0,---,EX HARD CLEAR,---,0,0,0,0,---,NO PLAY,---,2026-09-16 19:26
Sparkle Shower,メテオラ-meteor-,DANCE POP,森羅万象,0,0,0,0,0,---,NO PLAY,---,5,0,0,0,---,NO PLAY,---,9,0,0,0,---,NO PLAY,---,11,0,0,0,---,EX HARD CLEAR,---,0,0,0,0,---,NO PLAY,---,2026-09-16 19:26
Sparkle Shower,ラブコメトキドキシリアス,Hi-ROM COM,cosMo＠暴走P & L.E.D.-G,0,0,0,0,0,---,NO PLAY,---,7,0,0,0,---,NO PLAY,---,10,0,0,0,---,EX HARD CLEAR,---,12,0,0,0,---,EX HARD CLEAR,---,0,0,0,0,---,NO PLAY,---,2026-09-16 19:26
Sparkle Shower,レシピのリドル,ガールズティーパーティー,音戯探偵ひなビタ,0,0,0,0,0,---,NO PLAY,---,4,0,0,0,---,NO PLAY,---,7,0,0,0,---,FULLCOMBO CLEAR,---,10,0,0,0,---,FULLCOMBO CLEAR,---,0,0,0,0,---,NO PLAY,---,2026-09-16 19:26
Sparkle Shower,三日天下モンキー,太閤ヒップホップ,秀よし君,0,0,0,0,0,---,NO PLAY,---,4,0,0,0,---,NO PLAY,---,8,0,0,0,---,NO PLAY,---,11,0,0,0,---,HARD CLEAR,---,0,0,0,0,---,NO PLAY,---,2026-09-16 19:26
Sparkle Shower,不死身ごっこ,ボカロ,ピノキオピー,0,0,0,0,0,---,NO PLAY,---,5,0,0,0,---,NO PLAY,---,7,0,0,0,---,NO PLAY,---,10,0,0,0,---,EX HARD CLEAR,---,0,0,0,0,---,NO PLAY,---,2026-09-16 19:26
Sparkle Shower,夏色のセレナーデ,OMOIDE CORE,BEMANI Sound Team "KE!JU",0,0,0,0,0,---,NO PLAY,---,5,0,0,0,---,NO PLAY,---,8,0,0,0,---,NO PLAY,---,10,0,0,0,---,EX HARD CLEAR,---,0,0,0,0,---,NO PLAY,---,2026-09-16 19:26
Sparkle Shower,夢色ワンダー,J-POP,hololive IDOL PROJECT,1,0,0,0,0,---,NO PLAY,---,6,0,0,0,---,NO PLAY,---,9,0,0,0,---,NO PLAY,---,11,3066,1479,108,7,EX HARD CLEAR,AAA,0,0,0,0,---,NO PLAY,---,2026-10-03 15:14
Sparkle Shower,好吃来世deエレクトリック,ALTERNATIVE,中山真斗 feat. CHAN,0,0,0,0,0,---,NO PLAY,---,4,0,0,0,---,NO PLAY,---,7,0,0,0,---,NO PLAY,---,10,0,0,0,---,FULLCOMBO CLEAR,---,0,0,0,0,---,NO PLAY,---,2026-09-16 19:26
Sparkle Shower,恋愛観測,HAPPY LOVEGAZER,NU-KO,0,0,0,0,0,---,NO PLAY,---,4,0,0,0,---,NO PLAY,---,8,0,0,0,---,NO PLAY,---,10,0,0,0,---,EX HARD CLEAR,---,0,0,0,0,---,NO PLAY,---,2026-09-16 19:26
Sparkle Shower,断罪のミメシス,JUDGEMENT SYMPHONIC SPEEDCORE,KE!JU,0,0,0,0,0,---,NO PLAY,---,6,0,0,0,---,FULLCOMBO CLEAR,---,10,0,0,0,---,NO PLAY,---,12,0,0,0,---,CLEAR,---,0,0,0,0,---,NO PLAY,---,2026-09-16 19:26
Sparkle Shower,月下繚乱,CYBER YAMATO,Julianne,0,0,0,0,0,---,NO PLAY,---,5,0,0,0,---,NO PLAY,---,9,0,0,0,---,NO PLAY,---,11,0,0,0,---,EX HARD CLEAR,---,0,0,0,0,---,NO PLAY,---,2026-09-16 19:26
Sparkle Shower,煉獄コンフィチュール,ROCK,Pizuya's Cell,0,0,0,0,0,---,NO PLAY,---,5,0,0,0,---,NO PLAY,---,9,0,0,0,---,NO PLAY,---,11,0,0,0,---,EX HARD CLEAR,---,0,0,0,0,---,NO PLAY,---,2026-09-16 19:26
Sparkle Shower,百恋ラブラスター,KAWAII POP,irucaice feat. ななひら,0,0,0,0,0,---,NO PLAY,---,4,0,0,0,---,NO PLAY,---,8,0,0,0,---,NO PLAY,---,10,0,0,0,---,EX HARD CLEAR,---,0,0,0,0,---,NO PLAY,---,2026-09-16 19:26
Sparkle Shower,色を喪った街,GREY DISTRICT,かめりあ feat. かめりあ,0,0,0,0,0,---,NO PLAY,---,6,0,0,0,---,NO PLAY,---,10,0,0,0,---,NO PLAY,---,12,0,0,0,---,ASSIST CLEAR,---,0,0,0,0,---,NO PLAY,---,2026-09-16 19:26
Sparkle Shower,華麗なる！音戯探偵ひなビタ,オトギタンテイ,音戯探偵ひなビタ,0,0,0,0,0,---,NO PLAY,---,5,0,0,0,---,NO PLAY,---,8,0,0,0,---,EX HARD CLEAR,---,11,0,0,0,---,EX HARD CLEAR,---,0,0,0,0,---,NO PLAY,---,2026-09-16 19:26
Sparkle Shower,鏡像都市,CYBER METROPOLIS,BEMANI Sound Team "劇団レコード" feat.T4K,0,0,0,0,0,---,NO PLAY,---,4,0,0,0,---,NO PLAY,---,7,0,0,0,---,NO PLAY,---,9,0,0,0,---,FULLCOMBO CLEAR,---,0,0,0,0,---,NO PLAY,---,2026-09-16 19:26
Sparkle Shower,閃と雷管とロープ,PIANO ROCK,めと（Metomate）,0,0,0,0,0,---,NO PLAY,---,5,0,0,0,---,NO PLAY,---,8,0,0,0,---,FULLCOMBO CLEAR,---,11,0,0,0,---,EX HARD CLEAR,---,0,0,0,0,---,NO PLAY,---,2026-09-16 19:26
ZINRAI,9-1,HARD DANCE,めめめ,2,0,0,0,0,---,NO PLAY,---,7,0,0,0,---,NO PLAY,---,10,0,0,0,---,NO PLAY,---,11,2974,1398,178,5,EX HARD CLEAR,AAA,0,0,0,0,---,NO PLAY,---,2026-10-03 14:55
ZINRAI,BENiZAKURA,ENERGETIC JAPANESQUE,BlackY,1,0,0,0,0,---,NO PLAY,---,5,0,0,0,---,NO PLAY,---,9,0,0,0,---,NO PLAY,---,11,2496,1158,180,12,EX HARD CLEAR,AAA,0,0,0,0,---,NO PLAY,---,2026-09-16 19:50
ZINRAI,Citroforte,HYPERTRANCE,REMO-CON,1,0,0,0,0,---,NO PLAY,---,6,0,0,0,---,NO PLAY,---,10,1979,938,103,2,EX HARD CLEAR,AAA,12,0,0,0,---,NO PLAY,---,0,0,0,0,---,NO PLAY,---,2026-09-16 21:00
ZINRAI,DEADRABBIT!!,DJENTLE ZAAGBREAKSTEP,Hylen feat. DJ 14 (SCRATCHING),2,0,0,0,0,---,NO PLAY,---,6,0,0,0,---,NO PLAY,---,10,1955,881,193,12,EX HARD CLEAR,AAA,12,0,0,0,---,NO PLAY,---,0,0,0,0,---,NO PLAY,---,2026-10-03 14:44
ZINRAI,Deathstalker,BREAKCORE,Zekk,1,0,0,0,0,---,NO PLAY,---,6,0,0,0,---,NO PLAY,---,10,1959,929,101,2,EX HARD CLEAR,AAA,12,0,0,0,---,NO PLAY,---,0,0,0,0,---,NO PLAY,---,2026-09-16 21:09
ZINRAI,Dying 4 U,JERSEY FUTURE CORE,EmoCosine,1,0,0,0,0,---,NO PLAY,---,5,0,0,0,---,NO PLAY,---,9,0,0,0,---,NO PLAY,---,11,2485,1184,117,16,EX HARD CLEAR,AAA,0,0,0,0,---,NO PLAY,---,2026-09-16 20:07
ZINRAI,Ex-Otogibanashi,アニメ,ryo (supercell) / かぐや(cv.夏吉ゆうこ) & 月見ヤチヨ(cv.早見沙織) from 超かぐや姫！,0,0,0,0,0,---,NO PLAY,---,3,0,0,0,---,NO PLAY,---,6,0,0,0,---,NO PLAY,---,10,0,0,0,---,EX HARD CLEAR,---,0,0,0,0,---,NO PLAY,---,2026-09-16 19:26
ZINRAI,GENERATED GRID,TECH CORE,Sota Fujimori,1,0,0,0,0,---,NO PLAY,---,5,0,0,0,---,NO PLAY,---,9,0,0,0,---,NO PLAY,---,11,2830,1351,128,6,EX HARD CLEAR,AAA,0,0,0,0,---,NO PLAY,---,2026-09-16 20:15
ZINRAI,Mellow Diary,IVORY BASS,YUC'e,3,0,0,0,0,---,NO PLAY,---,5,0,0,0,---,NO PLAY,---,8,0,0,0,---,NO PLAY,---,10,2019,990,39,2,EX HARD CLEAR,AAA,0,0,0,0,---,NO PLAY,---,2026-10-03 15:04
ZINRAI,Memorylust,HARDCORE,nora2r,2,0,0,0,0,---,NO PLAY,---,5,0,0,0,---,NO PLAY,---,9,0,0,0,---,NO PLAY,---,11,2533,1186,161,12,EX HARD CLEAR,AAA,0,0,0,0,---,NO PLAY,---,2026-09-16 20:39
ZINRAI,NOMAD (feat. らっぷびと),HIPHOP,魂音泉,2,0,0,0,0,---,NO PLAY,---,4,0,0,0,---,NO PLAY,---,8,0,0,0,---,NO PLAY,---,10,2178,1035,108,8,EX HARD CLEAR,AAA,0,0,0,0,---,NO PLAY,---,2026-10-03 14:47
ZINRAI,OTOROSHI,ORIENTAL HARDPSY,影虎。,1,0,0,0,0,---,NO PLAY,---,5,0,0,0,---,NO PLAY,---,9,1813,868,77,0,FULLCOMBO CLEAR,AAA,12,0,0,0,---,NO PLAY,---,0,0,0,0,---,NO PLAY,---,2026-09-16 21:06
ZINRAI,PISTOL SWORD,HYBRID BREAKS,KARUT,1,0,0,0,0,---,NO PLAY,---,6,0,0,0,---,NO PLAY,---,9,0,0,0,---,NO PLAY,---,11,2468,1154,160,6,EX HARD CLEAR,AAA,0,0,0,0,---,NO PLAY,---,2026-09-16 19:57
ZINRAI,Rise Beyond,TRANCE,Taishi,1,0,0,0,0,---,NO PLAY,---,5,0,0,0,---,NO PLAY,---,8,0,0,0,---,NO PLAY,---,10,2228,1071,86,2,EX HARD CLEAR,AAA,0,0,0,0,---,NO PLAY,---,2026-09-16 20:12
ZINRAI,Samurai Sword,DUBSTEP,Dubscribe,1,0,0,0,0,---,NO PLAY,---,4,0,0,0,---,NO PLAY,---,8,0,0,0,---,NO PLAY,---,10,1929,921,87,4,EX HARD CLEAR,AAA,0,0,0,0,---,NO PLAY,---,2026-09-16 20:21
ZINRAI,Shogun's Last Dawn ft. Kanae Asaba,HYPER ENKA POP,Xceon,1,0,0,0,0,---,NO PLAY,---,5,0,0,0,---,NO PLAY,---,9,0,0,0,---,NO PLAY,---,11,2566,1197,172,12,EX HARD CLEAR,AAA,0,0,0,0,---,NO PLAY,---,2026-09-16 20:27
ZINRAI,Singularity Girl,STYLISH FUTURE,HuΣeR,1,0,0,0,0,---,NO PLAY,---,5,0,0,0,---,NO PLAY,---,9,0,0,0,---,NO PLAY,---,11,2641,1255,131,5,EX HARD CLEAR,AAA,0,0,0,0,---,NO PLAY,---,2026-09-16 20:09
ZINRAI,Spark Rush,TECH TRANCE,Nhato,1,0,0,0,0,---,NO PLAY,---,5,0,0,0,---,NO PLAY,---,9,0,0,0,---,NO PLAY,---,11,2346,1102,142,10,EX HARD CLEAR,AAA,0,0,0,0,---,NO PLAY,---,2026-09-16 20:31
ZINRAI,TEKNO KEISER,DEATH TEKNO,STEVIE(Trymatic)/Nana Takahashi Prod. by L.E.D.,1,0,0,0,0,---,NO PLAY,---,6,0,0,0,---,NO PLAY,---,10,2278,1090,98,0,FULLCOMBO CLEAR,AAA,12,0,0,0,---,NO PLAY,---,0,0,0,0,---,NO PLAY,---,2026-09-16 21:11
ZINRAI,ΛИ0MΛLY,PROGRESSIVE METAL,Yvya,1,0,0,0,0,---,NO PLAY,---,6,0,0,0,---,NO PLAY,---,10,2199,1033,133,4,EX HARD CLEAR,AAA,12,0,0,0,---,NO PLAY,---,0,0,0,0,---,NO PLAY,---,2026-09-16 21:14
ZINRAI,でぃすこみゅーたんと！,ボカロ,ナユタン星人,1,0,0,0,0,---,NO PLAY,---,4,0,0,0,---,NO PLAY,---,8,0,0,0,---,NO PLAY,---,10,2216,1086,44,4,EX HARD CLEAR,AAA,0,0,0,0,---,NO PLAY,---,2026-09-16 20:45
ZINRAI,ギミギミエンターテイメント,J-POP,hololive IDOL PROJECT,2,0,0,0,0,---,NO PLAY,---,5,0,0,0,---,NO PLAY,---,7,0,0,0,---,NO PLAY,---,10,2823,1374,75,5,EX HARD CLEAR,AAA,0,0,0,0,---,NO PLAY,---,2026-10-03 14:41
ZINRAI,ダダダダダル,エレクトロ,雨良 Amala feat.初音ミク、重音テト,3,0,0,0,0,---,NO PLAY,---,3,0,0,0,---,NO PLAY,---,6,0,0,0,---,NO PLAY,---,9,1704,825,54,0,FULLCOMBO CLEAR,AAA,0,0,0,0,---,NO PLAY,---,2026-10-03 14:34
ZINRAI,デラむぅのでらっくす☆かるた ～NOTES・CHORD・PEAK編～,ぽっぷむぅ～じっく,デラむぅとのらつーあーる,3,0,0,0,0,---,NO PLAY,---,5,0,0,0,---,NO PLAY,---,9,0,0,0,---,NO PLAY,---,11,2241,1061,119,5,EX HARD CLEAR,AAA,0,0,0,0,---,NO PLAY,---,2026-10-03 14:57
ZINRAI,フランケンシュタインの怪物,J-POP,HIMEHINA,1,0,0,0,0,---,NO PLAY,---,5,0,0,0,---,NO PLAY,---,8,0,0,0,---,NO PLAY,---,10,1944,951,42,1,EX HARD CLEAR,AAA,0,0,0,0,---,NO PLAY,---,2026-09-16 20:47
ZINRAI,メルト CPK! Remix (初音ミク ver.),アニメ／ボーカロイド／J-POP,ryo (supercell),1,0,0,0,0,---,NO PLAY,---,4,0,0,0,---,NO PLAY,---,8,0,0,0,---,NO PLAY,---,11,2764,1339,86,7,EX HARD CLEAR,AAA,0,0,0,0,---,NO PLAY,---,2026-09-16 20:50
ZINRAI,ラブパラ,J-POP・VOCALOID,DECO*27,2,0,0,0,0,---,NO PLAY,---,4,0,0,0,---,NO PLAY,---,8,0,0,0,---,NO PLAY,---,10,2328,1124,80,2,EX HARD CLEAR,AAA,0,0,0,0,---,NO PLAY,---,2026-10-03 15:00
ZINRAI,九十九ノ恋結ビ,和風歌謡電子恋歌,irucaice feat. あやぽんず＊ (森羅万象),1,0,0,0,0,---,NO PLAY,---,5,0,0,0,---,NO PLAY,---,9,0,0,0,---,NO PLAY,---,11,2504,1197,110,9,EX HARD CLEAR,AAA,0,0,0,0,---,NO PLAY,---,2026-09-16 20:33
ZINRAI,倍倍FIGHT!,IIDX EDITION,Remixed by L.E.D.-G feat. 佐伯伊織,2,0,0,0,0,---,NO PLAY,---,4,0,0,0,---,NO PLAY,---,7,0,0,0,---,NO PLAY,---,10,2117,1029,59,5,EX HARD CLEAR,AAA,0,0,0,0,---,NO PLAY,---,2026-09-16 22:19
ZINRAI,夜叉ノ魂,BATTLE SWORD,劇団レコード feat.T4K,1,0,0,0,0,---,NO PLAY,---,6,0,0,0,---,NO PLAY,---,9,0,0,0,---,NO PLAY,---,11,2518,1190,138,11,EX HARD CLEAR,AAA,0,0,0,0,---,NO PLAY,---,2026-09-16 20:57
ZINRAI,悪ジ狂キ,DJENT/UK INDUSTRIAL/RAP,RoughSkreamZ feat. Fra,2,0,0,0,0,---,NO PLAY,---,6,0,0,0,---,NO PLAY,---,9,0,0,0,---,NO PLAY,---,11,2603,1252,99,10,EX HARD CLEAR,AAA,0,0,0,0,---,NO PLAY,---,2026-09-16 22:22
ZINRAI,斎戒,ORIENTAL,satella,1,0,0,0,0,---,NO PLAY,---,6,0,0,0,---,NO PLAY,---,10,1855,883,89,5,EX HARD CLEAR,AAA,12,0,0,0,---,NO PLAY,---,0,0,0,0,---,NO PLAY,---,2026-09-16 21:18
ZINRAI,映夢雪花抄,EPHEMERAL ROCK,めと（Metomate）,1,0,0,0,0,---,NO PLAY,---,4,0,0,0,---,NO PLAY,---,8,0,0,0,---,NO PLAY,---,10,2106,1010,86,2,EX HARD CLEAR,AAA,0,0,0,0,---,NO PLAY,---,2026-09-16 20:36
ZINRAI,月下散刄,ORBITALIC MOON REQUIEM,U1 overground,1,0,0,0,0,---,NO PLAY,---,7,0,0,0,---,NO PLAY,---,10,1761,832,97,3,EX HARD CLEAR,AAA,12,0,0,0,---,NO PLAY,---,0,0,0,0,---,NO PLAY,---,2026-09-16 21:21
ZINRAI,泡沫と月,JAPANESE PIANO ROCK,xi feat. Risa Yuzuki,1,0,0,0,0,---,NO PLAY,---,5,0,0,0,---,NO PLAY,---,8,0,0,0,---,NO PLAY,---,10,2299,1084,131,2,EX HARD CLEAR,AAA,0,0,0,0,---,NO PLAY,---,2026-09-16 20:24
ZINRAI,雷霆の如し,TECH SPEED,dj TAKA,1,0,0,0,0,---,NO PLAY,---,5,0,0,0,---,NO PLAY,---,8,0,0,0,---,NO PLAY,---,11,2693,1234,225,5,EX HARD CLEAR,AAA,0,0,0,0,---,NO PLAY,---,2026-09-16 21:02
ZINRAI,霹靂,EUPHORIC HARDSTYLE,Yuta Imai,1,0,0,0,0,---,NO PLAY,---,4,0,0,0,---,NO PLAY,---,7,0,0,0,---,NO PLAY,---,10,2221,1054,113,2,EX HARD CLEAR,AAA,0,0,0,0,---,NO PLAY,---,2026-09-16 21:26
